CustomerID,Recency,Frequency,Monetary,AvgOrderValue,UniqueProducts,CustomerTenureDays,R_Score,F_Score,M_Score,RFM_Score,Monetary_log,Frequency_log,Cluster,Segment,Churned,Monetary_actual,Frequency_actual
12346,326,12,29730.420199999626,6463.038333333334,27,726,2,5,5,12,10.299959684780548,2.5649493574615367,2,VIP,1,77556.46,12
12347,2,8,5633.32,704.1650000000001,126,404,5,4,5,14,8.63663174483544,2.1972245773362196,2,VIP,0,5633.32,8
12348,75,5,2019.4,403.88,25,438,3,4,4,11,7.6110507905938976,1.791759469228055,1,Regular,0,2019.4,5
12349,19,4,4428.69,1107.1725000000001,138,589,5,3,5,13,8.39608488316401,1.6094379124341003,1,Regular,0,4428.69,4
12350,310,1,334.4,334.40000000000003,17,310,2,1,2,5,5.815323849389109,0.6931471805599453,3,New Customer,1,334.4,1
12351,375,1,300.93,300.93,21,375,2,1,2,5,5.710195202428391,0.6931471805599453,0,Lost,1,300.93,1
12352,36,10,2849.84,284.98400000000004,70,393,4,5,4,13,7.9553689666784315,2.3978952727983707,1,Regular,0,2849.84,10
12353,204,2,406.76,203.38,23,409,2,2,2,6,6.010678766031786,1.0986122886681096,3,New Customer,1,406.76,2
12354,232,1,1079.4,1079.3999999999999,58,232,2,1,3,6,6.985086621918461,0.6931471805599453,3,New Customer,1,1079.4,1
12355,214,2,947.61,473.80499999999995,35,568,2,2,3,7,6.854997755239065,1.0986122886681096,3,New Customer,1,947.61,2
12356,23,6,6373.68,1062.28,104,425,4,4,5,13,8.76008917268833,1.9459101490553132,1,Regular,0,6373.68,6
12357,33,3,18287.66,6095.886666666666,261,389,4,3,5,12,9.814036474622236,1.3862943611198906,1,Regular,0,18287.66,3
12358,2,5,3887.07,777.4140000000001,56,732,5,4,5,14,8.265668169533484,1.791759469228055,1,Regular,0,3887.07,5
12359,58,10,8935.94,893.5940000000003,305,734,4,5,5,14,9.097948527696552,2.3978952727983707,2,VIP,0,8935.94,10
12360,52,8,4252.89,531.61125,160,656,4,4,5,13,8.355589137409874,2.1972245773362196,1,Regular,0,4252.89,8
12361,287,4,511.25,127.81249999999999,18,682,2,3,2,7,6.238812787119009,1.6094379124341003,4,At Risk,1,511.25,4
12362,3,11,5356.23,486.92999999999995,201,739,5,5,5,15,8.586202329437555,2.4849066497880004,2,VIP,0,5356.23,11
12363,110,2,552.0,276.0,23,242,3,2,2,7,6.315358001522335,1.0986122886681096,3,New Customer,0,552.0,2
12364,8,4,1313.1,328.27500000000003,70,112,5,3,4,12,7.180907299649593,1.6094379124341003,1,Regular,0,1313.1,4
12365,291,2,641.38,320.68999999999994,22,291,2,2,3,7,6.465180028897591,1.0986122886681096,4,At Risk,1,641.38,2
12366,634,1,500.24,500.24,3,634,1,1,2,4,6.217085028297085,0.6931471805599453,0,Lost,1,500.24,1
12367,4,1,168.9,168.89999999999998,11,4,5,1,1,7,5.135210028677887,0.6931471805599453,3,New Customer,0,168.9,1
12368,628,1,917.6999999999999,917.6999999999999,18,628,1,1,3,5,6.822959627277421,0.6931471805599453,0,Lost,1,917.6999999999999,1
12369,413,3,1791.15,597.05,90,642,1,3,4,8,7.491171295388921,1.3862943611198906,4,At Risk,1,1791.15,3
12370,51,7,4320.31,617.1871428571428,168,669,4,4,5,13,8.371313876010715,2.0794415416798357,1,Regular,0,4320.31,7
12371,45,5,4067.38,813.476,134,645,4,4,5,13,8.31100016480189,1.791759469228055,1,Regular,0,4067.38,5
12372,72,3,1298.04,432.68000000000006,34,297,3,3,4,10,7.169380809114136,1.3862943611198906,1,Regular,0,1298.04,3
12373,311,3,1127.65,375.8833333333334,36,674,2,3,3,8,7.028777507229587,1.3862943611198906,4,At Risk,1,1127.65,3
12374,25,4,2989.2200000000003,747.3050000000001,79,588,4,3,5,12,8.003102242273277,1.6094379124341003,1,Regular,0,2989.2200000000003,4
12375,11,2,457.5,228.75,14,98,5,2,2,9,6.127960291696519,1.0986122886681096,3,New Customer,0,457.5,2
12376,390,2,503.15,251.57500000000002,11,418,2,2,2,6,6.222873842839224,1.0986122886681096,4,At Risk,1,503.15,2
12377,315,4,3426.32,856.5799999999999,129,589,2,3,5,10,8.139533893646055,1.6094379124341003,4,At Risk,1,3426.32,4
12378,130,2,5416.32,2708.16,281,562,3,2,5,10,8.597356507200939,1.0986122886681096,1,Regular,0,5416.32,2
12379,82,4,1620.22,405.055,58,535,3,3,4,10,7.390934231218893,1.6094379124341003,1,Regular,0,1620.22,4
12380,22,11,9676.300000000001,879.6636363636363,156,663,4,5,5,14,9.177538215743802,2.4849066497880004,2,VIP,0,9676.300000000001,11
12381,5,5,1845.31,369.06200000000007,70,120,5,4,4,13,7.520944331624911,1.791759469228055,1,Regular,0,1845.31,5
12383,185,5,1850.56,370.112,84,352,3,4,4,11,7.523783805985769,1.791759469228055,1,Regular,1,1850.56,5
12384,29,2,585.27,292.63500000000005,26,122,4,2,2,8,6.373780434317173,1.0986122886681096,3,New Customer,0,585.27,2
12385,379,1,1938.4,1938.3999999999999,65,379,2,1,4,7,7.570133925870446,0.6931471805599453,4,At Risk,1,1938.4,1
12386,338,2,660.8,330.4,10,367,2,2,3,7,6.4949633954875114,1.0986122886681096,4,At Risk,1,660.8,2
12387,415,1,143.94,143.94,9,415,1,1,1,3,4.976319863681136,0.6931471805599453,0,Lost,1,143.94,1
12388,16,8,3901.11,487.63875,83,582,5,4,5,14,8.269272711457157,2.1972245773362196,1,Regular,0,3901.11,8
12389,403,3,1433.33,477.77666666666664,41,656,2,3,4,9,7.268453120207761,1.3862943611198906,4,At Risk,1,1433.33,3
12390,80,1,549.84,549.84,32,80,3,1,2,6,6.311444385858925,0.6931471805599453,3,New Customer,0,549.84,1
12391,22,6,2773.42,462.2366666666667,241,663,4,4,4,12,7.928196995326099,1.9459101490553132,1,Regular,0,2773.42,6
12392,591,1,234.75000000000003,234.75000000000003,7,591,1,1,1,3,5.462771921513567,0.6931471805599453,0,Lost,1,234.75000000000003,1
12393,72,6,2399.4500000000003,399.9083333333333,63,428,3,4,4,11,7.783411498760109,1.9459101490553132,1,Regular,0,2399.4500000000003,6
12394,64,2,1272.48,636.24,26,217,3,2,4,9,7.149508589545504,1.0986122886681096,1,Regular,0,1272.48,2
12395,19,15,5067.27,337.81800000000004,145,603,5,5,5,15,8.53075481547577,2.772588722239781,2,VIP,0,5067.27,15
12396,674,1,931.43,931.4300000000001,65,674,1,1,3,5,6.837794081676172,0.6931471805599453,0,Lost,1,931.43,1
12397,36,2,2409.9,1204.9500000000003,110,135,4,2,4,10,7.7877554007552545,1.0986122886681096,1,Regular,0,2409.9,2
12398,46,1,1635.6599999999999,1635.6599999999999,85,46,4,1,4,9,7.4004128587924045,0.6931471805599453,3,New Customer,0,1635.6599999999999,1
12399,119,7,1962.3,280.3285714285715,67,645,3,4,4,11,7.582382009904704,2.0794415416798357,1,Regular,0,1962.3,7
12400,414,1,205.25,205.25,11,414,1,1,1,3,5.32908902521479,0.6931471805599453,0,Lost,1,205.25,1
12401,303,1,84.3,84.3,5,303,2,1,1,4,4.446174454497633,0.6931471805599453,0,Lost,1,84.3,1
12402,323,6,1256.9,209.48333333333338,43,671,2,4,4,10,7.137198942844827,1.9459101490553132,4,At Risk,1,1256.9,6
12403,50,2,1019.36,509.68000000000006,5,522,4,2,3,9,6.927910785185701,1.0986122886681096,3,New Customer,0,1019.36,2
12404,682,1,63.24,63.24,1,682,1,1,1,3,4.162626069638506,0.6931471805599453,0,Lost,1,63.24,1
12405,149,1,1710.39,1710.3900000000003,54,149,3,1,4,8,7.445061184797548,0.6931471805599453,3,New Customer,0,1710.39,1
12406,22,5,6390.36,1278.072,114,697,4,4,5,13,8.762702357276806,1.791759469228055,1,Regular,0,6390.36,5
12407,50,5,1708.1200000000001,341.6239999999999,57,264,4,4,4,12,7.4437338971514055,1.791759469228055,1,Regular,0,1708.1200000000001,5
12408,33,8,4340.7699999999995,542.5962499999999,104,498,4,4,5,13,8.37603737805411,2.1972245773362196,1,Regular,0,4340.7699999999995,8
12409,79,7,23419.29,3345.6128571428567,177,565,3,4,5,12,10.061358019654037,2.0794415416798357,2,VIP,0,23419.29,7
12410,309,3,1013.71,337.90333333333336,36,502,2,3,3,8,6.9223581363660704,1.3862943611198906,4,At Risk,1,1013.71,3
12411,410,1,346.9,346.9,22,410,2,1,2,5,5.8519150821578965,0.6931471805599453,0,Lost,1,346.9,1
12412,75,6,2596.93,432.8216666666667,82,539,3,4,4,11,7.862470253064629,1.9459101490553132,1,Regular,0,2596.93,6
12413,67,4,999.45,249.8625,41,402,3,3,3,9,6.908205177762502,1.6094379124341003,1,Regular,0,999.45,4
12414,217,6,952.41,158.735,21,464,2,4,3,9,6.860045031492727,1.9459101490553132,1,Regular,1,952.41,6
12415,24,28,29730.420199999626,5159.2275,498,528,4,5,5,14,10.299959684780548,3.367295829986474,2,VIP,0,144458.37,28
12416,657,1,202.56,202.56,11,657,1,1,1,3,5.315960801720632,0.6931471805599453,0,Lost,1,202.56,1
12417,3,20,6816.91,340.8455,270,734,5,5,5,15,8.827308252258714,3.044522437723423,2,VIP,0,6816.91,20
12418,113,4,2021.2,505.3,90,630,3,3,4,10,7.6119413066572985,1.6094379124341003,1,Regular,0,2021.2,4
12419,386,2,503.01,251.505,23,414,2,2,2,6,6.222596109144375,1.0986122886681096,4,At Risk,1,503.01,2
12420,64,1,600.39,600.3900000000001,29,64,3,1,2,6,6.3992436425478765,0.6931471805599453,3,New Customer,0,600.39,1
12421,16,6,1098.6,183.10000000000002,44,505,5,4,3,12,7.00270175629109,1.9459101490553132,1,Regular,0,1098.6,6
12422,96,17,5231.8,307.75294117647064,137,722,3,5,5,13,8.562701786647002,2.8903717578961645,2,VIP,0,5231.8,17
12423,1,10,2622.39,262.239,128,466,5,5,4,14,7.872222653526559,2.3978952727983707,1,Regular,0,2622.39,10
12424,163,4,3340.03,835.0074999999999,78,548,3,3,5,11,8.114034421663943,1.6094379124341003,1,Regular,0,3340.03,4
12425,78,2,1741.41,870.7049999999999,87,448,3,2,4,9,7.4630244913725114,1.0986122886681096,1,Regular,0,1741.41,2
12426,195,2,1345.21,672.605,73,663,2,2,4,8,7.205048515865767,1.0986122886681096,4,At Risk,1,1345.21,2
12427,22,3,1129.3,376.4333333333334,26,372,4,3,3,10,7.030238363196686,1.3862943611198906,1,Regular,0,1129.3,3
12428,26,9,7956.46,884.0511111111111,258,284,4,5,5,14,8.981865132439246,2.302585092994046,2,VIP,0,7956.46,9
12429,9,8,7485.91,935.73875,124,546,5,4,5,14,8.920911441322318,2.1972245773362196,2,VIP,0,7485.91,8
12430,43,1,256.4,256.4,11,43,4,1,1,6,5.5506312951620265,0.6931471805599453,3,New Customer,0,256.4,1
12431,36,27,10857.97,402.1470370370371,244,694,4,5,5,14,9.292746745527754,3.332204510175204,2,VIP,0,10857.97,27
12432,43,5,5059.32,1011.8639999999998,107,172,4,4,5,13,8.529185001388596,1.791759469228055,1,Regular,0,5059.32,5
12433,1,10,20581.26,2058.126,285,477,5,5,5,15,9.93218481871349,2.3978952727983707,2,VIP,0,20581.26,10
12434,85,3,1103.43,367.8100000000001,62,381,3,3,3,9,7.007084643758051,1.3862943611198906,1,Regular,0,1103.43,3
12435,80,6,13925.93,2320.9883333333332,88,737,3,4,5,12,9.541579654832375,1.9459101490553132,2,VIP,0,13925.93,6
12436,100,1,509.01,509.01000000000005,16,100,3,1,2,6,6.234430333369278,0.6931471805599453,3,New Customer,0,509.01,1
12437,2,39,12683.4,325.21538461538466,273,737,5,5,5,15,9.44812817095412,3.6888794541139363,2,VIP,0,12683.4,39
12438,14,2,2906.85,1453.4250000000002,84,140,5,2,4,11,7.9751692554798295,1.0986122886681096,1,Regular,0,2906.85,2
12439,683,2,1158.18,579.09,69,726,1,2,3,6,7.055468137579511,1.0986122886681096,4,At Risk,1,1158.18,2
12440,462,2,859.2,429.59999999999997,21,718,1,2,3,6,6.757164920349636,1.0986122886681096,4,At Risk,1,859.2,2
12441,367,1,347.1,347.1,11,367,2,1,2,5,5.8524897948173935,0.6931471805599453,0,Lost,1,347.1,1
12442,3,1,172.06,172.06,12,3,5,1,1,7,5.153638355178593,0.6931471805599453,3,New Customer,0,172.06,1
12443,726,1,485.31,485.31,21,732,1,1,2,4,6.186846280636522,0.6931471805599453,0,Lost,1,485.31,1
12444,21,5,5005.46,1001.092,138,171,4,4,5,13,8.518484357502437,1.791759469228055,1,Regular,0,5005.46,5
12445,22,2,434.98,217.49,24,421,4,2,2,8,6.077596370737269,1.0986122886681096,3,New Customer,0,434.98,2
12446,58,1,1002.3100000000001,1002.3100000000001,57,58,4,1,3,8,6.9110598129904375,0.6931471805599453,3,New Customer,0,1002.3100000000001,1
12447,243,1,476.49,476.49,26,243,2,1,2,5,6.168543217293113,0.6931471805599453,3,New Customer,1,476.49,1
12448,44,1,449.45,449.4500000000001,22,44,4,1,2,7,6.110247083097449,0.6931471805599453,3,New Customer,0,449.45,1
12449,22,6,4835.89,805.9816666666666,125,439,4,4,5,13,8.484027231195778,1.9459101490553132,1,Regular,0,4835.89,6
12450,156,5,688.2,137.64000000000001,31,474,3,4,3,10,6.5355315046537745,1.791759469228055,1,Regular,0,688.2,5
12451,11,8,12669.88,1583.7350000000001,352,529,5,4,5,14,9.447061726309741,2.1972245773362196,2,VIP,0,12669.88,8
12452,17,2,430.57,215.285,21,17,5,2,2,9,6.067429722163682,1.0986122886681096,3,New Customer,0,430.57,2
12453,134,1,707.09,707.0899999999999,43,134,3,1,3,7,6.562571204258897,0.6931471805599453,3,New Customer,0,707.09,1
12454,56,5,16679.78,3335.9559999999997,24,421,4,4,5,13,9.72201243740933,1.791759469228055,2,VIP,0,16679.78,5
12455,73,10,5879.95,587.995,199,722,3,5,5,13,8.679473592468364,2.3978952727983707,2,VIP,0,5879.95,10
12456,44,3,3181.04,1060.3466666666666,105,255,4,3,5,12,8.065277779528966,1.3862943611198906,1,Regular,0,3181.04,3
12457,66,8,2995.91,374.48875,63,435,3,4,5,12,8.005337036835723,2.1972245773362196,1,Regular,0,2995.91,8
12458,71,4,1777.49,444.37249999999995,71,488,3,3,4,10,7.483519968656931,1.6094379124341003,1,Regular,0,1777.49,4
12459,605,1,454.36,454.3599999999999,23,605,1,1,2,4,6.121088314901487,0.6931471805599453,0,Lost,1,454.36,1
12460,456,1,326.65,326.65,18,456,1,1,2,4,5.791945965485506,0.6931471805599453,0,Lost,1,326.65,1
12461,94,2,826.88,413.44,35,155,3,2,3,8,6.718868216346018,1.0986122886681096,3,New Customer,0,826.88,2
12462,19,2,1189.59,594.7950000000001,51,303,5,2,3,10,7.082204261557526,1.0986122886681096,1,Regular,0,1189.59,2
12463,53,4,1344.78,336.19500000000005,65,242,4,3,4,11,7.204729049594601,1.6094379124341003,1,Regular,0,1344.78,4
12464,10,8,1212.05,151.50625,6,309,5,4,3,12,7.100893128209941,2.1972245773362196,1,Regular,0,1212.05,8
12465,17,2,742.1899999999999,371.095,46,169,5,2,3,10,6.610951732080795,1.0986122886681096,3,New Customer,0,742.1899999999999,2
12466,682,1,56.73,56.73,1,682,1,1,1,3,4.055776969072842,0.6931471805599453,0,Lost,1,56.73,1
12467,423,1,132.8,132.8,9,423,1,1,1,3,4.896346147694128,0.6931471805599453,0,Lost,1,132.8,1
12468,188,5,3670.74,734.1479999999999,127,683,3,4,5,12,8.208420943133293,1.791759469228055,1,Regular,1,3670.74,5
12469,523,2,3070.54,1535.27,76,537,1,2,5,8,8.029934343472139,1.0986122886681096,4,At Risk,1,3070.54,2
12470,690,1,211.95,211.95,23,690,1,1,1,3,5.3610573963692225,0.6931471805599453,0,Lost,1,211.95,1
12471,2,46,29730.420199999626,505.8707594936709,255,733,5,5,5,15,10.299959684780548,3.8501476017100584,2,VIP,0,39963.79,79
12472,32,19,17880.59,941.0836842105265,397,726,4,5,5,14,9.791526970948304,2.995732273553991,2,VIP,0,17880.59,19
12473,29,5,3938.5499999999997,787.71,140,192,4,4,5,13,8.278821782571185,1.791759469228055,1,Regular,0,3938.5499999999997,5
12474,17,31,12424.45,400.7887096774194,369,667,5,5,5,15,9.427502067612823,3.4657359027997265,2,VIP,0,12424.45,31
12475,54,2,1149.64,574.82,54,410,4,2,3,9,7.048073588295634,1.0986122886681096,3,New Customer,0,1149.64,2
12476,16,23,14115.41,613.7134782608696,358,502,5,5,5,15,9.555093229428618,3.1780538303479458,2,VIP,0,14115.41,23
12477,23,9,20276.37,2252.93,295,623,4,5,5,14,9.917260764877222,2.302585092994046,2,VIP,0,20276.37,9
12478,4,1,680.99,680.9900000000001,36,4,5,1,3,9,6.525014994979364,0.6931471805599453,3,New Customer,0,680.99,1
12479,11,1,527.2,527.2,31,11,5,1,2,8,6.269474999863032,0.6931471805599453,3,New Customer,0,527.2,1
12480,28,7,5464.85,780.6928571428572,177,507,4,4,5,13,8.606274923740443,2.0794415416798357,1,Regular,0,5464.85,7
12481,23,15,12361.39,824.0926666666667,248,607,4,5,5,14,9.422414078014738,2.772588722239781,2,VIP,0,12361.39,15
12482,576,29,23691.4,816.944827586207,42,654,1,5,5,11,10.072909600590481,3.4011973816621555,2,VIP,1,23691.4,29
12483,17,19,5120.58,269.5042105263158,68,677,5,5,5,15,8.541218264178296,2.995732273553991,2,VIP,0,5120.58,19
12484,33,12,6370.15,530.8458333333333,329,681,4,5,5,14,8.759535266023915,2.5649493574615367,2,VIP,0,6370.15,12
12485,529,1,708.1,708.1000000000001,34,529,1,1,3,5,6.563996560309951,0.6931471805599453,0,Lost,1,708.1,1
12486,432,1,1037.28,1037.2800000000002,49,432,1,1,3,5,6.945320776868279,0.6931471805599453,4,At Risk,1,1037.28,1
12487,726,1,285.29999999999995,285.29999999999995,2,731,1,1,1,3,5.657040212104069,0.6931471805599453,0,Lost,1,285.29999999999995,1
12488,10,3,1298.66,432.88666666666677,46,76,5,3,4,12,7.169857970780942,1.3862943611198906,1,Regular,0,1298.66,3
12489,336,1,334.93,334.92999999999995,15,336,2,1,2,5,5.816902804925467,0.6931471805599453,0,Lost,1,334.93,1
12490,5,21,9823.64,467.79238095238094,195,738,5,5,5,15,9.192648794844782,3.091042453358316,2,VIP,0,9823.64,21
12491,39,1,460.40000000000003,460.40000000000003,25,39,4,1,2,7,6.134265345739653,0.6931471805599453,3,New Customer,0,460.40000000000003,1
12492,63,3,715.21,238.40333333333334,38,403,3,3,3,9,6.573973420047142,1.3862943611198906,3,New Customer,0,715.21,3
12493,166,2,433.74,216.87,20,197,3,2,2,7,6.0747481512447195,1.0986122886681096,3,New Customer,0,433.74,2
12494,16,9,1872.8700000000001,208.09666666666664,83,576,5,5,4,14,7.535761090061292,2.302585092994046,1,Regular,0,1872.8700000000001,9
12495,641,1,357.4,357.4,17,641,1,1,2,4,5.881649681100775,0.6931471805599453,0,Lost,1,357.4,1
12496,620,2,54.09,27.045,10,620,1,2,1,4,4.008968211484625,1.0986122886681096,0,Lost,1,54.09,2
12497,82,3,6248.5,2082.8333333333335,41,645,3,3,5,11,8.740256739530276,1.3862943611198906,1,Regular,0,6248.5,3
12498,21,3,403.70000000000005,134.56666666666666,21,58,4,3,2,9,6.00314605188182,1.3862943611198906,3,New Customer,0,403.70000000000005,3
12499,560,1,393.72,393.71999999999997,27,560,1,1,2,4,5.9781766527810465,0.6931471805599453,0,Lost,1,393.72,1
12500,23,19,5955.21,313.4321052631579,88,673,4,5,5,14,8.692189651745124,2.995732273553991,2,VIP,0,5955.21,19
12501,337,1,2169.39,2169.3900000000003,149,337,2,1,4,7,7.682662153888476,0.6931471805599453,4,At Risk,1,2169.39,1
12502,96,5,3723.87,744.774,102,310,3,4,5,12,8.222787230875806,1.791759469228055,1,Regular,0,3723.87,5
12503,584,1,1126.0,1126.0,2,584,1,1,3,5,7.027314514039777,0.6931471805599453,4,At Risk,1,1126.0,1
12504,18,4,779.05,194.76250000000002,11,597,5,3,3,11,6.659358020193259,1.6094379124341003,1,Regular,0,779.05,4
12505,409,1,955.2,955.1999999999999,42,409,2,1,3,6,6.862967096192003,0.6931471805599453,4,At Risk,1,955.2,1
12506,233,1,73.5,73.50000000000001,23,233,2,1,1,4,4.310799125385514,0.6931471805599453,3,New Customer,1,73.5,1
12507,134,4,1844.06,461.015,46,585,3,3,4,10,7.520267076271057,1.6094379124341003,1,Regular,0,1844.06,4
12508,26,2,398.27,199.135,57,29,4,2,2,8,5.989637879766574,1.0986122886681096,3,New Customer,0,398.27,2
12509,284,1,176.5,176.5,7,284,2,1,1,4,5.178970608915471,0.6931471805599453,3,New Customer,1,176.5,1
12510,143,9,5178.02,575.3355555555556,94,735,3,5,5,13,8.552371128165808,2.302585092994046,2,VIP,0,5178.02,9
12511,429,1,3084.02,3084.0200000000004,190,429,1,1,5,7,8.034313419300645,0.6931471805599453,4,At Risk,1,3084.02,1
12512,66,2,138.03,69.015,31,66,3,2,1,6,4.9346897371814515,1.0986122886681096,3,New Customer,0,138.03,2
12513,113,1,612.29,612.2900000000001,35,113,3,1,2,6,6.418837907265026,0.6931471805599453,3,New Customer,0,612.29,1
12514,267,2,1597.76,798.8800000000001,76,642,2,2,4,8,7.3769836077601205,1.0986122886681096,4,At Risk,1,1597.76,2
12515,353,1,383.7,383.70000000000005,16,353,2,1,2,5,5.95246380975825,0.6931471805599453,0,Lost,1,383.7,1
12516,78,4,2648.62,662.1550000000001,49,599,3,3,4,10,7.882171512471631,1.6094379124341003,1,Regular,0,2648.62,4
12517,28,5,2502.84,500.56800000000004,232,190,4,4,4,12,7.825580832414862,1.791759469228055,1,Regular,0,2502.84,5
12518,1,5,2056.89,411.378,84,110,5,4,4,13,7.629436465014086,1.791759469228055,1,Regular,0,2056.89,5
12519,64,2,726.54,363.27,34,477,3,2,3,8,6.589668980352017,1.0986122886681096,3,New Customer,0,726.54,2
12520,79,5,2634.26,526.8520000000001,121,274,3,4,4,11,7.876737127834484,1.791759469228055,1,Regular,0,2634.26,5
12521,143,1,599.68,599.68,38,143,3,1,2,6,6.39806234681208,0.6931471805599453,3,New Customer,0,599.68,1
12522,39,2,192.72,96.36000000000001,11,51,4,2,1,7,5.266413817535028,1.0986122886681096,3,New Customer,0,192.72,2
12523,19,23,4372.15,190.09347826086955,176,732,5,5,5,15,8.383238852219565,3.1780538303479458,2,VIP,0,4372.15,23
12524,9,17,11126.11,654.4770588235294,157,669,5,5,5,15,9.317139751972052,2.8903717578961645,2,VIP,0,11126.11,17
12525,498,3,973.73,324.5766666666667,56,647,1,3,3,7,6.882160509570649,1.3862943611198906,4,At Risk,1,973.73,3
12526,1,3,1316.66,438.88666666666677,64,94,5,3,4,12,7.183612715167257,1.3862943611198906,1,Regular,0,1316.66,3
12527,82,5,735.51,147.102,26,529,3,4,3,10,6.601922813543027,1.791759469228055,1,Regular,0,735.51,5
12528,9,6,1933.48,322.2466666666667,50,313,5,4,4,13,7.567593835498341,1.9459101490553132,1,Regular,0,1933.48,6
12529,528,1,316.48,316.47999999999996,21,528,1,1,2,4,5.760414824222675,0.6931471805599453,0,Lost,1,316.48,1
12530,60,9,3759.26,417.6955555555556,94,642,3,5,5,13,8.232243382929433,2.302585092994046,1,Regular,0,3759.26,9
12531,15,2,1933.2,966.6,126,686,5,2,4,11,7.567449083282863,1.0986122886681096,1,Regular,0,1933.2,2
12532,30,1,349.83000000000004,349.83000000000004,16,30,4,1,2,7,5.860301775655642,0.6931471805599453,3,New Customer,0,349.83000000000004,1
12533,628,2,1367.89,683.945,63,739,1,2,4,7,7.221755471439273,1.0986122886681096,4,At Risk,1,1367.89,2
12534,131,1,1089.18,1089.18,63,131,3,1,3,7,6.9940980992041535,0.6931471805599453,3,New Customer,0,1089.18,1
12535,92,2,716.35,358.175,28,187,3,2,3,8,6.575563866544399,1.0986122886681096,3,New Customer,0,716.35,2
12536,43,3,12601.830000000002,4200.610000000001,260,59,4,3,5,12,9.441676670894656,1.3862943611198906,1,Regular,0,12601.830000000002,3
12537,409,1,732.94,732.94,43,409,2,1,3,6,6.598427281404094,0.6931471805599453,4,At Risk,1,732.94,1
12538,29,2,640.45,320.22499999999997,33,378,4,2,3,9,6.463731238695349,1.0986122886681096,3,New Customer,0,640.45,2
12539,22,7,11214.75,1602.107142857143,276,716,4,4,5,13,9.325074319439649,2.0794415416798357,2,VIP,0,11214.75,7
12540,20,33,22254.49,674.3784848484847,354,732,4,5,5,14,10.010343998731724,3.5263605246161616,2,VIP,0,22254.49,33
12541,30,3,981.18,327.06000000000006,46,281,4,3,3,10,6.889774590946187,1.3862943611198906,1,Regular,0,981.18,3
12542,484,2,481.88,240.94,39,640,1,2,2,5,6.179768175579484,1.0986122886681096,4,At Risk,1,481.88,2
12543,448,1,980.25,980.25,43,448,1,1,3,5,6.888827269096618,0.6931471805599453,4,At Risk,1,980.25,1
12544,36,1,372.7,372.70000000000005,19,36,4,1,2,7,5.923453336491439,0.6931471805599453,3,New Customer,0,372.7,1
12545,75,2,1000.39,500.195,42,260,3,2,3,8,6.9091443138264115,1.0986122886681096,3,New Customer,0,1000.39,2
12546,47,2,1161.5,580.75,59,78,4,2,3,9,7.058328137461511,1.0986122886681096,1,Regular,0,1161.5,2
12547,198,3,383.58,127.85999999999997,13,500,2,3,2,7,5.952151829722441,1.3862943611198906,3,New Customer,1,383.58,3
12548,166,1,95.19999999999999,95.19999999999999,5,166,3,1,1,5,4.566429357671661,0.6931471805599453,3,New Customer,0,95.19999999999999,1
12549,576,6,1575.68,262.6133333333333,38,698,1,4,4,9,7.363076649441731,1.9459101490553132,4,At Risk,1,1575.68,6
12550,79,1,964.83,964.83,57,79,3,1,3,7,6.872987835288763,0.6931471805599453,3,New Customer,0,964.83,1
12551,358,1,168.0,168.0,10,358,2,1,1,4,5.1298987149230735,0.6931471805599453,0,Lost,1,168.0,1
12552,39,2,437.82,218.91,20,40,4,2,2,8,6.084089306213804,1.0986122886681096,3,New Customer,0,437.82,2
12553,8,12,4608.75,384.0625,109,423,5,5,5,15,8.435928904585275,2.5649493574615367,2,VIP,0,4608.75,12
12554,449,1,468.5,468.5,26,449,1,1,2,4,6.1516682986483175,0.6931471805599453,0,Lost,1,468.5,1
12555,682,1,129.23,129.23,1,682,1,1,1,3,4.869302117979612,0.6931471805599453,0,Lost,1,129.23,1
12556,50,2,603.71,301.85499999999996,100,151,4,2,2,8,6.404749004268278,1.0986122886681096,3,New Customer,0,603.71,2
12557,16,8,18716.14,2339.5175000000004,15,723,5,4,5,14,9.837194960582092,2.1972245773362196,2,VIP,0,18716.14,8
12558,8,1,269.96,269.96000000000004,11,8,5,1,1,7,5.601971208509516,0.6931471805599453,3,New Customer,0,269.96,1
12559,311,2,561.71,280.85499999999996,21,320,2,2,2,6,6.33276439774036,1.0986122886681096,4,At Risk,1,561.71,2
12560,5,3,2134.01,711.3366666666667,91,143,5,3,4,12,7.666226609492505,1.3862943611198906,1,Regular,0,2134.01,3
12561,303,1,238.85,238.85,16,303,2,1,1,4,5.480013727948073,0.6931471805599453,0,Lost,1,238.85,1
12562,8,9,4966.92,551.88,113,435,5,5,5,15,8.510756520424078,2.302585092994046,2,VIP,0,4966.92,9
12563,409,1,249.24,249.24,13,409,2,1,1,4,5.522420457356946,0.6931471805599453,0,Lost,1,249.24,1
12564,261,1,456.9,456.90000000000003,21,261,2,1,2,5,6.12665081966305,0.6931471805599453,3,New Customer,1,456.9,1
12565,289,1,145.92,145.92000000000002,9,289,2,1,1,4,4.989888220951467,0.6931471805599453,0,Lost,1,145.92,1
12566,86,1,351.65,351.65,19,86,3,1,2,6,5.865476063654188,0.6931471805599453,3,New Customer,0,351.65,1
12567,23,15,13709.86,913.9906666666667,365,667,4,5,5,14,9.525943498524859,2.772588722239781,2,VIP,0,13709.86,15
12568,645,1,70.0,70.0,5,645,1,1,1,3,4.2626798770413155,0.6931471805599453,0,Lost,1,70.0,1
12569,2,32,4124.69,128.89656250000002,92,252,5,5,5,15,8.324988557507531,3.4965075614664802,2,VIP,0,4124.69,32
12570,682,1,77.52,77.52,1,682,1,1,1,3,4.3633533694082605,0.6931471805599453,0,Lost,1,77.52,1
12571,40,2,519.61,259.805,31,122,4,2,2,8,6.255001200981438,1.0986122886681096,3,New Customer,0,519.61,2
12572,9,2,1020.42,510.21,53,52,5,2,3,10,6.928949094989139,1.0986122886681096,3,New Customer,0,1020.42,2
12573,227,5,717.41,143.48200000000003,107,465,2,4,3,9,6.577040436712936,1.791759469228055,1,Regular,1,717.41,5
12574,316,1,218.45,218.45000000000002,11,316,2,1,1,4,5.391124416134243,0.6931471805599453,0,Lost,1,218.45,1
12575,457,2,622.8199999999999,311.40999999999997,34,527,1,2,3,6,6.435861865217934,1.0986122886681096,4,At Risk,1,622.8199999999999,2
12576,36,8,2142.72,267.84,114,526,4,4,4,12,7.670297916647234,2.1972245773362196,1,Regular,0,2142.72,8
12577,35,8,1653.75,206.71875,259,736,4,4,4,12,7.4114052189990325,2.1972245773362196,1,Regular,0,1653.75,8
12578,21,4,4642.45,1160.6125000000002,149,444,4,3,5,12,8.443212903418239,1.6094379124341003,1,Regular,0,4642.45,4
12579,78,1,440.42,440.41999999999996,29,78,3,1,2,6,6.0899968031722285,0.6931471805599453,3,New Customer,0,440.42,1
12580,247,2,1052.9,526.45,52,577,2,2,3,7,6.960252847939891,1.0986122886681096,4,At Risk,1,1052.9,2
12581,40,1,197.71,197.70999999999998,15,40,4,1,1,6,5.291846475417725,0.6931471805599453,3,New Customer,0,197.71,1
12582,239,4,1980.4,495.1,88,578,2,3,4,9,7.59155894453893,1.6094379124341003,1,Regular,1,1980.4,4
12583,3,27,14447.44,535.0903703703704,141,734,5,5,5,15,9.578341729235134,3.332204510175204,2,VIP,0,14447.44,27
12584,4,9,2338.15,259.7944444444445,44,280,5,5,4,14,7.757542894498013,2.302585092994046,1,Regular,0,2338.15,9
12585,234,2,2040.1,1020.0499999999998,77,351,2,2,4,8,7.621244157199997,1.0986122886681096,4,At Risk,1,2040.1,2
12586,17,4,2062.67,515.6675,82,723,5,3,4,12,7.632241230097758,1.6094379124341003,1,Regular,0,2062.67,4
12587,8,1,144.0,144.0,4,8,5,1,1,7,4.976733742420574,0.6931471805599453,3,New Customer,0,144.0,1
12588,39,4,958.78,239.69500000000002,31,598,4,3,3,10,6.866704091532522,1.6094379124341003,1,Regular,0,958.78,4
12589,29,8,4695.66,586.9575,121,690,4,4,5,13,8.454606896777193,2.1972245773362196,1,Regular,0,4695.66,8
12590,211,2,9864.26,4932.13,68,211,2,2,5,9,9.196774773912752,1.0986122886681096,1,Regular,1,9864.26,2
12591,317,3,1352.15,450.7166666666667,63,409,2,3,4,9,7.210190486770758,1.3862943611198906,4,At Risk,1,1352.15,3
12592,92,5,2582.66,516.5319999999999,42,519,3,4,4,11,7.856962277297855,1.791759469228055,1,Regular,0,2582.66,5
12593,109,3,418.09999999999997,139.36666666666665,14,219,3,3,2,8,6.038109554931026,1.3862943611198906,3,New Customer,0,418.09999999999997,3
12594,38,15,5090.110000000001,339.3406666666667,78,646,4,5,5,14,8.535251160425936,2.772588722239781,2,VIP,0,5090.110000000001,15
12595,505,1,299.02,299.02000000000004,19,505,1,1,2,4,5.703849139100744,0.6931471805599453,0,Lost,1,299.02,1
12596,51,2,618.27,309.135,25,242,4,2,3,9,6.428541364981557,1.0986122886681096,3,New Customer,0,618.27,2
12597,19,4,3811.22,952.8049999999998,184,268,5,3,5,13,8.245966975595675,1.6094379124341003,1,Regular,0,3811.22,4
12598,10,11,4534.09,412.19,130,649,5,5,5,15,8.419600207997298,2.4849066497880004,2,VIP,0,4534.09,11
12599,29,13,2296.72,176.67076923076917,47,578,4,5,4,13,7.739672605902305,2.639057329615259,2,VIP,0,2296.72,13
12600,29,21,5043.92,240.18666666666667,53,732,4,5,5,14,8.526137075377541,3.091042453358316,2,VIP,0,5043.92,21
12601,190,6,681.26,113.54333333333334,24,405,2,4,3,9,6.525410816864686,1.9459101490553132,1,Regular,1,681.26,6
12602,59,1,153.12,153.12,12,59,4,1,1,6,5.037731519757957,0.6931471805599453,3,New Customer,0,153.12,1
12603,22,1,739.1999999999999,739.1999999999999,2,22,4,1,3,8,6.606920419952056,0.6931471805599453,3,New Customer,0,739.1999999999999,1
12604,79,2,254.18,127.08999999999999,15,262,3,2,1,6,5.541969178493598,1.0986122886681096,3,New Customer,0,254.18,2
12605,376,4,1232.95,308.2375,63,458,2,3,3,8,7.117975685005857,1.6094379124341003,4,At Risk,1,1232.95,4
12606,682,1,21.0,21.0,1,682,1,1,1,3,3.091042453358316,0.6931471805599453,0,Lost,1,21.0,1
12607,60,1,1579.51,1579.51,101,60,3,1,4,8,7.3655028587473295,0.6931471805599453,3,New Customer,0,1579.51,1
12608,405,1,415.79,415.78999999999996,16,405,2,1,2,5,6.03258249782888,0.6931471805599453,0,Lost,1,415.79,1
12609,78,9,3435.86,381.7622222222223,129,719,3,5,5,13,8.14231354282266,2.302585092994046,1,Regular,0,3435.86,9
12610,23,5,2099.54,419.908,85,126,4,4,4,12,7.6499497335130995,1.791759469228055,1,Regular,0,2099.54,5
12611,52,1,1193.32,1193.32,65,52,4,1,3,8,7.085332264745334,0.6931471805599453,3,New Customer,0,1193.32,1
12612,74,1,704.0400000000001,704.04,19,74,3,1,3,7,6.558254538791405,0.6931471805599453,3,New Customer,0,704.0400000000001,1
12613,57,10,6835.07,683.507,218,725,4,5,5,14,8.829968284089432,2.3978952727983707,2,VIP,0,6835.07,10
12614,278,1,315.6,315.59999999999997,20,278,2,1,2,5,5.757639147446912,0.6931471805599453,3,New Customer,1,315.6,1
12615,2,8,5740.98,717.6225000000001,198,631,5,4,5,14,8.65555937756801,2.1972245773362196,2,VIP,0,5740.98,8
12616,95,3,1131.1,377.0333333333333,32,389,3,3,3,9,7.031829594084064,1.3862943611198906,1,Regular,0,1131.1,3
12617,29,1,355.53,355.53000000000003,39,29,4,1,2,7,5.876418387786464,0.6931471805599453,3,New Customer,0,355.53,1
12618,22,1,177.31,177.31,11,22,4,1,1,6,5.183523608545955,0.6931471805599453,3,New Customer,0,177.31,1
12619,16,10,3781.38,378.1379999999999,55,560,5,5,5,15,8.238108720109691,2.3978952727983707,2,VIP,0,3781.38,10
12620,15,3,1339.41,446.47,89,205,5,3,4,12,7.20073081629489,1.3862943611198906,1,Regular,0,1339.41,3
12621,2,35,24775.81,707.8802857142857,344,669,5,5,5,15,10.117663414047277,3.58351893845611,2,VIP,0,24775.81,35
12622,232,1,180.1,180.09999999999997,11,232,2,1,1,4,5.199049364889367,0.6931471805599453,3,New Customer,1,180.1,1
12623,276,7,3747.84,535.4057142857143,112,697,2,4,5,11,8.229201737777698,2.0794415416798357,1,Regular,1,3747.84,7
12624,106,2,641.13,320.565,36,178,3,2,3,8,6.464790775403018,1.0986122886681096,3,New Customer,0,641.13,2
12625,212,4,5164.88,1291.2199999999998,144,597,2,3,5,10,8.549830744582277,1.6094379124341003,1,Regular,1,5164.88,4
12626,23,9,6620.48,735.6088888888888,232,327,4,5,5,14,8.798074188898816,2.302585092994046,2,VIP,0,6620.48,9
12627,11,7,4478.53,639.7900000000001,162,140,5,4,5,14,8.407273409191232,2.0794415416798357,1,Regular,0,4478.53,7
12628,4,3,786.46,262.1533333333333,34,65,5,3,3,11,6.668812575758953,1.3862943611198906,1,Regular,0,786.46,3
12629,386,2,1558.22,779.1099999999999,40,423,2,2,4,8,7.3519409752019005,1.0986122886681096,4,At Risk,1,1558.22,2
12630,10,2,1270.88,635.44,60,44,5,2,4,11,7.1482513998271635,1.0986122886681096,1,Regular,0,1270.88,2
12631,57,6,3481.57,580.2616666666667,131,693,4,4,5,13,8.155525805954461,1.9459101490553132,1,Regular,0,3481.57,6
12632,521,2,804.88,402.44,32,565,1,2,3,6,6.691934848047708,1.0986122886681096,4,At Risk,1,804.88,2
12633,59,7,5678.16,811.1657142857142,220,526,4,4,5,13,8.644558613454844,2.0794415416798357,1,Regular,0,5678.16,7
12634,536,2,490.0,245.0,20,548,1,2,2,5,6.19644412779452,1.0986122886681096,0,Lost,1,490.0,2
12635,90,4,2930.41,732.6025000000001,159,457,3,3,4,10,7.983238814926674,1.6094379124341003,1,Regular,0,2930.41,4
12636,726,1,141.0,141.0,1,739,1,1,1,3,4.955827057601261,0.6931471805599453,0,Lost,1,141.0,1
12637,67,12,8340.31,695.0258333333333,295,543,3,5,5,13,9.028975557358438,2.5649493574615367,2,VIP,0,8340.31,12
12638,33,2,921.49,460.745,47,640,4,2,3,9,6.827076535747527,1.0986122886681096,3,New Customer,0,921.49,2
12639,239,3,1312.37,437.45666666666665,58,628,2,3,4,9,7.180351632015873,1.3862943611198906,4,At Risk,1,1312.37,3
12640,24,3,1174.58,391.52666666666664,47,82,4,3,3,10,7.06951692181073,1.3862943611198906,1,Regular,0,1174.58,3
12641,115,1,185.9,185.9,10,115,3,1,1,5,5.230573714461517,0.6931471805599453,3,New Customer,0,185.9,1
12642,25,3,1013.26,337.75333333333333,39,108,4,3,3,10,6.9219145615400475,1.3862943611198906,1,Regular,0,1013.26,3
12643,128,12,8350.42,695.8683333333333,14,611,3,5,5,13,9.030186863266598,2.5649493574615367,2,VIP,0,8350.42,12
12644,130,4,1918.49,479.6225,106,694,3,3,4,10,7.559814804737258,1.6094379124341003,1,Regular,0,1918.49,4
12645,34,8,3539.3,442.4125,111,669,4,4,5,13,8.171966748299813,2.1972245773362196,1,Regular,0,3539.3,8
12646,5,2,1346.97,673.485,43,49,5,2,4,11,7.206355036031724,1.0986122886681096,1,Regular,0,1346.97,2
12647,22,36,17924.35,497.89861111111117,240,695,4,5,5,14,9.793971191079148,3.6109179126442243,2,VIP,0,17924.35,36
12648,155,4,1112.0,278.0,38,701,3,3,3,9,7.014814351275545,1.6094379124341003,1,Regular,0,1112.0,4
12649,107,8,2294.65,286.83125,94,696,3,4,4,11,7.738771306795058,2.1972245773362196,1,Regular,0,2294.65,8
12650,3,1,314.44,314.44,20,3,5,1,2,8,5.753968489569372,0.6931471805599453,3,New Customer,0,314.44,1
12651,335,4,377.75,94.4375,30,465,2,3,2,7,5.9368763568235785,1.6094379124341003,4,At Risk,1,377.75,4
12652,331,2,1017.03,508.515,51,434,2,2,3,7,6.925624666224383,1.0986122886681096,4,At Risk,1,1017.03,2
12653,149,3,4160.83,1386.9433333333334,76,527,3,3,5,11,8.333710160372133,1.3862943611198906,1,Regular,0,4160.83,3
12654,11,5,601.98,120.39599999999999,31,295,5,4,2,11,6.401884028681278,1.791759469228055,1,Regular,0,601.98,5
12655,424,1,261.35,261.35,16,424,1,1,1,3,5.569679490132721,0.6931471805599453,0,Lost,1,261.35,1
12656,17,8,6407.83,800.97875,174,563,5,4,5,14,8.765432005953489,2.1972245773362196,2,VIP,0,6407.83,8
12657,11,4,1643.18,410.795,35,79,5,3,4,12,7.4049970586737315,1.6094379124341003,1,Regular,0,1643.18,4
12658,19,1,686.05,686.05,36,19,5,1,3,9,6.532407069777784,0.6931471805599453,3,New Customer,0,686.05,1
12659,30,1,91.68,91.68,5,30,4,1,1,6,4.529152699564175,0.6931471805599453,3,New Customer,0,91.68,1
12660,11,1,245.1,245.10000000000002,13,11,5,1,1,7,5.50573795739701,0.6931471805599453,3,New Customer,0,245.1,1
12661,436,1,162.0,162.00000000000003,11,436,1,1,1,3,5.093750200806762,0.6931471805599453,0,Lost,1,162.0,1
12662,1,20,6988.02,349.401,163,618,5,5,5,15,8.852095625112755,3.044522437723423,2,VIP,0,6988.02,20
12663,625,2,239.4,119.7,9,668,1,2,1,4,5.4823042026610525,1.0986122886681096,0,Lost,1,239.4,2
12664,8,11,6070.04,551.8218181818182,10,727,5,5,5,15,8.711285203809107,2.4849066497880004,2,VIP,0,6070.04,11
12665,325,3,313.6,104.53333333333335,13,669,2,3,2,7,5.751301990624177,1.3862943611198906,4,At Risk,1,313.6,3
12666,394,1,1248.42,1248.42,31,394,2,1,3,6,7.130434722615036,0.6931471805599453,4,At Risk,1,1248.42,1
12667,58,1,620.13,620.1300000000001,33,58,4,1,3,8,6.431540399799522,0.6931471805599453,3,New Customer,0,620.13,1
12668,12,10,11444.68,1144.468,263,677,5,5,5,15,9.345367645213216,2.3978952727983707,2,VIP,0,11444.68,10
12669,151,3,2744.0299999999997,914.6766666666667,98,257,3,3,4,10,7.917547282845659,1.3862943611198906,1,Regular,0,2744.0299999999997,3
12670,10,7,3760.29,537.1842857142857,71,667,5,4,5,14,8.232517262650086,2.0794415416798357,1,Regular,0,3760.29,7
12671,606,1,2622.481,2622.481,45,606,1,1,4,6,7.872257340866884,0.6931471805599453,4,At Risk,1,2622.481,1
12672,330,2,437.05,218.52499999999998,22,596,2,2,2,6,6.082333059112373,1.0986122886681096,4,At Risk,1,437.05,2
12673,5,3,1230.02,410.00666666666666,68,402,5,3,3,11,7.115598373006169,1.3862943611198906,1,Regular,0,1230.02,3
12674,39,4,1970.6,492.65000000000003,52,208,4,3,4,11,7.586600674831223,1.6094379124341003,1,Regular,0,1970.6,4
12675,554,2,958.5,479.25000000000006,111,578,1,2,3,6,6.8664123154477545,1.0986122886681096,4,At Risk,1,958.5,2
12676,25,11,2843.09,258.4627272727273,67,483,4,5,4,13,7.952998435992042,2.4849066497880004,2,VIP,0,2843.09,11
12677,555,2,395.1,197.55,13,666,1,2,2,5,5.981666704627871,1.0986122886681096,0,Lost,1,395.1,2
12678,42,21,29730.420199999626,1632.4371428571433,199,701,4,5,5,14,10.299959684780548,3.091042453358316,2,VIP,0,34281.18,21
12679,59,4,1113.02,278.255,43,284,4,3,3,10,7.015730373647435,1.6094379124341003,1,Regular,0,1113.02,4
12680,1,4,880.81,220.20250000000004,33,113,5,3,3,11,6.781976613299544,1.6094379124341003,1,Regular,0,880.81,4
12681,15,45,29730.420199999626,685.9617777777778,459,726,5,5,5,15,10.299959684780548,3.828641396489095,2,VIP,0,30868.28,45
12682,4,46,24033.91,462.19057692307695,327,739,5,5,5,15,10.087262635781837,3.8501476017100584,2,VIP,0,24033.91,52
12683,4,21,12696.78,604.6085714285714,236,726,5,5,5,15,9.449182454017226,3.091042453358316,2,VIP,0,12696.78,21
12684,8,7,2283.63,326.23285714285714,61,213,5,4,4,13,7.733959364615189,2.0794415416798357,1,Regular,0,2283.63,7
12685,28,6,2863.08,477.18,117,94,4,4,4,12,7.960002460651312,1.9459101490553132,1,Regular,0,2863.08,6
12686,372,1,178.28,178.28,7,372,2,1,1,4,5.188948829492672,0.6931471805599453,0,Lost,1,178.28,1
12687,481,2,2138.91,1069.4549999999997,126,481,1,2,4,7,7.668519051056749,1.0986122886681096,4,At Risk,1,2138.91,2
12688,114,1,4873.8099999999995,4873.8099999999995,171,114,3,1,5,9,8.491836408313453,0.6931471805599453,1,Regular,0,4873.8099999999995,1
12689,26,2,1247.61,623.805,57,128,4,2,3,9,7.1297862115656185,1.0986122886681096,1,Regular,0,1247.61,2
12690,206,1,389.01,389.01,16,206,2,1,2,5,5.966172379820607,0.6931471805599453,3,New Customer,1,389.01,1
12691,28,7,1170.4,167.20000000000002,24,421,4,4,3,11,7.065954893655682,2.0794415416798357,1,Regular,0,1170.4,7
12692,637,1,110.95,110.95,13,637,1,1,1,3,4.718052343044764,0.6931471805599453,0,Lost,1,110.95,1
12693,127,7,1703.02,243.28857142857146,63,522,3,4,4,11,7.4407454444095835,2.0794415416798357,1,Regular,0,1703.02,7
12694,70,3,1843.35,614.4499999999999,69,421,3,3,4,10,7.519882190878127,1.3862943611198906,1,Regular,0,1843.35,3
12695,7,7,1407.1200000000001,201.01714285714283,46,665,5,4,4,13,7.2500107603590775,2.0794415416798357,1,Regular,0,1407.1200000000001,7
12696,435,2,851.91,425.955,43,509,1,2,3,6,6.748654031960281,1.0986122886681096,4,At Risk,1,851.91,2
12697,29,3,957.59,319.19666666666666,37,169,4,3,3,10,6.865463454791294,1.3862943611198906,1,Regular,0,957.59,3
12698,590,1,339.75,339.75,16,590,1,1,2,4,5.831149070576642,0.6931471805599453,0,Lost,1,339.75,1
12699,418,1,638.11,638.11,41,418,1,1,3,5,6.460076583537422,0.6931471805599453,4,At Risk,1,638.11,1
12700,8,4,4939.99,1234.9975,193,215,5,3,5,13,8.505320994961897,1.6094379124341003,1,Regular,0,4939.99,4
12701,80,6,2446.41,407.73499999999996,118,633,3,4,4,11,7.802785601512003,1.9459101490553132,1,Regular,0,2446.41,6
12702,20,1,219.0,219.0,12,20,4,1,1,6,5.393627546352361,0.6931471805599453,3,New Customer,0,219.0,1
12703,71,4,1006.53,251.6325,56,685,3,3,3,9,6.915257070052459,1.6094379124341003,1,Regular,0,1006.53,4
12704,7,8,2340.84,292.60499999999996,64,170,5,4,4,13,7.758692224146705,2.1972245773362196,1,Regular,0,2340.84,8
12705,15,14,11762.1,840.1500000000002,320,534,5,5,5,15,9.372722792156985,2.70805020110221,2,VIP,0,11762.1,14
12707,292,1,603.42,603.42,33,292,2,1,2,5,6.404269320519532,0.6931471805599453,3,New Customer,1,603.42,1
12708,30,18,5314.1,295.2277777777778,130,722,4,5,5,14,8.5783071052745,2.9444389791664403,2,VIP,0,5314.1,18
12709,15,34,29730.420199999626,914.5099999999999,189,730,5,5,5,15,10.299959684780548,3.5553480614894135,2,VIP,0,31093.34,34
12710,97,3,1149.02,383.0066666666667,75,201,3,3,3,9,7.047534612510416,1.3862943611198906,1,Regular,0,1149.02,3
12711,612,2,1339.05,669.5249999999999,56,677,1,2,4,7,7.200462205681664,1.0986122886681096,4,At Risk,1,1339.05,2
12712,29,21,7193.66,342.5552380952381,126,731,4,5,5,14,8.881094363166692,3.091042453358316,2,VIP,0,7193.66,21
12713,1,1,848.55,848.5500000000001,38,1,5,1,3,9,6.744706797531768,0.6931471805599453,3,New Customer,0,848.55,1
12714,9,12,14093.71,1174.4758333333334,436,736,5,5,5,15,9.553554828664682,2.5649493574615367,2,VIP,0,14093.71,12
12715,106,1,353.86,353.85999999999996,20,106,3,1,2,6,5.871723345495433,0.6931471805599453,3,New Customer,0,353.86,1
12716,4,2,1053.49,526.7450000000001,60,133,5,2,3,10,6.960812516706486,1.0986122886681096,3,New Customer,0,1053.49,2
12717,151,3,1308.91,436.30333333333334,60,590,3,3,4,10,7.17771371154501,1.3862943611198906,1,Regular,0,1308.91,3
12718,71,1,238.25,238.25,19,71,3,1,1,5,5.477509030333064,0.6931471805599453,3,New Customer,0,238.25,1
12719,5,2,644.95,322.475,34,65,5,2,3,10,6.47072210140631,1.0986122886681096,3,New Customer,0,644.95,2
12720,3,30,8260.67,275.35566666666665,262,507,5,5,5,15,9.019382025256323,3.4339872044851463,2,VIP,0,8260.67,30
12721,32,8,4013.08,501.635,183,472,4,4,5,13,8.297563459401823,2.1972245773362196,1,Regular,0,4013.08,8
12722,85,4,997.63,249.40750000000003,50,151,3,3,3,9,6.906384339674138,1.6094379124341003,1,Regular,0,997.63,4
12723,4,5,725.07,145.014,53,65,5,4,3,12,6.587646428909592,1.791759469228055,1,Regular,0,725.07,5
12724,5,7,2317.52,331.07428571428574,94,535,5,4,4,13,7.748684330061293,2.0794415416798357,1,Regular,0,2317.52,7
12725,371,4,2694.56,673.6400000000001,92,584,2,3,4,9,7.899361253965079,1.6094379124341003,4,At Risk,1,2694.56,4
12726,28,11,4014.6,364.96363636363634,63,624,4,5,5,14,8.297942054817371,2.4849066497880004,2,VIP,0,4014.6,11
12727,11,10,5679.53,567.953,132,655,5,5,5,15,8.644799817221259,2.3978952727983707,2,VIP,0,5679.53,10
12728,71,5,1070.17,214.03400000000002,48,384,3,4,3,10,6.97650678801018,1.791759469228055,1,Regular,0,1070.17,5
12729,114,1,453.01,453.01000000000005,26,114,3,1,2,6,6.118119224230488,0.6931471805599453,3,New Customer,0,453.01,1
12730,522,1,829.25,829.2500000000001,47,522,1,1,3,5,6.721726860256856,0.6931471805599453,0,Lost,1,829.25,1
12731,24,17,25775.71,1516.2182352941177,137,648,4,5,5,14,10.157226650040503,2.8903717578961645,2,VIP,0,25775.71,17
12732,180,1,236.26000000000002,236.26000000000005,12,180,3,1,1,5,5.469156586232957,0.6931471805599453,3,New Customer,0,236.26000000000002,1
12733,234,4,2424.87,606.2175,117,689,2,3,4,9,7.793945501918165,1.6094379124341003,1,Regular,1,2424.87,4
12734,353,3,639.65,213.21666666666667,17,392,2,3,3,8,6.462483285955585,1.3862943611198906,4,At Risk,1,639.65,3
12735,315,2,779.5699999999999,389.785,38,337,2,2,3,7,6.660024422032584,1.0986122886681096,4,At Risk,1,779.5699999999999,2
12736,333,1,234.0,234.00000000000003,4,333,2,1,1,4,5.459585514144159,0.6931471805599453,0,Lost,1,234.0,1
12737,499,2,3710.5,1855.25,2,499,1,2,5,8,8.219191386557602,1.0986122886681096,4,At Risk,1,3710.5,2
12738,372,1,310.7,310.7,11,372,2,1,2,5,5.7420411867732915,0.6931471805599453,0,Lost,1,310.7,1
12739,78,4,2726.73,681.6824999999999,85,394,3,3,4,10,7.911225040458104,1.6094379124341003,1,Regular,0,2726.73,4
12740,64,1,427.6,427.59999999999997,27,64,3,1,2,6,6.060524083039477,0.6931471805599453,3,New Customer,0,427.6,1
12741,529,2,406.07,203.035,16,533,1,2,2,5,6.008985160825971,1.0986122886681096,0,Lost,1,406.07,2
12742,626,1,1201.52,1201.5200000000002,67,626,1,1,3,5,7.092174633858238,0.6931471805599453,4,At Risk,1,1201.52,1
12743,134,2,546.43,273.21500000000003,114,134,3,2,2,7,6.305234599635373,1.0986122886681096,3,New Customer,0,546.43,2
12744,52,11,25317.06,2301.550909090909,245,591,4,5,5,14,10.139273254049405,2.4849066497880004,2,VIP,0,25317.06,11
12745,487,3,925.41,308.47,21,682,1,3,3,7,6.8313169012337,1.3862943611198906,4,At Risk,1,925.41,3
12746,541,1,254.55,254.55,17,541,1,1,1,3,5.543418085214289,0.6931471805599453,0,Lost,1,254.55,1
12747,2,26,9276.539999999999,356.79,85,732,5,5,5,15,9.135351704431791,3.295836866004329,2,VIP,0,9276.539999999999,26
12748,1,46,29730.420199999626,168.45056547619046,2286,735,5,5,5,15,10.299959684780548,3.8501476017100584,2,VIP,0,56599.39,336
12749,4,9,6897.36,766.3733333333334,260,521,5,5,5,15,8.839038981175287,2.302585092994046,2,VIP,0,6897.36,9
12750,129,1,275.88,275.88,15,129,3,1,1,5,5.623584199327089,0.6931471805599453,3,New Customer,0,275.88,1
12751,445,1,268.27,268.27,61,445,1,1,1,3,5.595714593686387,0.6931471805599453,0,Lost,1,268.27,1
12752,81,1,4366.78,4366.780000000001,53,81,3,1,5,9,8.38201014985595,0.6931471805599453,1,Regular,0,4366.78,1
12753,23,6,21429.39,3571.565,132,363,4,4,5,13,9.972565287088774,1.9459101490553132,2,VIP,0,21429.39,6
12754,236,3,3010.74,1003.58,49,309,2,3,5,10,8.010273263812737,1.3862943611198906,1,Regular,1,3010.74,3
12755,281,11,9030.66,820.9690909090909,34,694,2,5,5,12,9.108491461188263,2.4849066497880004,2,VIP,1,9030.66,11
12756,87,1,112.07999999999998,112.08000000000001,4,87,3,1,1,5,4.72809553282539,0.6931471805599453,3,New Customer,0,112.07999999999998,1
12757,16,13,7857.1,604.3923076923077,237,211,5,5,5,15,8.969300125921881,2.639057329615259,2,VIP,0,7857.1,13
12758,117,7,9903.24,1414.7485714285715,187,738,3,4,5,12,9.200718227264051,2.0794415416798357,2,VIP,0,9903.24,7
12759,52,8,5020.74,627.5925,206,736,4,4,5,13,8.521531766174993,2.1972245773362196,2,VIP,0,5020.74,8
12760,456,1,347.8,347.8,21,456,1,1,2,4,5.8544986920348245,0.6931471805599453,0,Lost,1,347.8,1
12761,458,2,782.95,391.47499999999997,27,465,1,2,3,6,6.664345242806459,1.0986122886681096,4,At Risk,1,782.95,2
12762,8,2,1898.52,949.2600000000002,62,25,5,2,4,11,7.549356501658852,1.0986122886681096,1,Regular,0,1898.52,2
12763,138,2,814.16,407.08000000000004,16,369,3,2,3,8,6.703384412991211,1.0986122886681096,3,New Customer,0,814.16,2
12764,317,1,1693.88,1693.88,45,317,2,1,4,7,7.435367220848186,0.6931471805599453,4,At Risk,1,1693.88,1
12765,472,6,1404.58,234.09666666666666,49,642,1,4,4,9,7.248205307972568,1.9459101490553132,4,At Risk,1,1404.58,6
12766,4,9,10068.28,1118.6977777777777,253,408,5,5,5,15,9.217244483652921,2.302585092994046,2,VIP,0,10068.28,9
12767,376,1,949.82,949.82,43,376,2,1,3,6,6.857324770182772,0.6931471805599453,4,At Risk,1,949.82,1
12768,451,1,168.69000000000003,168.69000000000003,10,451,1,1,1,3,5.133973242984735,0.6931471805599453,0,Lost,1,168.69000000000003,1
12769,239,1,1143.6,1143.6,32,239,2,1,3,6,7.042810509975002,0.6931471805599453,4,At Risk,1,1143.6,1
12770,211,2,3246.45,1623.225,19,457,2,2,5,9,8.085625351967414,1.0986122886681096,1,Regular,1,3246.45,2
12771,486,1,282.3,282.3,15,486,1,1,1,3,5.646506406836471,0.6931471805599453,0,Lost,1,282.3,1
12772,60,1,892.47,892.4700000000001,55,60,3,1,3,7,6.795112758210396,0.6931471805599453,3,New Customer,0,892.47,1
12773,564,1,124.25,124.25,6,564,1,1,1,3,4.830311739964974,0.6931471805599453,0,Lost,1,124.25,1
12774,536,1,98.7,98.7,6,536,1,1,1,3,4.602165676967792,0.6931471805599453,0,Lost,1,98.7,1
12775,17,7,1686.12,240.87428571428572,55,409,5,4,4,13,7.430778212203509,2.0794415416798357,1,Regular,0,1686.12,7
12776,668,1,55.5,55.5,4,668,1,1,1,3,4.034240638152395,0.6931471805599453,0,Lost,1,55.5,1
12777,458,1,519.45,519.45,26,458,1,1,2,4,6.254693821961477,0.6931471805599453,0,Lost,1,519.45,1
12778,20,9,1775.68,197.29777777777775,77,603,4,5,4,13,7.482501733154052,2.302585092994046,1,Regular,0,1775.68,9
12779,38,14,6722.2699999999995,480.16214285714284,142,737,4,5,5,14,8.81332992230519,2.70805020110221,2,VIP,0,6722.2699999999995,14
12780,599,1,337.4,337.3999999999999,20,599,1,1,2,4,5.824228627732068,0.6931471805599453,0,Lost,1,337.4,1
12781,64,2,826.74,413.37,25,285,3,2,3,8,6.718699095412067,1.0986122886681096,3,New Customer,0,826.74,2
12782,5,11,4618.24,419.84,142,519,5,5,5,15,8.437985468379317,2.4849066497880004,2,VIP,0,4618.24,11
12783,2,6,2225.91,370.98499999999996,76,75,5,4,4,13,7.708370253328926,1.9459101490553132,1,Regular,0,2225.91,6
12784,9,3,1804.75,601.5833333333334,121,529,5,3,4,12,7.4987312969309565,1.3862943611198906,1,Regular,0,1804.75,3
12785,364,3,1100.4,366.8,42,731,2,3,3,8,7.004337376828381,1.3862943611198906,4,At Risk,1,1100.4,3
12786,610,1,728.5,728.5000000000001,18,610,1,1,3,5,6.592359367962841,0.6931471805599453,0,Lost,1,728.5,1
12787,10,4,862.18,215.54499999999996,30,413,5,3,3,11,6.760623244074023,1.6094379124341003,1,Regular,0,862.18,4
12788,463,4,444.9,111.225,20,528,1,3,2,6,6.100094711633431,1.6094379124341003,4,At Risk,1,444.9,4
12789,65,3,273.35,91.11666666666667,5,694,3,3,1,7,5.614404663504985,1.3862943611198906,3,New Customer,0,273.35,3
12790,192,2,591.85,295.925,36,410,2,2,2,6,6.38494141590408,1.0986122886681096,3,New Customer,1,591.85,2
12791,374,6,1056.1100000000001,176.01833333333335,17,624,2,4,3,9,6.96329404857284,1.9459101490553132,4,At Risk,1,1056.1100000000001,6
12792,257,2,827.01,413.5049999999999,39,535,2,2,3,7,6.719025231607016,1.0986122886681096,4,At Risk,1,827.01,2
12793,335,3,1017.33,339.11,34,401,2,3,3,8,6.925919309609807,1.3862943611198906,4,At Risk,1,1017.33,3
12794,53,2,860.41,430.205,43,99,4,2,3,9,6.758570581561217,1.0986122886681096,3,New Customer,0,860.41,2
12795,19,1,430.48,430.48,14,19,5,1,2,8,6.067221159507229,0.6931471805599453,3,New Customer,0,430.48,1
12796,628,1,381.0,381.0,7,628,1,1,2,4,5.945420608606575,0.6931471805599453,0,Lost,1,381.0,1
12797,366,2,806.11,403.055,27,424,2,2,3,7,6.69345996629198,1.0986122886681096,4,At Risk,1,806.11,2
12798,10,4,8510.93,2127.7325,27,422,5,3,5,13,9.049223987863401,1.6094379124341003,1,Regular,0,8510.93,4
12799,529,1,219.35,219.35000000000002,15,529,1,1,1,3,5.395217191287996,0.6931471805599453,0,Lost,1,219.35,1
12800,470,3,584.25,194.75,31,677,1,3,2,6,6.3720391063710204,1.3862943611198906,4,At Risk,1,584.25,3
12801,501,1,1071.82,1071.8200000000002,50,501,1,1,3,5,6.978045974597571,0.6931471805599453,4,At Risk,1,1071.82,1
12802,187,7,2416.42,345.20285714285717,108,564,3,4,4,11,7.7904561347426675,2.0794415416798357,1,Regular,1,2416.42,7
12803,393,1,1092.81,1092.8100000000002,55,393,2,1,3,6,6.997422293310083,0.6931471805599453,4,At Risk,1,1092.81,1
12804,466,2,327.02,163.51,60,500,1,2,2,5,5.793074582134963,1.0986122886681096,0,Lost,1,327.02,2
12805,382,4,1434.95,358.73749999999995,44,675,2,3,4,9,7.269581930060472,1.6094379124341003,4,At Risk,1,1434.95,4
12806,435,4,2878.96,719.74,58,589,1,3,4,8,7.9655316841446515,1.6094379124341003,4,At Risk,1,2878.96,4
12807,383,1,330.35,330.35,16,383,2,1,2,5,5.803175218534236,0.6931471805599453,0,Lost,1,330.35,1
12808,37,5,906.1,181.22000000000003,46,463,4,4,3,11,6.810252697620898,1.791759469228055,1,Regular,0,906.1,5
12809,178,3,1755.94,585.3133333333334,75,647,3,3,4,10,7.471328938486188,1.3862943611198906,1,Regular,0,1755.94,3
12810,535,2,534.99,267.495,32,677,1,2,2,5,6.284115504180345,1.0986122886681096,0,Lost,1,534.99,2
12811,261,5,1033.9,206.78000000000003,47,428,2,4,3,9,6.942060082674128,1.791759469228055,4,At Risk,1,1033.9,5
12812,45,1,229.64000000000001,229.64,15,45,4,1,1,6,5.440858053330147,0.6931471805599453,3,New Customer,0,229.64000000000001,1
12813,502,3,1687.8,562.6,37,693,1,3,4,8,7.4317734965341105,1.3862943611198906,4,At Risk,1,1687.8,3
12814,102,1,125.92,125.92,2,102,3,1,1,5,4.843556966714995,0.6931471805599453,3,New Customer,0,125.92,1
12815,148,2,1063.46,531.73,38,198,3,2,3,8,6.970222907300612,1.0986122886681096,3,New Customer,0,1063.46,2
12816,96,2,572.2,286.1,27,176,3,2,2,7,6.351234695954017,1.0986122886681096,3,New Customer,0,572.2,2
12817,281,3,690.98,230.32666666666668,16,435,2,3,3,8,6.539557053465902,1.3862943611198906,4,At Risk,1,690.98,3
12818,262,1,1542.08,1542.08,14,262,2,1,4,7,7.341535698070348,0.6931471805599453,4,At Risk,1,1542.08,1
12819,458,1,540.52,540.52,19,458,1,1,2,4,6.294380000200352,0.6931471805599453,0,Lost,1,540.52,1
12820,3,11,2689.52,244.5018181818182,131,734,5,5,4,14,7.897489762464381,2.4849066497880004,2,VIP,0,2689.52,11
12821,214,2,220.8,110.39999999999999,13,611,2,2,1,5,5.401776074916267,1.0986122886681096,3,New Customer,1,220.8,2
12822,71,2,948.88,474.4400000000001,41,87,3,2,3,8,6.856335660826602,1.0986122886681096,3,New Customer,0,948.88,2
12823,75,18,6501.5,361.19444444444446,1,679,3,5,5,13,8.779941997322807,2.9444389791664403,2,VIP,0,6501.5,18
12824,60,1,397.12,397.11999999999995,25,60,3,1,2,6,5.986753467377863,0.6931471805599453,3,New Customer,0,397.12,1
12825,521,2,518.63,259.315,20,642,1,2,2,5,6.253117019850299,1.0986122886681096,0,Lost,1,518.63,2
12826,3,12,2955.75,246.3125,93,722,5,5,4,14,7.991845971131227,2.5649493574615367,2,VIP,0,2955.75,12
12827,6,3,430.15000000000003,143.38333333333333,19,44,5,3,2,10,6.066456057398334,1.3862943611198906,3,New Customer,0,430.15000000000003,3
12828,3,6,1018.71,169.785,46,130,5,4,3,12,6.927273552128017,1.9459101490553132,1,Regular,0,1018.71,6
12829,337,3,385.3,128.43333333333334,17,550,2,3,2,7,5.956614269672236,1.3862943611198906,4,At Risk,1,385.3,3
12830,38,6,6814.64,1135.7733333333335,13,172,4,4,5,13,8.826975250212882,1.9459101490553132,1,Regular,0,6814.64,6
12831,262,3,451.11,150.37,16,463,2,3,2,7,6.113925513056159,1.3862943611198906,4,At Risk,1,451.11,3
12832,32,2,383.03,191.51500000000001,27,98,4,2,2,8,5.950720674536128,1.0986122886681096,3,New Customer,0,383.03,2
12833,145,1,417.38,417.38,24,145,3,1,2,6,6.0363901104609745,0.6931471805599453,3,New Customer,0,417.38,1
12834,283,1,312.38,312.38,18,283,2,1,2,5,5.7474165116762626,0.6931471805599453,3,New Customer,1,312.38,1
12835,428,41,6043.31,147.3978048780488,138,737,1,5,5,11,8.706872612613385,3.7376696182833684,2,VIP,1,6043.31,41
12836,59,15,6585.62,439.0413333333334,280,738,4,5,5,14,8.792795597588407,2.772588722239781,2,VIP,0,6585.62,15
12837,173,2,688.41,344.20500000000004,83,569,3,2,3,8,6.535836159344549,1.0986122886681096,3,New Customer,0,688.41,2
12838,34,10,3398.48,339.84799999999996,230,593,4,5,5,14,8.131377757731087,2.3978952727983707,2,VIP,0,3398.48,10
12839,3,26,10071.73,387.37423076923073,156,733,5,5,5,15,9.217587051255036,3.295836866004329,2,VIP,0,10071.73,26
12840,144,7,4041.97,577.4242857142857,109,674,3,4,5,12,8.30473484938074,2.0794415416798357,1,Regular,0,4041.97,7
12841,5,40,7540.68,188.517,307,519,5,5,5,15,8.928200247854255,3.713572066704308,2,VIP,0,7540.68,40
12842,70,4,1917.99,479.49750000000006,45,738,3,3,4,10,7.559554284946702,1.6094379124341003,1,Regular,0,1917.99,4
12843,66,30,6588.41,219.61366666666663,130,727,3,5,5,13,8.793219093898252,3.4339872044851463,2,VIP,0,6588.41,30
12844,29,4,648.6,162.15000000000003,88,594,4,3,3,10,6.476356788847468,1.6094379124341003,1,Regular,0,648.6,4
12845,267,4,354.09,88.5225,26,290,2,3,2,7,5.872371278471126,1.6094379124341003,4,At Risk,1,354.09,4
12846,682,1,15.58,15.58,1,682,1,1,1,3,2.8081971497071487,0.6931471805599453,0,Lost,1,15.58,1
12847,22,2,1636.8999999999999,818.45,100,388,4,2,4,10,7.401170212488334,1.0986122886681096,1,Regular,0,1636.8999999999999,2
12848,676,1,208.0,208.0,16,676,1,1,1,3,5.342334251964811,0.6931471805599453,0,Lost,1,208.0,1
12849,31,6,3090.56,515.0933333333332,123,591,4,4,5,13,8.036431096864632,1.9459101490553132,1,Regular,0,3090.56,6
12850,446,1,330.0,330.0,2,446,1,1,2,4,5.802118375377063,0.6931471805599453,0,Lost,1,330.0,1
12851,97,2,284.13,142.065,71,477,3,2,1,6,5.652945216619142,1.0986122886681096,3,New Customer,0,284.13,2
12852,295,1,311.55,311.55,17,295,2,1,2,5,5.744764456377822,0.6931471805599453,3,New Customer,1,311.55,1
12853,135,11,3907.5,355.22727272727275,111,673,3,5,5,13,8.270908947660384,2.4849066497880004,2,VIP,0,3907.5,11
12854,79,7,2994.02,427.71714285714285,188,728,3,4,5,12,8.004706188323581,2.0794415416798357,1,Regular,0,2994.02,7
12855,373,4,650.9399999999999,162.73500000000007,65,402,2,3,3,8,6.479952533152257,1.6094379124341003,4,At Risk,1,650.9399999999999,4
12856,8,6,2179.93,363.32166666666666,155,64,5,4,4,13,7.687506670317465,1.9459101490553132,1,Regular,0,2179.93,6
12857,211,6,3688.0,614.6666666666666,71,683,2,4,5,11,8.213110697596676,1.9459101490553132,1,Regular,1,3688.0,6
12858,383,1,177.92,177.92,36,383,2,1,1,4,5.186938778564647,0.6931471805599453,0,Lost,1,177.92,1
12859,459,1,575.1,575.0999999999999,21,459,1,1,2,4,6.356281256738337,0.6931471805599453,0,Lost,1,575.1,1
12860,693,1,55.47,55.47,16,693,1,1,1,3,4.033709523684745,0.6931471805599453,0,Lost,1,55.47,1
12861,620,1,68.25,68.25,4,620,1,1,1,3,4.237723145067448,0.6931471805599453,0,Lost,1,68.25,1
12862,426,2,1008.3199999999999,504.16,119,495,1,2,3,6,6.917032115762346,1.0986122886681096,4,At Risk,1,1008.3199999999999,2
12863,52,6,2792.5499999999997,465.425,24,589,4,4,4,12,7.935068467432419,1.9459101490553132,1,Regular,0,2792.5499999999997,6
12864,138,2,299.57,149.785,5,508,3,2,2,7,5.705680671939281,1.0986122886681096,3,New Customer,0,299.57,2
12865,26,4,3323.47,830.8675000000001,156,477,4,3,5,12,8.109065541888423,1.6094379124341003,1,Regular,0,3323.47,4
12866,283,3,1227.35,409.1166666666666,58,503,2,3,3,8,7.113427084384307,1.3862943611198906,4,At Risk,1,1227.35,3
12867,26,13,7913.29,608.7146153846154,365,723,4,5,5,14,8.976425265196161,2.639057329615259,2,VIP,0,7913.29,13
12868,186,8,2247.06,280.8825,86,393,3,4,4,11,7.717822901048859,2.1972245773362196,1,Regular,1,2247.06,8
12869,682,1,337.66999999999996,337.6700000000001,35,682,1,1,2,4,5.825026181941565,0.6931471805599453,0,Lost,1,337.66999999999996,1
12870,375,3,1676.95,558.9833333333335,85,624,2,3,4,9,7.42532808920537,1.3862943611198906,4,At Risk,1,1676.95,3
12871,84,3,744.02,248.00666666666666,13,440,3,3,3,9,6.613411063656805,1.3862943611198906,3,New Customer,0,744.02,3
12872,327,12,3685.4900000000002,307.12416666666667,217,736,2,5,5,12,8.212430064825998,2.5649493574615367,2,VIP,1,3685.4900000000002,12
12873,282,3,2027.3,675.7666666666668,33,682,2,3,4,9,7.614953282764742,1.3862943611198906,4,At Risk,1,2027.3,3
12874,385,2,948.42,474.21,44,554,2,2,3,7,6.855851271831715,1.0986122886681096,4,At Risk,1,948.42,2
12875,143,5,1356.99,271.398,2,698,3,4,4,11,7.213760944321279,1.791759469228055,1,Regular,0,1356.99,5
12876,58,4,4081.79,1020.4475000000001,117,590,4,3,5,12,8.314535857226844,1.6094379124341003,1,Regular,0,4081.79,4
12877,4,20,2955.17,147.7585,149,691,5,5,4,14,7.991649790563297,3.044522437723423,2,VIP,0,2955.17,20
12878,236,2,854.99,427.495,38,266,2,2,3,7,6.752258693830513,1.0986122886681096,4,At Risk,1,854.99,2
12879,45,3,573.22,191.07333333333335,7,92,4,3,2,9,6.353012598149689,1.3862943611198906,3,New Customer,0,573.22,3
12880,382,2,640.13,320.065,32,575,2,2,3,7,6.463232244470209,1.0986122886681096,4,At Risk,1,640.13,2
12881,276,1,298.0,298.0,7,276,2,1,2,5,5.700443573390686,0.6931471805599453,3,New Customer,1,298.0,1
12882,9,2,1463.04,731.5199999999999,12,34,5,2,4,11,7.288955016552379,1.0986122886681096,1,Regular,0,1463.04,2
12883,25,4,703.47,175.8675,39,89,4,3,3,10,6.5574457470395595,1.6094379124341003,1,Regular,0,703.47,4
12884,88,1,309.05,309.05000000000007,7,88,3,1,2,6,5.736733574795887,0.6931471805599453,3,New Customer,0,309.05,1
12885,63,3,1175.22,391.73999999999995,66,124,3,3,3,9,7.0700611857921905,1.3862943611198906,1,Regular,0,1175.22,3
12886,68,2,1378.4,689.1999999999999,75,220,3,2,4,9,7.229403900997191,1.0986122886681096,1,Regular,0,1378.4,2
12887,384,1,222.4,222.4,13,384,2,1,1,4,5.4089638866351,0.6931471805599453,0,Lost,1,222.4,1
12888,214,2,354.12,177.06,4,255,2,2,2,6,5.87245576052578,1.0986122886681096,3,New Customer,1,354.12,2
12889,381,4,385.46000000000004,96.36500000000001,25,502,2,3,2,7,5.957028369786855,1.6094379124341003,4,At Risk,1,385.46000000000004,4
12890,24,2,717.27,358.635,124,387,4,2,3,9,6.576845542929431,1.0986122886681096,3,New Customer,0,717.27,2
12891,186,11,840.5,76.4090909090909,2,659,3,5,3,11,6.735186013630861,2.4849066497880004,1,Regular,1,840.5,11
12892,397,1,263.38,263.38,18,397,2,1,1,4,5.577387462151254,0.6931471805599453,0,Lost,1,263.38,1
12893,31,1,188.14,188.14000000000001,27,31,4,1,1,6,5.242487481587366,0.6931471805599453,3,New Customer,0,188.14,1
12894,575,1,157.35,157.35,21,575,1,1,1,3,5.064807772984649,0.6931471805599453,0,Lost,1,157.35,1
12895,42,2,372.8,186.4,22,87,4,2,2,8,5.923720895021463,1.0986122886681096,3,New Customer,0,372.8,2
12897,205,4,514.25,128.5625,10,544,2,3,2,7,6.244652219770568,1.6094379124341003,3,New Customer,1,514.25,4
12898,464,2,310.96000000000004,155.48,27,660,1,2,2,5,5.742874974462297,1.0986122886681096,0,Lost,1,310.96000000000004,2
12899,414,1,366.4,366.4,17,414,1,1,2,4,5.906451172781026,0.6931471805599453,0,Lost,1,366.4,1
12900,422,1,340.33,340.33000000000004,13,422,1,1,2,4,5.832849751258659,0.6931471805599453,0,Lost,1,340.33,1
12901,9,28,17654.54,630.5192857142856,30,271,5,5,5,15,9.778804894130932,3.367295829986474,2,VIP,0,17654.54,28
12902,265,1,138.68,138.67999999999998,10,265,2,1,1,4,4.939354092091292,0.6931471805599453,3,New Customer,1,138.68,1
12903,429,1,833.53,833.5300000000001,41,429,1,1,3,5,6.726868692126177,0.6931471805599453,4,At Risk,1,833.53,1
12904,18,2,509.58,254.79,59,172,5,2,2,9,6.235547334435847,1.0986122886681096,3,New Customer,0,509.58,2
12905,577,2,1018.42,509.21,52,682,1,2,3,6,6.926989117097435,1.0986122886681096,4,At Risk,1,1018.42,2
12906,12,5,2919.81,583.962,55,78,5,4,4,13,7.979616254055095,1.791759469228055,1,Regular,0,2919.81,5
12907,396,2,508.91,254.45499999999998,23,494,2,2,2,6,6.23423423955737,1.0986122886681096,4,At Risk,1,508.91,2
12908,176,5,1776.0,355.2,1,630,3,4,4,11,7.482681828154651,1.791759469228055,1,Regular,0,1776.0,5
12909,40,8,3103.19,387.89875000000006,120,654,4,4,5,13,8.040508090769977,2.1972245773362196,1,Regular,0,3103.19,8
12910,23,13,5796.52,445.8861538461539,75,621,4,5,5,14,8.665185518886565,2.639057329615259,2,VIP,0,5796.52,13
12911,552,1,1680.47,1680.4699999999998,220,552,1,1,4,6,7.4274236898079655,0.6931471805599453,4,At Risk,1,1680.47,1
12912,3,5,1662.3,332.46,17,41,5,4,4,13,7.416558859796489,1.791759469228055,1,Regular,0,1662.3,5
12913,5,13,6700.860000000001,515.4507692307693,52,739,5,5,5,15,8.810140378792292,2.639057329615259,2,VIP,0,6700.860000000001,13
12914,401,1,223.98,223.98,9,401,2,1,1,4,5.4160115093646795,0.6931471805599453,0,Lost,1,223.98,1
12915,149,4,1174.75,293.6875,46,589,3,3,3,9,7.069661520825157,1.6094379124341003,1,Regular,0,1174.75,4
12916,139,7,4654.0199999999995,664.8599999999999,82,685,3,4,5,12,8.445701486157361,2.0794415416798357,1,Regular,0,4654.0199999999995,7
12917,128,6,4359.2,726.5333333333333,45,730,3,4,5,12,8.380273206850646,1.9459101490553132,1,Regular,0,4359.2,6
12918,626,1,10953.5,10953.5,1,626,1,1,5,7,9.301505609728274,0.6931471805599453,4,At Risk,1,10953.5,1
12919,8,6,1335.19,222.53166666666667,34,170,5,4,4,13,7.197577559553778,1.9459101490553132,1,Regular,0,1335.19,6
12920,17,4,488.09000000000003,122.02250000000001,59,725,5,3,2,10,6.192546521619673,1.6094379124341003,3,New Customer,0,488.09000000000003,4
12921,9,46,29730.420199999626,485.41945945945935,322,738,5,5,5,15,10.299959684780548,3.8501476017100584,2,VIP,0,35921.04,74
12922,161,1,405.38,405.38,28,161,3,1,2,6,6.007288682454868,0.6931471805599453,3,New Customer,0,405.38,1
12923,64,3,789.87,263.2900000000001,54,575,3,3,3,9,6.673133605335479,1.3862943611198906,1,Regular,0,789.87,3
12924,88,12,2469.4,205.7833333333334,56,731,3,5,4,12,7.8121353598304575,2.5649493574615367,2,VIP,0,2469.4,12
12925,5,3,729.3299999999999,243.11,46,593,5,3,3,11,6.593496486790971,1.3862943611198906,1,Regular,0,729.3299999999999,3
12926,411,4,1548.46,387.115,202,725,1,3,4,8,7.345661762115635,1.6094379124341003,4,At Risk,1,1548.46,4
12927,395,1,197.31,197.31,11,395,2,1,1,4,5.289831462897738,0.6931471805599453,0,Lost,1,197.31,1
12928,35,12,4304.89,358.74083333333334,94,550,4,5,5,14,8.367739131847895,2.5649493574615367,2,VIP,0,4304.89,12
12929,312,1,117.85,117.85,8,312,2,1,1,4,4.777862193806203,0.6931471805599453,0,Lost,1,117.85,1
12930,78,2,415.8,207.9,20,171,3,2,2,7,6.032606490439157,1.0986122886681096,3,New Customer,0,415.8,2
12931,22,46,29730.420199999626,1620.1287719298246,37,739,4,5,5,14,10.299959684780548,3.8501476017100584,2,VIP,0,92347.34,57
12932,539,8,1698.56,212.32,69,668,1,4,4,9,7.438124673014306,2.1972245773362196,4,At Risk,1,1698.56,8
12933,24,8,1687.03,210.87875,227,729,4,4,4,12,7.431317447509821,2.1972245773362196,1,Regular,0,1687.03,8
12934,726,1,181.65,181.65,2,737,1,1,1,3,5.207571753241291,0.6931471805599453,0,Lost,1,181.65,1
12935,2,15,4243.86,282.92400000000004,113,607,5,5,5,15,8.353464118225153,2.772588722239781,2,VIP,0,4243.86,15
12936,17,4,1063.9,265.97499999999997,56,78,5,3,3,11,6.970636177021338,1.6094379124341003,1,Regular,0,1063.9,4
12937,15,9,3097.61,344.1788888888889,128,736,5,5,5,15,8.03870890282091,2.302585092994046,1,Regular,0,3097.61,9
12938,26,1,114.14,114.13999999999999,9,26,4,1,1,6,4.7461487792476635,0.6931471805599453,3,New Customer,0,114.14,1
12939,64,20,25264.8,1263.24,24,697,3,5,5,13,10.13720698158251,3.044522437723423,2,VIP,0,25264.8,20
12940,55,2,913.54,456.77,87,88,4,2,3,9,6.818421206622862,1.0986122886681096,3,New Customer,0,913.54,2
12941,724,1,377.49,377.49000000000007,27,724,1,1,2,4,5.936189652449227,0.6931471805599453,0,Lost,1,377.49,1
12942,131,3,942.65,314.2166666666667,68,366,3,3,3,9,6.849755334684148,1.3862943611198906,1,Regular,0,942.65,3
12943,558,2,496.5,248.25,22,606,1,2,2,5,6.209595556598647,1.0986122886681096,0,Lost,1,496.5,2
12944,36,2,604.51,302.25499999999994,29,355,4,2,2,8,6.406071078133402,1.0986122886681096,3,New Customer,0,604.51,2
12945,288,2,900.11,450.05500000000006,47,656,2,2,3,7,6.803627336726857,1.0986122886681096,4,At Risk,1,900.11,2
12946,437,1,324.45,324.45,20,437,1,1,2,4,5.785208840018396,0.6931471805599453,0,Lost,1,324.45,1
12947,144,6,1908.03,318.005,83,373,3,4,4,11,7.554350538636317,1.9459101490553132,1,Regular,0,1908.03,6
12948,16,9,2317.43,257.4922222222222,89,738,5,5,4,14,7.748645511441289,2.302585092994046,1,Regular,0,2317.43,9
12949,31,22,15526.7,705.7590909090909,347,736,4,5,5,14,9.650380804724037,3.1354942159291497,2,VIP,0,15526.7,22
12950,2,3,1843.0,614.3333333333334,13,24,5,3,4,12,7.519692404116539,1.3862943611198906,1,Regular,0,1843.0,3
12951,9,15,3213.7200000000003,214.24800000000002,110,699,5,5,5,15,8.075495541121626,2.772588722239781,2,VIP,0,3213.7200000000003,15
12952,6,4,1387.79,346.9475,64,78,5,3,4,12,7.236188143419333,1.6094379124341003,1,Regular,0,1387.79,4
12953,10,2,828.8100000000001,414.405,45,522,5,2,3,10,6.721196758922804,1.0986122886681096,3,New Customer,0,828.8100000000001,2
12954,639,1,162.45,162.45,10,639,1,1,1,3,5.09650713317022,0.6931471805599453,0,Lost,1,162.45,1
12955,1,11,4757.16,432.469090909091,81,268,5,5,5,15,8.46761631787212,2.4849066497880004,2,VIP,0,4757.16,11
12956,306,4,521.89,130.47250000000003,42,724,2,3,2,7,6.259371116895707,1.6094379124341003,4,At Risk,1,521.89,4
12957,10,13,8706.97,669.7669230769231,402,729,5,5,5,15,9.071993977240556,2.639057329615259,2,VIP,0,8706.97,13
12958,400,2,539.49,269.745,45,583,2,2,2,6,6.2924761355205066,1.0986122886681096,4,At Risk,1,539.49,2
12959,484,1,150.95,150.95,8,484,1,1,1,3,5.023551519362802,0.6931471805599453,0,Lost,1,150.95,1
12960,414,4,1322.07,330.5175000000001,49,661,1,3,4,8,7.187710072768178,1.6094379124341003,4,At Risk,1,1322.07,4
12961,379,1,211.99,211.99,37,379,2,1,1,4,5.361245216250509,0.6931471805599453,0,Lost,1,211.99,1
12962,7,2,266.39,133.195,15,113,5,2,1,8,5.588708266810736,1.0986122886681096,3,New Customer,0,266.39,2
12963,8,12,3601.59,300.1325,129,519,5,5,5,15,8.189408310212553,2.5649493574615367,2,VIP,0,3601.59,12
12964,437,1,132.24,132.23999999999998,26,437,1,1,1,3,4.892152013325479,0.6931471805599453,0,Lost,1,132.24,1
12965,89,1,771.91,771.91,108,89,3,1,3,7,6.65016261231351,0.6931471805599453,3,New Customer,0,771.91,1
12966,10,1,160.18,160.18,10,10,5,1,1,7,5.0825217528963655,0.6931471805599453,3,New Customer,0,160.18,1
12967,358,3,4306.92,1435.64,47,384,2,3,5,10,8.368210468001717,1.3862943611198906,4,At Risk,1,4306.92,3
12968,112,1,135.95,135.95,5,112,3,1,1,5,4.919615895709087,0.6931471805599453,3,New Customer,0,135.95,1
12969,603,1,122.45,122.45,5,603,1,1,1,3,4.8158362157911885,0.6931471805599453,0,Lost,1,122.45,1
12970,7,10,1524.97,152.49699999999999,280,735,5,5,4,14,7.330385552411315,2.3978952727983707,1,Regular,0,1524.97,10
12971,4,46,15972.79,137.6964655172414,102,724,5,5,5,15,9.67870453302808,3.8501476017100584,2,VIP,0,15972.79,116
12972,414,4,1161.2,290.3,69,661,1,3,3,7,7.058070039641005,1.6094379124341003,4,At Risk,1,1161.2,4
12973,414,1,385.55,385.55,6,414,1,1,2,4,5.957261225766484,0.6931471805599453,0,Lost,1,385.55,1
12974,198,2,408.95,204.47499999999997,27,566,2,2,2,6,6.016035201042187,1.0986122886681096,3,New Customer,1,408.95,2
12975,437,6,2100.09,350.01500000000004,92,734,1,4,4,9,7.650211536671941,1.9459101490553132,4,At Risk,1,2100.09,6
12976,212,8,3156.38,394.54749999999996,106,665,2,4,5,11,8.057497848751854,2.1972245773362196,1,Regular,1,3156.38,8
12977,156,4,517.63,129.4075,54,511,3,3,2,8,6.251190719483879,1.6094379124341003,3,New Customer,0,517.63,4
12978,385,5,2502.82,500.56399999999996,126,730,2,4,4,10,7.825572844652115,1.791759469228055,4,At Risk,1,2502.82,5
12979,726,1,517.7,517.7,56,729,1,1,2,4,6.251325681357355,0.6931471805599453,0,Lost,1,517.7,1
12980,158,21,16245.78,773.6085714285713,7,738,3,5,5,13,9.695650014276662,3.091042453358316,2,VIP,0,16245.78,21
12981,30,2,372.21999999999997,186.10999999999996,12,133,4,2,2,8,5.922168058105326,1.0986122886681096,3,New Customer,0,372.21999999999997,2
12982,243,8,2744.81,343.10125,139,606,2,4,4,10,7.917831392382723,2.1972245773362196,1,Regular,1,2744.81,8
12983,598,1,490.08000000000004,490.08000000000004,30,598,1,1,2,4,6.196607047312639,0.6931471805599453,0,Lost,1,490.08000000000004,1
12984,19,1,97.5,97.5,4,19,5,1,1,7,4.590056548178043,0.6931471805599453,3,New Customer,0,97.5,1
12985,1,2,1239.38,619.6899999999999,73,29,5,2,3,10,7.123173063265281,1.0986122886681096,1,Regular,0,1239.38,2
12986,429,10,2729.84,272.98400000000004,61,688,1,5,4,10,7.912364533159128,2.3978952727983707,4,At Risk,1,2729.84,10
12987,74,5,1312.21,262.442,61,689,3,4,4,11,7.180229800584737,1.791759469228055,1,Regular,0,1312.21,5
12988,292,1,535.32,535.3200000000002,75,292,2,1,2,5,6.284730997853663,0.6931471805599453,3,New Customer,1,535.32,1
12989,3,33,13551.75,410.65909090909093,50,729,5,5,5,15,9.51434475774539,3.5263605246161616,2,VIP,0,13551.75,33
12990,31,7,955.5,136.49999999999997,9,620,4,4,3,11,6.863280788880307,2.0794415416798357,1,Regular,0,955.5,7
12991,23,3,764.82,254.93999999999994,45,389,4,3,3,10,6.640947155181664,1.3862943611198906,1,Regular,0,764.82,3
12992,725,1,93.35000000000001,93.35000000000001,6,725,1,1,1,3,4.54701127181456,0.6931471805599453,0,Lost,1,93.35000000000001,1
12993,23,8,1259.6299999999999,157.45375,57,660,4,4,4,12,7.139366874987175,2.1972245773362196,1,Regular,0,1259.6299999999999,8
12994,4,3,974.4200000000001,324.8066666666667,52,269,5,3,3,11,6.882868147474188,1.3862943611198906,1,Regular,0,974.4200000000001,3
12995,85,1,211.32,211.32,3,85,3,1,1,5,5.358094570583897,0.6931471805599453,3,New Customer,0,211.32,1
12996,376,1,355.5,355.5,22,376,2,1,2,5,5.8763342398543505,0.6931471805599453,0,Lost,1,355.5,1
12997,22,8,2110.91,263.86375,65,613,4,4,4,12,7.655348030281802,2.1972245773362196,1,Regular,0,2110.91,8
12998,493,3,920.08,306.6933333333333,58,654,1,3,3,7,6.825546894589419,1.3862943611198906,4,At Risk,1,920.08,3
12999,196,3,455.88,151.96,25,246,2,3,2,7,6.124420774356607,1.3862943611198906,3,New Customer,1,455.88,3
13000,107,4,1032.5,258.125,57,725,3,3,3,9,6.940706379121823,1.6094379124341003,1,Regular,0,1032.5,4
13001,4,33,24172.100000000002,732.4878787878788,300,736,5,5,5,15,10.092995723644439,3.5263605246161616,2,VIP,0,24172.100000000002,33
13002,318,3,414.13,138.04333333333335,19,435,2,3,2,7,6.0285917241892655,1.3862943611198906,4,At Risk,1,414.13,3
13003,106,3,149.05,49.68333333333334,4,215,3,3,1,7,5.010968571886377,1.3862943611198906,3,New Customer,0,149.05,3
13004,12,36,11650.85,323.6347222222222,417,725,5,5,5,15,9.363220244669996,3.6109179126442243,2,VIP,0,11650.85,36
13005,174,4,999.68,249.92,41,457,3,3,3,9,6.908435047886894,1.6094379124341003,1,Regular,0,999.68,4
13006,56,1,81.57,81.57,4,56,4,1,1,6,4.413646418429337,0.6931471805599453,3,New Customer,0,81.57,1
13007,580,1,175.25,175.25,11,580,1,1,1,3,5.171903441692378,0.6931471805599453,0,Lost,1,175.25,1
13008,323,3,612.13,204.04333333333332,31,723,2,3,2,7,6.4185769852303105,1.3862943611198906,4,At Risk,1,612.13,3
13009,673,1,234.0,234.0,4,673,1,1,1,3,5.459585514144159,0.6931471805599453,0,Lost,1,234.0,1
13010,374,2,330.12,165.06,10,649,2,2,2,6,5.802480847440477,1.0986122886681096,0,Lost,1,330.12,2
13011,372,1,101.10000000000001,101.10000000000002,3,372,2,1,1,4,4.62595272517062,0.6931471805599453,0,Lost,1,101.10000000000001,1
13012,9,11,2972.83,270.2572727272727,95,592,5,5,5,15,7.997605963315002,2.4849066497880004,2,VIP,0,2972.83,11
13013,1,29,12625.77,435.3713793103448,289,726,5,5,5,15,9.443574442336539,3.4011973816621555,2,VIP,0,12625.77,29
13014,11,11,5381.08,489.1890909090909,140,433,5,5,5,15,8.590830195539068,2.4849066497880004,2,VIP,0,5381.08,11
13015,53,11,6586.42,598.7654545454545,260,603,4,5,5,14,8.792917048563352,2.4849066497880004,2,VIP,0,6586.42,11
13016,73,3,789.89,263.2966666666666,39,123,3,3,3,9,6.673158893621945,1.3862943611198906,1,Regular,0,789.89,3
13017,7,1,204.0,204.0,1,7,5,1,1,7,5.3230099791384085,0.6931471805599453,3,New Customer,0,204.0,1
13018,16,35,9763.16,278.9474285714286,401,649,5,5,5,15,9.186473818105341,3.58351893845611,2,VIP,0,9763.16,35
13019,379,6,1229.95,204.99166666666667,46,733,2,4,3,9,7.115541507975305,1.9459101490553132,4,At Risk,1,1229.95,6
13020,563,2,618.96,309.48,38,660,1,2,3,6,6.42965495982885,1.0986122886681096,4,At Risk,1,618.96,2
13021,4,17,4887.24,287.48470588235296,166,735,5,5,5,15,8.494587599482408,2.8903717578961645,2,VIP,0,4887.24,17
13022,430,1,65.3,65.3,5,430,1,1,1,3,4.194189897191817,0.6931471805599453,0,Lost,1,65.3,1
13023,64,3,1449.03,483.00999999999993,69,529,3,3,4,10,7.279339524855764,1.3862943611198906,1,Regular,0,1449.03,3
13024,471,2,555.87,277.93499999999995,26,582,1,2,2,5,6.32233181950912,1.0986122886681096,4,At Risk,1,555.87,2
13025,726,1,323.39,323.39,13,732,1,1,2,4,5.781946495625555,0.6931471805599453,0,Lost,1,323.39,1
13026,1,9,1733.08,192.56444444444443,52,727,5,5,4,14,7.458232292377749,2.302585092994046,1,Regular,0,1733.08,9
13027,114,19,17335.2,912.3789473684211,7,689,3,5,5,13,9.760552079836312,2.995732273553991,2,VIP,0,17335.2,19
13028,23,2,661.3199999999999,330.6600000000001,40,45,4,2,3,9,6.49574882283055,1.0986122886681096,3,New Customer,0,661.3199999999999,2
13029,31,5,1927.3,385.4599999999999,13,523,4,4,4,12,7.564394064725559,1.791759469228055,1,Regular,0,1927.3,5
13030,11,2,1227.22,613.6100000000001,76,368,5,2,3,10,7.113321245755551,1.0986122886681096,1,Regular,0,1227.22,2
13031,407,5,3419.27,683.854,275,554,2,4,5,11,8.137474774308892,1.791759469228055,4,At Risk,1,3419.27,5
13032,52,9,2843.55,315.95000000000005,147,460,4,5,4,13,7.953160161817899,2.302585092994046,1,Regular,0,2843.55,9
13033,357,2,220.55,110.27499999999999,12,430,2,2,1,5,5.400648297645499,1.0986122886681096,0,Lost,1,220.55,2
13034,55,3,922.68,307.56,42,401,4,3,3,10,6.828365691312623,1.3862943611198906,1,Regular,0,922.68,3
13035,74,3,1364.2,454.73333333333335,27,431,3,3,4,10,7.219056217032552,1.3862943611198906,1,Regular,0,1364.2,3
13036,685,1,307.1,307.1,6,685,1,1,2,4,5.730424405602622,0.6931471805599453,0,Lost,1,307.1,1
13037,138,12,3914.9500000000003,326.24583333333334,181,736,3,5,5,13,8.272813235438143,2.5649493574615367,2,VIP,0,3914.9500000000003,12
13038,80,3,908.46,302.82,24,291,3,3,3,9,6.812851016782114,1.3862943611198906,1,Regular,0,908.46,3
13039,584,4,1010.73,252.68250000000003,37,722,1,3,3,7,6.919417015831408,1.6094379124341003,4,At Risk,1,1010.73,4
13040,9,2,676.99,338.495,38,33,5,2,3,10,6.519132538569087,1.0986122886681096,3,New Customer,0,676.99,2
13041,451,4,799.13,199.78250000000003,23,590,1,3,3,7,6.684774214466232,1.6094379124341003,4,At Risk,1,799.13,4
13042,598,3,1556.54,518.8466666666667,164,732,1,3,4,8,7.350862932514812,1.3862943611198906,4,At Risk,1,1556.54,3
13043,273,1,516.42,516.4200000000001,13,273,2,1,2,5,6.248854923817375,0.6931471805599453,3,New Customer,1,516.42,1
13044,291,11,4853.9,441.26363636363635,356,700,2,5,5,12,8.487743783190949,2.4849066497880004,2,VIP,1,4853.9,11
13045,99,3,808.92,269.64,41,486,3,3,3,9,6.696935477356759,1.3862943611198906,1,Regular,0,808.92,3
13046,31,3,949.25,316.4166666666667,50,456,4,3,3,10,6.856725107869358,1.3862943611198906,1,Regular,0,949.25,3
13047,32,24,8795.16,366.465,190,724,4,5,5,14,9.082070541595616,3.2188758248682006,2,VIP,0,8795.16,24
13048,14,9,4084.21,453.80111111111114,125,681,5,5,5,15,8.315128413561517,2.302585092994046,2,VIP,0,4084.21,9
13049,64,4,1408.24,352.06,19,401,3,3,4,10,7.250805830963473,1.6094379124341003,1,Regular,0,1408.24,4
13050,15,35,12344.53,352.70085714285716,513,724,5,5,5,15,9.421049333218992,3.58351893845611,2,VIP,0,12344.53,35
13051,579,2,155.8,77.9,4,620,1,2,1,4,5.054971107916307,1.0986122886681096,0,Lost,1,155.8,2
13052,212,7,3168.53,452.6471428571428,161,655,2,4,5,11,8.06133859089476,2.0794415416798357,1,Regular,1,3168.53,7
13053,622,1,127.65,127.65,17,622,1,1,1,3,4.857095538727753,0.6931471805599453,0,Lost,1,127.65,1
13055,78,4,2321.11,580.2775,145,430,3,3,4,10,7.7502315340901236,1.6094379124341003,1,Regular,0,2321.11,4
13056,551,1,209.48,209.47999999999996,18,551,1,1,1,3,5.349390636732037,0.6931471805599453,0,Lost,1,209.48,1
13057,530,3,722.09,240.69666666666663,34,632,1,3,3,7,6.583533695739408,1.3862943611198906,4,At Risk,1,722.09,3
13058,25,3,271.40000000000003,90.46666666666665,5,152,4,3,1,8,5.607271574275358,1.3862943611198906,3,New Customer,0,271.40000000000003,3
13059,250,10,2303.17,230.317,155,619,2,5,4,11,7.7424758038160455,2.3978952727983707,1,Regular,1,2303.17,10
13060,254,1,307.53,307.53000000000003,15,254,2,1,2,5,5.731819083350057,0.6931471805599453,3,New Customer,1,307.53,1
13061,72,1,248.61,248.61,10,72,3,1,1,5,5.519899699795292,0.6931471805599453,3,New Customer,0,248.61,1
13062,191,1,346.98,346.98,11,191,2,1,2,5,5.85214500685857,0.6931471805599453,3,New Customer,1,346.98,1
13063,481,1,188.4,188.39999999999998,12,481,1,1,1,3,5.243861180751978,0.6931471805599453,0,Lost,1,188.4,1
13064,13,6,1680.74,280.1233333333334,58,592,5,4,4,13,7.427584250701029,1.9459101490553132,1,Regular,0,1680.74,6
13065,373,5,1260.91,252.18200000000002,49,548,2,4,4,10,7.140381725185672,1.791759469228055,4,At Risk,1,1260.91,5
13066,24,2,470.8,235.39999999999998,48,32,4,2,2,8,6.1565551669735745,1.0986122886681096,3,New Customer,0,470.8,2
13067,82,3,508.51,169.50333333333336,24,446,3,3,2,8,6.233449479555548,1.3862943611198906,3,New Customer,0,508.51,3
13068,10,2,344.0,172.0,1,320,5,2,2,9,5.84354441703136,1.0986122886681096,3,New Customer,0,344.0,2
13069,1,38,9683.13,254.81921052631583,573,543,5,5,5,15,9.17824374217272,3.6635616461296463,2,VIP,0,9683.13,38
13070,192,4,751.7,187.92499999999998,12,732,2,3,3,8,6.623666742040486,1.6094379124341003,1,Regular,1,751.7,4
13071,612,1,129.22,129.22,12,612,1,1,1,3,4.869225327808716,0.6931471805599453,0,Lost,1,129.22,1
13072,267,1,177.15,177.14999999999998,7,267,2,1,1,4,5.1826258920518455,0.6931471805599453,3,New Customer,1,177.15,1
13073,411,2,418.08,209.04000000000002,25,438,1,2,2,5,6.038061832484765,1.0986122886681096,4,At Risk,1,418.08,2
13074,511,4,1378.74,344.685,26,724,1,3,4,8,7.229650354603547,1.6094379124341003,4,At Risk,1,1378.74,4
13075,130,1,919.61,919.6100000000001,22,130,3,1,3,7,6.825036493805135,0.6931471805599453,3,New Customer,0,919.61,1
13076,458,1,135.4,135.4,9,458,1,1,1,3,4.915591745409362,0.6931471805599453,0,Lost,1,135.4,1
13077,1,11,3064.67,278.60636363636365,208,729,5,5,5,15,8.028021421545077,2.4849066497880004,2,VIP,0,3064.67,11
13078,3,46,29532.45,518.1131578947369,153,739,5,5,5,15,10.29327879825586,3.8501476017100584,2,VIP,0,29532.45,57
13079,4,6,419.18,69.86333333333333,11,417,5,4,2,11,6.040683190895481,1.9459101490553132,1,Regular,0,419.18,6
13080,179,4,280.73,70.1825,17,609,3,3,1,7,5.640949165484632,1.6094379124341003,3,New Customer,0,280.73,4
13081,12,28,29730.420199999626,2114.469642857143,738,731,5,5,5,15,10.299959684780548,3.367295829986474,2,VIP,0,59205.15,28
13082,126,21,7335.75,349.32142857142856,99,717,3,5,5,13,8.900651244261311,3.091042453358316,2,VIP,0,7335.75,21
13083,4,3,395.43,131.81,19,425,5,3,2,10,5.982499480722332,1.3862943611198906,3,New Customer,0,395.43,3
13084,492,1,122.39999999999999,122.39999999999999,2,492,1,1,1,3,4.8154311114712876,0.6931471805599453,0,Lost,1,122.39999999999999,1
13085,158,8,2433.28,304.16,50,739,3,4,4,11,7.7974063039073975,2.1972245773362196,1,Regular,0,2433.28,8
13086,383,1,439.33000000000004,439.33,47,383,2,1,2,5,6.087524445802853,0.6931471805599453,0,Lost,1,439.33000000000004,1
13087,726,1,313.64,313.64,15,726,1,1,2,4,5.751429128123554,0.6931471805599453,0,Lost,1,313.64,1
13088,417,1,236.11,236.10999999999999,19,417,1,1,1,3,5.468524168478886,0.6931471805599453,0,Lost,1,236.11,1
13089,3,46,29730.420199999626,575.0633497536945,857,737,5,5,5,15,10.299959684780548,3.8501476017100584,2,VIP,0,116737.86,203
13090,9,24,14103.09,587.62875,163,494,5,5,5,15,9.55422010522581,3.2188758248682006,2,VIP,0,14103.09,24
13091,28,3,2321.82,773.9400000000002,41,730,4,3,4,11,7.7505372437587425,1.3862943611198906,1,Regular,0,2321.82,3
13092,71,12,2140.28,178.35666666666668,52,668,3,5,4,12,7.669159060048065,2.5649493574615367,1,Regular,0,2140.28,12
13093,276,46,29730.420199999626,998.9754545454545,199,736,2,5,5,12,10.299959684780548,3.8501476017100584,2,VIP,1,54943.65,55
13094,21,13,2433.1200000000003,187.16307692307691,5,389,4,5,4,13,7.797340573893407,2.639057329615259,2,VIP,0,2433.1200000000003,13
13095,71,1,74.39999999999999,74.4,6,71,3,1,1,5,4.32280727501391,0.6931471805599453,3,New Customer,0,74.39999999999999,1
13096,394,1,419.70000000000005,419.70000000000005,1,394,2,1,2,5,6.041919990596475,0.6931471805599453,0,Lost,1,419.70000000000005,1
13097,33,28,13389.22,478.18642857142856,390,738,4,5,5,14,9.502279868722015,3.367295829986474,2,VIP,0,13389.22,28
13098,1,28,28882.44,1031.5157142857142,156,317,5,5,5,15,10.271023699486712,3.367295829986474,2,VIP,0,28882.44,28
13099,99,1,207.35999999999999,207.35999999999999,1,99,3,1,1,5,5.339267352876991,0.6931471805599453,3,New Customer,0,207.35999999999999,1
13101,234,4,695.4,173.85,48,681,2,3,3,8,6.545924207894034,1.6094379124341003,4,At Risk,1,695.4,4
13102,1,37,11696.92,316.132972972973,212,582,5,5,5,15,9.367166327203728,3.6375861597263857,2,VIP,0,11696.92,37
13103,40,3,709.64,236.54666666666665,27,577,4,3,3,10,6.566165972461445,1.3862943611198906,3,New Customer,0,709.64,3
13104,3,9,1709.1,189.89999999999998,15,653,5,5,4,14,7.444307127319008,2.302585092994046,1,Regular,0,1709.1,9
13105,436,1,72.0,72.0,1,436,1,1,1,3,4.290459441148391,0.6931471805599453,0,Lost,1,72.0,1
13106,133,2,603.46,301.73,15,413,3,2,2,7,6.4043354974767395,1.0986122886681096,3,New Customer,0,603.46,2
13107,44,9,5253.07,583.6744444444445,142,674,4,5,5,14,8.56675829333907,2.302585092994046,2,VIP,0,5253.07,9
13108,373,2,1098.52,549.26,27,435,2,2,3,7,7.002628999915781,1.0986122886681096,4,At Risk,1,1098.52,2
13109,60,3,1134.03,378.01,57,551,3,3,3,9,7.034414361284253,1.3862943611198906,1,Regular,0,1134.03,3
13110,31,12,2957.4700000000003,246.45583333333335,167,738,4,5,4,13,7.992427521791549,2.5649493574615367,2,VIP,0,2957.4700000000003,12
13111,719,1,321.88000000000005,321.88000000000005,12,719,1,1,2,4,5.777280737165245,0.6931471805599453,0,Lost,1,321.88000000000005,1
13112,541,1,20.6,20.6,2,541,1,1,1,3,3.0726933146901194,0.6931471805599453,0,Lost,1,20.6,1
13113,1,37,18625.73,503.3981081081081,166,621,5,5,5,15,9.832352924840173,3.6375861597263857,2,VIP,0,18625.73,37
13114,726,1,234.38,234.38,16,731,1,1,1,3,5.461201229449516,0.6931471805599453,0,Lost,1,234.38,1
13115,12,10,5494.7,549.47,178,599,5,5,5,15,8.611721247259522,2.3978952727983707,2,VIP,0,5494.7,10
13116,138,1,501.14,501.14,30,138,3,1,2,6,6.218878965272838,0.6931471805599453,3,New Customer,0,501.14,1
13117,22,18,2643.81,146.87833333333336,122,623,4,5,4,13,7.880354508063847,2.9444389791664403,2,VIP,0,2643.81,18
13118,20,9,2415.41,268.37888888888887,111,439,4,5,4,13,7.790038246643707,2.302585092994046,1,Regular,0,2415.41,9
13119,669,1,134.9,134.9,11,669,1,1,1,3,4.911919321157098,0.6931471805599453,0,Lost,1,134.9,1
13120,239,1,30.599999999999998,30.599999999999998,1,239,2,1,1,4,3.4531571205928664,0.6931471805599453,3,New Customer,1,30.599999999999998,1
13121,269,1,283.73,283.72999999999996,50,269,2,1,1,4,5.6515413628105104,0.6931471805599453,3,New Customer,1,283.73,1
13122,94,2,922.39,461.195,54,240,3,2,3,8,6.828051680471256,1.0986122886681096,3,New Customer,0,922.39,2
13123,473,2,506.75,253.37499999999997,36,530,1,2,2,5,6.229989200460494,1.0986122886681096,4,At Risk,1,506.75,2
13124,90,4,4782.45,1195.6125000000002,216,385,3,3,5,11,8.472917322466122,1.6094379124341003,1,Regular,0,4782.45,4
13125,524,1,158.57,158.57,20,524,1,1,1,3,5.072482697422336,0.6931471805599453,0,Lost,1,158.57,1
13126,5,13,3998.25,307.55769230769226,183,648,5,5,5,15,8.293862122521706,2.639057329615259,2,VIP,0,3998.25,13
13127,78,1,259.17,259.16999999999996,15,78,3,1,1,5,5.561335263505108,0.6931471805599453,3,New Customer,0,259.17,1
13128,631,1,263.5,263.5,1,631,1,1,1,3,5.577841251298354,0.6931471805599453,0,Lost,1,263.5,1
13129,452,2,233.25,116.625,10,530,1,2,1,4,5.456388921118531,1.0986122886681096,0,Lost,1,233.25,2
13130,94,1,64.0,64.0,2,94,3,1,1,5,4.174387269895637,0.6931471805599453,3,New Customer,0,64.0,1
13131,23,7,3313.77,473.39571428571435,107,669,4,4,5,13,8.106143518614155,2.0794415416798357,1,Regular,0,3313.77,7
13132,262,1,77.3,77.3,3,262,2,1,1,4,4.360547602996757,0.6931471805599453,3,New Customer,1,77.3,1
13133,274,3,200.45000000000002,66.81666666666666,12,459,2,3,1,6,5.305541211637356,1.3862943611198906,3,New Customer,1,200.45000000000002,3
13134,86,6,2475.23,412.53833333333336,110,416,3,4,4,11,7.814492521251219,1.9459101490553132,1,Regular,0,2475.23,6
13135,197,2,3371.45,1685.725,18,491,2,2,5,9,8.12339476217512,1.0986122886681096,1,Regular,1,3371.45,2
13136,56,13,6274.56,482.65846153846155,204,731,4,5,5,14,8.74441800304595,2.639057329615259,2,VIP,0,6274.56,13
13137,11,16,7712.7,482.04375,628,502,5,5,5,15,8.950753247682654,2.833213344056216,2,VIP,0,7712.7,16
13138,22,7,1467.24,209.60571428571433,41,397,4,4,4,12,7.291819683550217,2.0794415416798357,1,Regular,0,1467.24,7
13139,16,8,8202.98,1025.3725,214,438,5,4,5,14,9.012374681354098,2.1972245773362196,2,VIP,0,8202.98,8
13140,108,5,1215.68,243.13600000000002,89,491,3,4,3,10,7.103881116752489,1.791759469228055,1,Regular,0,1215.68,5
13141,85,17,7668.58,451.09294117647056,285,730,3,5,5,13,8.945017134061462,2.8903717578961645,2,VIP,0,7668.58,17
13142,19,1,307.09,307.0899999999999,23,19,5,1,2,8,5.7303919480814,0.6931471805599453,3,New Customer,0,307.09,1
13143,585,1,405.1,405.1,23,585,1,1,2,4,6.006599434692252,0.6931471805599453,0,Lost,1,405.1,1
13144,333,2,135.35,67.675,6,431,2,2,1,5,4.9152251092915975,1.0986122886681096,0,Lost,1,135.35,2
13145,40,7,1423.52,203.35999999999999,5,600,4,4,4,12,7.261590193853443,2.0794415416798357,1,Regular,0,1423.52,7
13146,26,1,228.91,228.91,16,26,4,1,1,6,5.437687927995845,0.6931471805599453,3,New Customer,0,228.91,1
13147,10,4,712.8000000000001,178.20000000000002,1,100,5,3,3,11,6.57060281105606,1.6094379124341003,1,Regular,0,712.8000000000001,4
13148,29,26,8621.81,331.6080769230769,451,732,4,5,5,14,9.062166296614707,3.295836866004329,2,VIP,0,8621.81,26
13149,14,4,1676.06,419.01500000000004,76,289,5,3,4,12,7.424797539358498,1.6094379124341003,1,Regular,0,1676.06,4
13150,484,3,449.96999999999997,149.98999999999998,7,631,1,3,2,6,6.111400818443195,1.3862943611198906,4,At Risk,1,449.96999999999997,3
13151,296,3,2580.7400000000002,860.2466666666668,131,628,2,3,4,9,7.856218869202286,1.3862943611198906,4,At Risk,1,2580.7400000000002,3
13152,417,7,2146.38,306.6257142857143,114,695,1,4,4,9,7.672003773368138,2.0794415416798357,4,At Risk,1,2146.38,7
13153,6,1,486.22,486.22,15,6,5,1,2,8,6.188715766456242,0.6931471805599453,3,New Customer,0,486.22,1
13154,399,3,1624.84,541.6133333333333,78,736,2,3,4,9,7.3937798842820515,1.3862943611198906,4,At Risk,1,1624.84,3
13155,33,6,1750.18,291.6966666666667,79,492,4,4,4,12,7.468045125403372,1.9459101490553132,1,Regular,0,1750.18,6
13156,385,3,1586.54,528.8466666666667,94,676,2,3,4,9,7.369940927299805,1.3862943611198906,4,At Risk,1,1586.54,3
13157,49,9,5687.36,631.9288888888889,173,642,4,5,5,14,8.646177260619517,2.302585092994046,2,VIP,0,5687.36,9
13158,95,5,1508.18,301.636,70,388,3,4,4,11,7.319321735948278,1.791759469228055,1,Regular,0,1508.18,5
13159,9,4,1437.85,359.4625,114,116,5,3,4,12,7.271599462399201,1.6094379124341003,1,Regular,0,1437.85,4
13160,22,1,91.8,91.8,4,22,4,1,1,6,4.530446639792155,0.6931471805599453,3,New Customer,0,91.8,1
13161,313,2,478.88,239.44,30,501,2,2,2,6,6.173536072646727,1.0986122886681096,4,At Risk,1,478.88,2
13162,122,16,9275.49,579.7181250000001,186,735,3,5,5,13,9.135238521473575,2.833213344056216,2,VIP,0,9275.49,16
13163,610,1,17.65,17.65,2,610,1,1,1,3,2.9258461460898246,0.6931471805599453,0,Lost,1,17.65,1
13164,569,2,372.2,186.1,7,668,1,2,2,5,5.922114468973189,1.0986122886681096,0,Lost,1,372.2,2
13165,46,3,1451.16,483.71999999999997,47,413,4,3,4,11,7.280807382151422,1.3862943611198906,1,Regular,0,1451.16,3
13166,283,2,884.18,442.09000000000003,55,414,2,2,3,7,6.785791014157531,1.0986122886681096,4,At Risk,1,884.18,2
13167,19,5,1125.15,225.03000000000003,64,390,5,4,3,12,7.026560014747387,1.791759469228055,1,Regular,0,1125.15,5
13168,36,5,1875.31,375.062,127,542,4,4,4,12,7.537062361117244,1.791759469228055,1,Regular,0,1875.31,5
13169,64,3,840.08,280.02666666666664,16,562,3,3,3,9,6.734686780300234,1.3862943611198906,1,Regular,0,840.08,3
13170,27,1,116.00999999999999,116.00999999999999,29,27,4,1,1,6,4.7622594012308666,0.6931471805599453,3,New Customer,0,116.00999999999999,1
13171,22,3,468.41,156.13666666666666,37,299,4,3,2,9,6.151476586982076,1.3862943611198906,3,New Customer,0,468.41,3
13172,400,1,69.6,69.6,1,400,2,1,1,4,4.257030144499196,0.6931471805599453,0,Lost,1,69.6,1
13173,4,11,2639.35,239.9409090909091,160,729,5,5,4,14,7.878666763110548,2.4849066497880004,2,VIP,0,2639.35,11
13174,16,12,9494.84,791.2366666666667,602,735,5,5,5,15,9.15860908694789,2.5649493574615367,2,VIP,0,9494.84,12
13175,582,2,831.45,415.725,40,736,1,2,3,6,6.724373159990861,1.0986122886681096,4,At Risk,1,831.45,2
13176,46,1,492.84,492.84000000000003,66,46,4,1,2,7,6.202211578085641,0.6931471805599453,3,New Customer,0,492.84,1
13177,65,2,512.2,256.1000000000001,23,431,3,2,2,7,6.240665632741481,1.0986122886681096,3,New Customer,0,512.2,2
13178,26,21,14059.19,669.4852380952381,194,723,4,5,5,14,9.551102678786863,3.091042453358316,2,VIP,0,14059.19,21
13179,619,1,572.3100000000001,572.31,34,619,1,1,2,4,6.3514265826367975,0.6931471805599453,0,Lost,1,572.3100000000001,1
13180,607,1,86.10000000000001,86.10000000000001,4,607,1,1,1,3,4.467056883858457,0.6931471805599453,0,Lost,1,86.10000000000001,1
13181,381,1,359.69,359.69,19,381,2,1,2,5,5.888018863654928,0.6931471805599453,0,Lost,1,359.69,1
13182,45,1,121.18,121.18,11,45,4,1,1,6,4.805495367221621,0.6931471805599453,3,New Customer,0,121.18,1
13183,8,15,7036.18,469.07866666666666,64,636,5,5,5,15,8.858962800721406,2.772588722239781,2,VIP,0,7036.18,15
13184,15,10,1701.29,170.129,138,290,5,5,4,14,7.439729682398054,2.3978952727983707,1,Regular,0,1701.29,10
13185,268,1,71.4,71.4,1,268,2,1,1,4,4.282206299391671,0.6931471805599453,0,Lost,1,71.4,1
13186,40,3,1575.89,525.2966666666667,69,129,4,3,4,11,7.363209831835215,1.3862943611198906,1,Regular,0,1575.89,3
13187,337,4,367.01,91.7525,51,624,2,3,2,7,5.90811011171277,1.6094379124341003,4,At Risk,1,367.01,4
13188,11,1,114.60000000000001,114.60000000000001,2,11,5,1,1,7,4.750135956238277,0.6931471805599453,3,New Customer,0,114.60000000000001,1
13189,19,2,260.68,130.33999999999997,29,115,5,2,1,8,5.567122383230129,1.0986122886681096,3,New Customer,0,260.68,2
13190,544,3,570.66,190.22,16,733,1,3,2,6,6.348544409056351,1.3862943611198906,4,At Risk,1,570.66,3
13191,658,1,164.69,164.69000000000003,58,658,1,1,1,3,5.1101185725812055,0.6931471805599453,0,Lost,1,164.69,1
13192,95,6,2558.58,426.43,135,687,3,4,4,11,7.847598461513884,1.9459101490553132,1,Regular,0,2558.58,6
13193,61,1,117.88,117.88000000000001,22,61,3,1,1,5,4.778114580969449,0.6931471805599453,3,New Customer,0,117.88,1
13194,136,2,472.78,236.38999999999996,10,422,3,2,2,7,6.160743078929981,1.0986122886681096,3,New Customer,0,472.78,2
13195,414,1,172.38,172.38,43,414,1,1,1,3,5.155485717440494,0.6931471805599453,0,Lost,1,172.38,1
13196,11,7,3068.84,438.4057142857143,141,617,5,4,5,14,8.029380721959248,2.0794415416798357,1,Regular,0,3068.84,7
13197,610,1,373.01000000000005,373.01000000000005,19,610,1,1,2,4,5.924282535024993,0.6931471805599453,0,Lost,1,373.01000000000005,1
13198,10,8,4974.2300000000005,621.77875,265,434,5,4,5,14,8.512226879679845,2.1972245773362196,2,VIP,0,4974.2300000000005,8
13199,4,46,16432.89,245.26701492537313,61,735,5,5,5,15,9.707100945028303,3.8501476017100584,2,VIP,0,16432.89,67
13200,19,4,870.09,217.52250000000004,42,126,5,3,3,11,6.769745301020691,1.6094379124341003,1,Regular,0,870.09,4
13201,502,4,1240.6100000000001,310.15250000000003,65,643,1,3,3,7,7.124164203520231,1.6094379124341003,4,At Risk,1,1240.6100000000001,4
13202,394,7,1580.3,225.7571428571429,55,731,2,4,4,10,7.366002572529271,2.0794415416798357,4,At Risk,1,1580.3,7
13203,10,10,2648.25,264.825,158,722,5,5,4,14,7.882031860054945,2.3978952727983707,1,Regular,0,2648.25,10
13204,726,1,966.6600000000001,966.6599999999999,57,731,1,1,3,5,6.874880785908055,0.6931471805599453,0,Lost,1,966.6600000000001,1
13205,443,1,2803.2,2803.2,1,443,1,1,4,6,7.938873572287031,0.6931471805599453,4,At Risk,1,2803.2,1
13206,400,13,8377.32,644.4092307692307,393,732,2,5,5,12,9.033402696050894,2.639057329615259,2,VIP,1,8377.32,13
13207,15,4,535.86,133.96500000000003,10,612,5,3,2,10,6.285737352883712,1.6094379124341003,1,Regular,0,535.86,4
13208,59,9,1988.5,220.94444444444446,198,736,4,5,4,13,7.595638629866984,2.302585092994046,1,Regular,0,1988.5,9
13209,30,13,8509.51,654.5776923076921,284,684,4,5,5,14,9.049057149266432,2.639057329615259,2,VIP,0,8509.51,13
13210,94,1,353.48,353.48,22,94,3,1,2,6,5.8706519268912345,0.6931471805599453,3,New Customer,0,353.48,1
13211,10,10,2729.32,272.93199999999996,98,733,5,5,4,14,7.912174097426949,2.3978952727983707,1,Regular,0,2729.32,10
13212,20,3,788.08,262.6933333333333,128,61,4,3,3,10,6.670867709875668,1.3862943611198906,1,Regular,0,788.08,3
13213,57,11,3851.52,350.1381818181818,181,568,4,5,5,14,8.25648275861493,2.4849066497880004,2,VIP,0,3851.52,11
13214,418,7,3264.23,466.31857142857143,207,646,1,4,5,10,8.091085483333597,2.0794415416798357,4,At Risk,1,3264.23,7
13215,402,1,81.6,81.6,1,402,2,1,1,4,4.414009680526933,0.6931471805599453,0,Lost,1,81.6,1
13216,268,1,333.74,333.74,5,268,2,1,2,5,5.813354111085492,0.6931471805599453,3,New Customer,1,333.74,1
13217,122,4,666.48,166.62,3,656,3,3,3,9,6.503509427278702,1.6094379124341003,1,Regular,0,666.48,4
13218,127,1,62.63999999999999,62.64,5,127,3,1,1,5,4.153242203469586,0.6931471805599453,3,New Customer,0,62.63999999999999,1
13219,618,1,76.23,76.23,11,618,1,1,1,3,4.346787982581173,0.6931471805599453,0,Lost,1,76.23,1
13220,78,5,1336.0900000000001,267.21799999999996,46,576,3,4,4,11,7.198250889720467,1.791759469228055,1,Regular,0,1336.0900000000001,5
13221,240,2,847.41,423.70500000000004,62,359,2,2,3,7,6.743364009514037,1.0986122886681096,4,At Risk,1,847.41,2
13222,577,1,88.5,88.5,1,577,1,1,1,3,4.4942386252808095,0.6931471805599453,0,Lost,1,88.5,1
13223,200,6,969.1200000000001,161.52,8,665,2,4,3,9,6.877419775186018,1.9459101490553132,1,Regular,1,969.1200000000001,6
13224,60,2,2155.95,1077.9749999999997,101,151,3,2,4,9,7.676450465777419,1.0986122886681096,1,Regular,0,2155.95,2
13225,3,16,16260.07,1016.254375,60,723,5,5,5,15,9.696529186594761,2.833213344056216,2,VIP,0,16260.07,16
13226,273,2,312.46,156.23,28,393,2,2,2,6,5.747671760225922,1.0986122886681096,3,New Customer,1,312.46,2
13227,202,1,257.7,257.7,9,202,2,1,1,4,5.5556690891919835,0.6931471805599453,3,New Customer,1,257.7,1
13228,81,1,358.0,358.0,2,81,3,1,2,6,5.883322388488279,0.6931471805599453,3,New Customer,0,358.0,1
13229,226,1,160.95,160.95,10,226,2,1,1,4,5.087287645617338,0.6931471805599453,3,New Customer,1,160.95,1
13230,4,30,6360.78,212.026,653,631,5,5,5,15,8.758063491390523,3.4339872044851463,2,VIP,0,6360.78,30
13232,13,7,1357.6,193.94285714285715,147,243,5,4,4,13,7.214210036757201,2.0794415416798357,1,Regular,0,1357.6,7
13233,74,4,1176.46,294.115,74,694,3,3,3,9,7.071114855037561,1.6094379124341003,1,Regular,0,1176.46,4
13234,673,2,356.95,178.47499999999997,56,733,1,2,2,5,5.880393311842194,1.0986122886681096,0,Lost,1,356.95,2
13235,212,1,1031.07,1031.0700000000002,53,212,2,1,3,6,6.939321773198559,0.6931471805599453,3,New Customer,1,1031.07,1
13236,25,2,744.85,372.425,34,107,4,2,3,9,6.614524507599939,1.0986122886681096,3,New Customer,0,744.85,2
13237,388,1,643.0,643.0,24,388,2,1,3,6,6.467698726104354,0.6931471805599453,4,At Risk,1,643.0,1
13238,17,6,1006.63,167.77166666666662,24,590,5,4,3,12,6.915356317754957,1.9459101490553132,1,Regular,0,1006.63,6
13239,262,5,1594.69,318.938,86,502,2,4,4,10,7.375061523554606,1.791759469228055,4,At Risk,1,1594.69,5
13240,96,8,1738.52,217.315,160,652,3,4,4,11,7.461364492082669,2.1972245773362196,1,Regular,0,1738.52,8
13241,412,1,115.58,115.58,40,412,1,1,1,3,4.758577732617404,0.6931471805599453,0,Lost,1,115.58,1
13242,112,7,699.4,99.9142857142857,19,668,3,4,3,10,6.551651600411697,2.0794415416798357,1,Regular,0,699.4,7
13243,203,5,1278.04,255.608,165,631,2,4,4,10,7.153865075522958,1.791759469228055,1,Regular,1,1278.04,5
13244,93,1,121.74000000000001,121.74,27,93,3,1,1,5,4.810068296960951,0.6931471805599453,3,New Customer,0,121.74000000000001,1
13245,51,2,989.22,494.60999999999996,43,432,4,2,3,9,6.897927140663157,1.0986122886681096,3,New Customer,0,989.22,2
13246,18,11,3387.43,307.94818181818187,229,525,5,5,5,15,8.12812196625448,2.4849066497880004,2,VIP,0,3387.43,11
13247,18,4,501.12,125.27999999999999,18,83,5,3,2,10,6.218839134950008,1.6094379124341003,1,Regular,0,501.12,4
13248,125,2,465.68,232.83999999999997,25,189,3,2,2,7,6.145643797955656,1.0986122886681096,3,New Customer,0,465.68,2
13249,92,9,1608.93,178.77,21,685,3,5,4,12,7.383945978772432,2.302585092994046,1,Regular,0,1608.93,9
13250,461,2,256.04,128.01999999999998,17,502,1,2,1,4,5.549231714807603,1.0986122886681096,0,Lost,1,256.04,2
13251,402,1,252.68,252.68,25,402,2,1,1,4,5.536073630230092,0.6931471805599453,0,Lost,1,252.68,1
13252,394,2,399.3,199.65,19,626,2,2,2,6,5.992214265998528,1.0986122886681096,4,At Risk,1,399.3,2
13253,157,4,2951.11,737.7775,73,704,3,3,4,10,7.990275447898748,1.6094379124341003,1,Regular,0,2951.11,4
13254,376,1,51.410000000000004,51.410000000000004,4,376,2,1,1,4,3.959097412814075,0.6931471805599453,0,Lost,1,51.410000000000004,1
13255,9,3,904.46,301.4866666666666,26,512,5,3,3,11,6.808443101858514,1.3862943611198906,1,Regular,0,904.46,3
13257,436,1,149.75,149.75,7,436,1,1,1,3,5.015622835607295,0.6931471805599453,0,Lost,1,149.75,1
13258,12,5,1035.18,207.03599999999997,29,401,5,4,3,12,6.943296152901229,1.791759469228055,1,Regular,0,1035.18,5
13259,62,9,1433.38,159.26444444444445,234,699,3,5,4,12,7.268487979081614,2.302585092994046,1,Regular,0,1433.38,9
13260,61,1,557.62,557.62,8,61,3,1,2,6,6.325469456665338,0.6931471805599453,3,New Customer,0,557.62,1
13261,269,2,944.1,472.05,8,286,2,2,3,7,6.8512907420010105,1.0986122886681096,4,At Risk,1,944.1,2
13262,263,3,573.45,191.14999999999998,48,601,2,3,2,7,6.353413061299374,1.3862943611198906,4,At Risk,1,573.45,3
13263,1,39,8704.69,223.19717948717945,507,413,5,5,5,15,9.071732113851352,3.6888794541139363,2,VIP,0,8704.69,39
13264,443,1,722.5600000000001,722.56,38,443,1,1,3,5,6.584183472833434,0.6931471805599453,4,At Risk,1,722.5600000000001,1
13265,53,5,2107.66,421.53200000000004,66,274,4,4,4,12,7.653807953637001,1.791759469228055,1,Regular,0,2107.66,5
13266,11,19,6135.04,322.8968421052631,154,723,5,5,5,15,8.721934861930668,2.995732273553991,2,VIP,0,6135.04,19
13267,3,36,9758.26,271.0627777777778,152,732,5,5,5,15,9.18597185686055,3.6109179126442243,2,VIP,0,9758.26,36
13268,18,11,3214.69,292.24454545454546,257,267,5,5,5,15,8.075797232617925,2.4849066497880004,2,VIP,0,3214.69,11
13269,1,28,8891.7,317.5607142857143,238,738,5,5,5,15,9.092985994432782,3.367295829986474,2,VIP,0,8891.7,28
13270,366,1,1180.0,1180.0,1,366,2,1,3,6,7.074116816197362,0.6931471805599453,4,At Risk,1,1180.0,1
13271,37,1,217.38,217.38,79,37,4,1,1,6,5.38623666458592,0.6931471805599453,3,New Customer,0,217.38,1
13272,31,2,276.56,138.28000000000003,15,90,4,2,1,7,5.626037126031348,1.0986122886681096,3,New Customer,0,276.56,2
13273,113,1,138.98,138.98,16,113,3,1,1,5,4.941499555261394,0.6931471805599453,3,New Customer,0,138.98,1
13274,409,1,360.85,360.8500000000001,19,409,2,1,2,5,5.891229761312137,0.6931471805599453,0,Lost,1,360.85,1
13275,384,2,241.66,120.83,48,632,2,2,1,5,5.491661286623727,1.0986122886681096,0,Lost,1,241.66,2
13276,64,5,1939.26,387.852,209,642,3,4,4,11,7.57057726369597,1.791759469228055,1,Regular,0,1939.26,5
13277,16,7,523.3,74.75714285714285,10,540,5,4,2,11,6.262064039578487,2.0794415416798357,1,Regular,0,523.3,7
13278,41,4,1435.85,358.9625,80,611,4,3,4,11,7.27020849649701,1.6094379124341003,1,Regular,0,1435.85,4
13279,78,1,137.75,137.75,9,78,3,1,1,5,4.932673752626544,0.6931471805599453,3,New Customer,0,137.75,1
13280,122,7,2322.63,331.80428571428575,159,645,3,4,4,11,7.750885897035204,2.0794415416798357,1,Regular,0,2322.63,7
13281,439,1,350.85,350.85,22,439,1,1,2,4,5.863204948412558,0.6931471805599453,0,Lost,1,350.85,1
13282,18,4,1313.19,328.29749999999996,42,406,5,3,4,12,7.1809757852429135,1.6094379124341003,1,Regular,0,1313.19,4
13283,60,4,373.36,93.34,19,640,3,3,2,8,5.925217901289056,1.6094379124341003,3,New Customer,0,373.36,4
13284,331,1,201.19,201.19,13,331,2,1,1,4,5.309207849379209,0.6931471805599453,0,Lost,1,201.19,1
13285,23,6,3364.59,560.765,182,624,4,4,5,13,8.121358561033485,1.9459101490553132,1,Regular,0,3364.59,6
13286,600,1,734.91,734.91,46,600,1,1,3,5,6.601107828643053,0.6931471805599453,0,Lost,1,734.91,1
13287,603,3,781.59,260.53000000000003,46,705,1,3,3,7,6.662608931774919,1.3862943611198906,4,At Risk,1,781.59,3
13288,443,5,927.61,185.522,7,666,1,4,3,8,6.833688844427256,1.791759469228055,4,At Risk,1,927.61,5
13289,724,1,307.95,307.95000000000005,16,724,1,1,2,4,5.733179451506989,0.6931471805599453,0,Lost,1,307.95,1
13290,438,1,208.63,208.63,1,438,1,1,1,3,5.345344071975791,0.6931471805599453,0,Lost,1,208.63,1
13291,156,11,3320.84,301.8945454545455,155,666,3,5,5,13,8.108274125256557,2.4849066497880004,2,VIP,0,3320.84,11
13292,39,5,994.51,198.902,55,526,4,4,3,11,6.903255168657213,1.791759469228055,1,Regular,0,994.51,5
13293,392,6,1192.94,198.82333333333335,51,669,2,4,3,9,7.085014041433629,1.9459101490553132,4,At Risk,1,1192.94,6
13294,190,3,1689.53,563.1766666666666,93,646,2,3,4,9,7.432797368219404,1.3862943611198906,1,Regular,1,1689.53,3
13295,360,4,1101.97,275.4925,56,577,2,3,3,8,7.005761820334205,1.6094379124341003,4,At Risk,1,1101.97,4
13296,137,6,792.51,132.08499999999998,50,577,3,4,3,10,6.676466142281509,1.9459101490553132,1,Regular,0,792.51,6
13297,8,7,4368.62,624.0885714285714,108,543,5,4,5,14,8.382431327786959,2.0794415416798357,1,Regular,0,4368.62,7
13298,1,1,360.0,360.0,2,1,5,1,2,8,5.8888779583328805,0.6931471805599453,3,New Customer,0,360.0,1
13299,268,3,1218.7,406.23333333333335,56,529,2,3,3,8,7.106360205849192,1.3862943611198906,4,At Risk,1,1218.7,3
13300,169,3,1285.51,428.5033333333334,44,574,3,3,4,10,7.1596884047191836,1.3862943611198906,1,Regular,0,1285.51,3
13301,104,4,618.09,154.5225,75,292,3,3,2,8,6.428250657915328,1.6094379124341003,1,Regular,0,618.09,4
13302,155,2,159.2,79.6,3,527,3,2,1,6,5.076423034634259,1.0986122886681096,3,New Customer,0,159.2,2
13303,400,1,61.72,61.72,4,400,2,1,1,4,4.138680376042152,0.6931471805599453,0,Lost,1,61.72,1
13304,351,4,1217.99,304.4975000000001,59,670,2,3,3,8,7.105777926002176,1.6094379124341003,4,At Risk,1,1217.99,4
13305,4,16,3754.71,234.66937500000003,153,639,5,5,5,15,8.231032627549666,2.833213344056216,2,VIP,0,3754.71,16
13306,430,1,53.65,53.65,4,430,1,1,1,3,4.000949214622548,0.6931471805599453,0,Lost,1,53.65,1
13307,120,3,273.34,91.11333333333333,15,592,3,3,1,7,5.614368213050261,1.3862943611198906,3,New Customer,0,273.34,3
13308,23,4,1670.3700000000001,417.5925,65,597,4,3,4,11,7.42139892838148,1.6094379124341003,1,Regular,0,1670.3700000000001,4
13309,7,6,1706.3700000000001,284.39500000000004,95,393,5,4,4,13,7.442709453846698,1.9459101490553132,1,Regular,0,1706.3700000000001,6
13310,28,5,1541.2,308.24000000000007,80,402,4,4,4,12,7.34096524739886,1.791759469228055,1,Regular,0,1541.2,5
13311,4,2,598.57,299.285,25,150,5,2,2,9,6.396212731621162,1.0986122886681096,3,New Customer,0,598.57,2
13312,451,1,124.75,124.75,5,451,1,1,1,3,4.8342958089798485,0.6931471805599453,0,Lost,1,124.75,1
13313,22,12,3445.32,287.11000000000007,105,737,4,5,5,14,8.145062274064983,2.5649493574615367,2,VIP,0,3445.32,12
13314,2,3,775.94,258.6466666666667,55,74,5,3,3,11,6.655363127308804,1.3862943611198906,1,Regular,0,775.94,3
13315,689,1,310.26,310.26,22,689,1,1,2,4,5.740628575776864,0.6931471805599453,0,Lost,1,310.26,1
13316,37,10,13191.57,1319.1570000000002,115,640,4,5,5,14,9.487409071310847,2.3978952727983707,2,VIP,0,13191.57,10
13317,66,19,6486.091,341.3732105263158,222,727,3,5,5,13,8.777569481170776,2.995732273553991,2,VIP,0,6486.091,19
13318,1,3,640.76,213.5866666666667,14,37,5,3,3,11,6.464214402021743,1.3862943611198906,3,New Customer,0,640.76,3
13319,5,46,22082.5,380.73275862068965,345,733,5,5,5,15,10.00258600232169,3.8501476017100584,2,VIP,0,22082.5,58
13320,78,6,2228.1,371.34999999999997,98,479,3,4,4,11,7.709353195546886,1.9459101490553132,1,Regular,0,2228.1,6
13321,72,2,567.36,283.68,10,86,3,2,2,7,6.342755020769874,1.0986122886681096,3,New Customer,0,567.36,2
13322,17,1,199.48000000000002,199.48,25,17,5,1,1,7,5.300714491147758,0.6931471805599453,3,New Customer,0,199.48000000000002,1
13323,3,5,787.85,157.57,6,84,5,4,3,12,6.670576188703463,1.791759469228055,1,Regular,0,787.85,5
13324,36,18,10513.47,584.0816666666665,36,564,4,5,5,14,9.260507682681968,2.9444389791664403,2,VIP,0,10513.47,18
13325,82,1,675.3,675.3,12,82,3,1,3,7,6.516636764580894,0.6931471805599453,3,New Customer,0,675.3,1
13326,432,1,281.76,281.76,13,432,1,1,1,3,5.644598481302753,0.6931471805599453,0,Lost,1,281.76,1
13327,39,20,9879.48,493.974,175,721,4,5,5,14,9.19831637255775,3.044522437723423,2,VIP,0,9879.48,20
13328,316,1,1308.48,1308.48,17,316,2,1,4,7,7.177385390826169,0.6931471805599453,4,At Risk,1,1308.48,1
13329,32,8,5112.97,639.1212499999999,68,735,4,4,5,13,8.539731289584415,2.1972245773362196,2,VIP,0,5112.97,8
13330,93,6,2806.18,467.6966666666667,80,655,3,4,4,11,7.93993569970672,1.9459101490553132,1,Regular,0,2806.18,6
13331,402,1,262.4,262.4,12,402,2,1,1,4,5.573673789309181,0.6931471805599453,0,Lost,1,262.4,1
13332,14,1,350.9,350.9,21,14,5,1,2,8,5.863347044327539,0.6931471805599453,3,New Customer,0,350.9,1
13333,411,3,1015.74,338.58,54,659,1,3,3,7,6.924356709479563,1.3862943611198906,4,At Risk,1,1015.74,3
13334,82,5,6263.75,1252.75,307,653,3,4,5,12,8.742693962304125,1.791759469228055,1,Regular,0,6263.75,5
13336,77,1,795.12,795.1200000000001,51,77,3,1,3,7,6.67974992825102,0.6931471805599453,3,New Customer,0,795.12,1
13337,546,1,1575.26,1575.2599999999998,87,546,1,1,4,6,7.362810231430298,0.6931471805599453,4,At Risk,1,1575.26,1
13338,158,4,2445.62,611.405,113,704,3,3,4,10,7.8024627591890665,1.6094379124341003,1,Regular,0,2445.62,4
13339,201,1,860.12,860.12,54,201,2,1,3,6,6.758233867538541,0.6931471805599453,3,New Customer,1,860.12,1
13340,45,12,22100.56,1841.7133333333331,190,655,4,5,5,14,10.003403473249906,2.5649493574615367,2,VIP,0,22100.56,12
13341,261,1,775.85,775.8499999999999,42,261,2,1,3,6,6.65524728153801,0.6931471805599453,3,New Customer,1,775.85,1
13343,178,1,353.43,353.43,19,178,3,1,2,6,5.870510865261174,0.6931471805599453,3,New Customer,0,353.43,1
13344,68,3,2543.72,847.9066666666669,115,278,3,3,4,10,7.841775903285653,1.3862943611198906,1,Regular,0,2543.72,3
13345,288,1,389.5,389.5,20,288,2,1,2,5,5.967427969279741,0.6931471805599453,3,New Customer,1,389.5,1
13346,463,6,299.4,49.900000000000006,4,597,1,4,2,7,5.705114919889979,1.9459101490553132,4,At Risk,1,299.4,6
13347,70,1,341.36,341.36,8,70,3,1,2,6,5.835862815013409,0.6931471805599453,3,New Customer,0,341.36,1
13348,64,1,233.76,233.76,14,64,3,1,1,5,5.458563715690134,0.6931471805599453,3,New Customer,0,233.76,1
13349,11,1,247.32,247.32,16,11,5,1,1,7,5.514718236994854,0.6931471805599453,3,New Customer,0,247.32,1
13350,16,2,979.12,489.56,36,79,5,2,3,10,6.887675013147945,1.0986122886681096,3,New Customer,0,979.12,2
13351,66,1,373.94,373.94,16,66,3,1,2,6,5.926766013169045,0.6931471805599453,3,New Customer,0,373.94,1
13352,60,1,397.97999999999996,397.97999999999996,24,60,3,1,2,6,5.988911290320265,0.6931471805599453,3,New Customer,0,397.97999999999996,1
13354,71,1,743.53,743.5300000000001,51,71,3,1,3,7,6.612753146812557,0.6931471805599453,3,New Customer,0,743.53,1
13355,122,1,674.7,674.7,32,122,3,1,3,7,6.515749190558129,0.6931471805599453,3,New Customer,0,674.7,1
13356,80,1,768.24,768.2400000000001,42,80,3,1,3,7,6.645403014442646,0.6931471805599453,3,New Customer,0,768.24,1
13357,257,5,3838.36,767.6719999999999,284,627,2,4,5,11,8.253060965024673,1.791759469228055,1,Regular,1,3838.36,5
13358,269,1,439.03,439.03000000000003,29,269,2,1,2,5,6.086842906406214,0.6931471805599453,3,New Customer,1,439.03,1
13359,64,2,1043.31,521.655,52,403,3,2,3,8,6.951111659232052,1.0986122886681096,3,New Customer,0,1043.31,2
13360,432,4,1553.65,388.4125,58,701,1,3,4,8,7.349005718893091,1.6094379124341003,4,At Risk,1,1553.65,4
13361,472,2,1450.5,725.25,29,618,1,2,4,7,7.280352783464685,1.0986122886681096,4,At Risk,1,1450.5,2
13362,9,7,5394.07,770.5814285714285,186,425,5,4,5,14,8.593240852584891,2.0794415416798357,1,Regular,0,5394.07,7
13363,18,3,1723.86,574.62,78,410,5,3,4,12,7.452901166751566,1.3862943611198906,1,Regular,0,1723.86,3
13364,71,1,134.95999999999998,134.96,10,71,3,1,1,5,4.9123607248279155,0.6931471805599453,3,New Customer,0,134.95999999999998,1
13365,34,2,2225.37,1112.685,122,218,4,2,4,10,7.708127735453272,1.0986122886681096,1,Regular,0,2225.37,2
13366,50,1,56.160000000000004,56.160000000000004,1,50,4,1,1,6,4.045854353061666,0.6931471805599453,3,New Customer,0,56.160000000000004,1
13367,432,1,510.20000000000005,510.2,20,432,1,1,2,4,6.236760903063325,0.6931471805599453,0,Lost,1,510.20000000000005,1
13368,257,4,1121.5,280.37499999999994,45,424,2,3,3,8,7.02331361961641,1.6094379124341003,4,At Risk,1,1121.5,4
13369,366,1,616.5600000000001,616.56,14,366,2,1,2,5,6.425776229773726,0.6931471805599453,4,At Risk,1,616.5600000000001,1
13370,372,1,1509.74,1509.7400000000002,39,372,2,1,4,7,7.320354875990901,0.6931471805599453,4,At Risk,1,1509.74,1
13371,505,2,2297.66,1148.8300000000002,75,632,1,2,4,7,7.740081623439195,1.0986122886681096,4,At Risk,1,2297.66,2
13372,90,1,378.64,378.63999999999993,23,90,3,1,2,6,5.939223435262291,0.6931471805599453,3,New Customer,0,378.64,1
13373,61,6,7587.1900000000005,1264.5316666666668,292,734,3,4,5,12,8.934348370277531,1.9459101490553132,1,Regular,0,7587.1900000000005,6
13374,415,2,422.8,211.40000000000003,17,450,1,2,2,5,6.049261645834199,1.0986122886681096,4,At Risk,1,422.8,2
13375,89,2,1792.23,896.115,62,445,3,2,4,9,7.491773742009734,1.0986122886681096,1,Regular,0,1792.23,2
13376,99,3,1019.76,339.92,45,234,3,3,3,9,6.928302726869797,1.3862943611198906,1,Regular,0,1019.76,3
13377,397,2,1552.88,776.4399999999999,71,646,2,2,4,8,7.348510307868749,1.0986122886681096,4,At Risk,1,1552.88,2
13379,26,3,572.56,190.85333333333332,85,137,4,3,2,9,6.351862551846838,1.3862943611198906,3,New Customer,0,572.56,3
13380,433,1,62.4,62.4,3,433,1,1,1,3,4.14946386144318,0.6931471805599453,0,Lost,1,62.4,1
13381,32,12,8224.37,685.3641666666666,154,738,4,5,5,14,9.014978559424218,2.5649493574615367,2,VIP,0,8224.37,12
13382,281,5,1387.58,277.51599999999996,74,732,2,4,4,10,7.236036921219625,1.791759469228055,4,At Risk,1,1387.58,5
13383,544,1,305.28000000000003,305.28000000000003,1,544,1,1,2,4,5.724499716244923,0.6931471805599453,0,Lost,1,305.28000000000003,1
13384,31,11,6680.83,607.3481818181818,192,501,4,5,5,14,8.807147181108476,2.4849066497880004,2,VIP,0,6680.83,11
13385,330,1,534.57,534.5699999999999,35,330,2,1,2,5,6.283331600299074,0.6931471805599453,4,At Risk,1,534.57,1
13386,414,2,835.46,417.73,24,437,1,2,3,6,6.729178700993051,1.0986122886681096,4,At Risk,1,835.46,2
13387,417,1,189.44,189.44,71,417,1,1,1,3,5.249337184326318,0.6931471805599453,0,Lost,1,189.44,1
13388,131,3,1185.65,395.2166666666667,68,604,3,3,3,9,7.0788894901355155,1.3862943611198906,1,Regular,0,1185.65,3
13389,11,3,797.96,265.9866666666666,50,233,5,3,3,11,6.683310881934879,1.3862943611198906,1,Regular,0,797.96,3
13390,75,1,544.08,544.08,13,75,3,1,2,6,6.30093257288162,0.6931471805599453,3,New Customer,0,544.08,1
13391,204,1,59.8,59.8,1,204,2,1,1,4,4.107589788972121,0.6931471805599453,3,New Customer,1,59.8,1
13392,677,1,91.14,91.14,8,677,1,1,1,3,4.523309159507771,0.6931471805599453,0,Lost,1,91.14,1
13393,584,4,1131.45,282.8625,53,732,1,3,3,7,7.032138706272169,1.6094379124341003,4,At Risk,1,1131.45,4
13394,2,19,6621.7,348.5105263157895,254,739,5,5,5,15,8.798258420765713,2.995732273553991,2,VIP,0,6621.7,19
13395,185,3,1180.23,393.41,77,421,3,3,3,9,7.074311547447687,1.3862943611198906,1,Regular,1,1180.23,3
13396,29,2,1360.99,680.495,42,319,4,2,4,10,7.216702144538598,1.0986122886681096,1,Regular,0,1360.99,2
13397,73,10,3191.87,319.187,68,689,3,5,5,13,8.068675477823932,2.3978952727983707,2,VIP,0,3191.87,10
13398,192,2,670.34,335.17,37,449,2,2,3,7,6.509275715047685,1.0986122886681096,3,New Customer,1,670.34,2
13399,464,3,275.4,91.8,10,519,1,3,1,5,5.621849091893515,1.3862943611198906,0,Lost,1,275.4,3
13400,583,1,310.83,310.83000000000004,23,583,1,1,2,4,5.742458167518031,0.6931471805599453,0,Lost,1,310.83,1
13402,127,4,1535.13,383.7825,55,565,3,3,4,10,7.3370215455429095,1.6094379124341003,1,Regular,0,1535.13,4
13403,18,3,229.5,76.5,9,723,5,3,1,9,5.440250862436703,1.3862943611198906,3,New Customer,0,229.5,3
13404,1,2,252.49,126.245,11,213,5,2,1,8,5.5353243745214,1.0986122886681096,3,New Customer,0,252.49,2
13405,74,6,1213.811,202.30183333333335,33,724,3,4,3,10,7.1023437881190725,1.9459101490553132,1,Regular,0,1213.811,6
13406,427,2,568.92,284.46000000000004,7,632,1,2,2,5,6.3454960001012966,1.0986122886681096,4,At Risk,1,568.92,2
13407,579,3,2244.7,748.2333333333332,85,662,1,3,4,8,7.7167725555844955,1.3862943611198906,4,At Risk,1,2244.7,3
13408,2,46,29730.420199999626,488.0515283018868,321,736,5,5,5,15,10.299959684780548,3.8501476017100584,2,VIP,0,51733.462,106
13410,24,9,2201.96,244.66222222222217,25,731,4,5,4,13,7.697557189578945,2.302585092994046,1,Regular,0,2201.96,9
13411,107,1,213.55,213.55,17,107,3,1,1,5,5.368542811437534,0.6931471805599453,3,New Customer,0,213.55,1
13412,620,1,487.34999999999997,487.34999999999997,33,620,1,1,2,4,6.191032361893486,0.6931471805599453,0,Lost,1,487.34999999999997,1
13413,640,6,429.44,71.57333333333334,38,687,1,4,2,7,6.064807941332192,1.9459101490553132,4,At Risk,1,429.44,6
13414,134,6,2494.14,415.69000000000005,48,603,3,4,4,11,7.822100118835836,1.9459101490553132,1,Regular,0,2494.14,6
13415,473,4,800.67,200.16750000000002,85,728,1,3,3,7,6.686697051867266,1.6094379124341003,4,At Risk,1,800.67,4
13416,44,3,940.8000000000001,313.6,16,736,4,3,3,10,6.847792937809454,1.3862943611198906,1,Regular,0,940.8000000000001,3
13417,5,6,1669.49,278.2483333333334,57,670,5,4,4,13,7.420872275547227,1.9459101490553132,1,Regular,0,1669.49,6
13418,12,31,12233.6,394.6322580645161,328,728,5,5,5,15,9.412023282248757,3.4657359027997265,2,VIP,0,12233.6,31
13419,64,1,221.06,221.06,16,64,3,1,1,5,5.40294761562612,0.6931471805599453,3,New Customer,0,221.06,1
13420,150,2,159.85,79.925,8,171,3,2,1,6,5.080472253685035,1.0986122886681096,3,New Customer,0,159.85,2
13421,40,8,4103.12,512.89,174,663,4,4,5,13,8.319746626189215,2.1972245773362196,1,Regular,0,4103.12,8
13422,64,1,2626.3,2626.3,127,64,3,1,4,8,7.8737119818711125,0.6931471805599453,1,Regular,0,2626.3,1
13423,429,1,217.03,217.02999999999997,12,429,1,1,1,3,5.3846326679999565,0.6931471805599453,0,Lost,1,217.03,1
13424,450,1,572.77,572.77,40,450,1,1,2,4,6.352228619155015,0.6931471805599453,0,Lost,1,572.77,1
13425,108,5,3403.63,680.726,124,579,3,4,5,12,8.132891548949473,1.791759469228055,1,Regular,0,3403.63,5
13426,1,22,8167.38,371.2445454545454,162,730,5,5,5,15,9.00802588177899,3.1354942159291497,2,VIP,0,8167.38,22
13427,19,6,1006.53,167.75500000000002,35,722,5,4,3,12,6.915257070052459,1.9459101490553132,1,Regular,0,1006.53,6
13428,10,3,499.98,166.66,122,514,5,3,2,10,6.216566180128353,1.3862943611198906,3,New Customer,0,499.98,3
13429,11,4,1006.8,251.69999999999996,55,75,5,3,3,11,6.915525016246498,1.6094379124341003,1,Regular,0,1006.8,4
13430,19,2,679.45,339.72499999999997,48,86,5,2,3,10,6.5227543440063265,1.0986122886681096,3,New Customer,0,679.45,2
13431,67,8,3316.24,414.53,113,660,3,4,5,12,8.106888390866821,2.1972245773362196,1,Regular,0,3316.24,8
13432,571,2,439.1,219.54999999999998,98,612,1,2,2,5,6.0870019738170456,1.0986122886681096,0,Lost,1,439.1,2
13433,501,4,658.3199999999999,164.57999999999998,22,697,1,3,3,7,6.491209000863155,1.6094379124341003,4,At Risk,1,658.3199999999999,4
13434,74,5,1666.8600000000001,333.37200000000007,17,656,3,4,4,11,7.419296646542416,1.791759469228055,1,Regular,0,1666.8600000000001,5
13435,5,9,4475.2300000000005,497.24777777777774,96,500,5,5,5,15,8.40653645327697,2.302585092994046,2,VIP,0,4475.2300000000005,9
13436,2,1,196.89,196.88999999999996,12,2,5,1,1,7,5.287711320760812,0.6931471805599453,3,New Customer,0,196.89,1
13437,14,7,3408.06,486.8657142857143,143,190,5,4,5,14,8.134191872452362,2.0794415416798357,1,Regular,0,3408.06,7
13438,547,1,46.5,46.5,1,547,1,1,1,3,3.8607297110405954,0.6931471805599453,0,Lost,1,46.5,1
13439,255,3,986.61,328.86999999999995,132,526,2,3,3,8,6.895287882976667,1.3862943611198906,4,At Risk,1,986.61,3
13440,423,7,1295.25,185.0357142857143,49,452,1,4,4,9,7.167230759543737,2.0794415416798357,4,At Risk,1,1295.25,7
13441,92,2,720.9,360.45,33,432,3,2,3,8,6.581886625145115,1.0986122886681096,3,New Customer,0,720.9,2
13442,667,3,419.87,139.95666666666668,33,738,1,3,2,6,6.042323997398791,1.3862943611198906,0,Lost,1,419.87,3
13443,449,6,1280.16,213.36,176,677,1,4,4,9,7.155521196517061,1.9459101490553132,4,At Risk,1,1280.16,6
13444,374,2,631.6800000000001,315.84000000000003,51,506,2,2,3,7,6.449964765095288,1.0986122886681096,4,At Risk,1,631.6800000000001,2
13445,626,1,241.89999999999998,241.89999999999998,7,626,1,1,1,3,5.492649836008127,0.6931471805599453,0,Lost,1,241.89999999999998,1
13446,430,11,3881.89,352.8990909090909,113,664,1,5,5,11,8.264335000718507,2.4849066497880004,4,At Risk,1,3881.89,11
13447,23,3,1129.14,376.3800000000001,55,36,4,3,3,10,7.030096797837492,1.3862943611198906,1,Regular,0,1129.14,3
13448,17,13,9240.87,710.8361538461539,321,734,5,5,5,15,9.131499525111849,2.639057329615259,2,VIP,0,9240.87,13
13449,24,1,291.88,291.88000000000005,19,24,4,1,2,7,5.679762968811981,0.6931471805599453,3,New Customer,0,291.88,1
13450,27,13,4120.04,316.92615384615385,57,603,4,5,5,14,8.323860837673656,2.639057329615259,2,VIP,0,4120.04,13
13451,26,11,7190.92,653.72,561,628,4,5,5,14,8.880713452619068,2.4849066497880004,2,VIP,0,7190.92,11
13452,259,3,729.8,243.26666666666665,2,473,2,3,3,8,6.594139824503852,1.3862943611198906,4,At Risk,1,729.8,3
13453,166,3,781.6899999999999,260.56333333333333,33,402,3,3,3,9,6.662736704441964,1.3862943611198906,3,New Customer,0,781.6899999999999,3
13454,641,1,219.87,219.87000000000003,23,641,1,1,1,3,5.397574293145377,0.6931471805599453,0,Lost,1,219.87,1
13455,25,6,2905.93,484.32166666666666,79,731,4,4,4,12,7.974852820461591,1.9459101490553132,1,Regular,0,2905.93,6
13456,18,6,1766.72,294.4533333333333,43,207,5,4,4,13,7.477445859614847,1.9459101490553132,1,Regular,0,1766.72,6
13457,689,2,148.22,74.11,9,738,1,2,1,4,5.005421727043368,1.0986122886681096,0,Lost,1,148.22,2
13458,7,16,11959.27,747.454375,290,388,5,5,5,15,9.389345602500642,2.833213344056216,2,VIP,0,11959.27,16
13459,625,2,1160.4099999999999,580.2049999999999,57,682,1,2,3,6,7.057390063198797,1.0986122886681096,4,At Risk,1,1160.4099999999999,2
13460,29,2,183.44,91.72,16,50,4,2,1,7,5.217324207338505,1.0986122886681096,3,New Customer,0,183.44,2
13461,39,6,4160.0,693.3333333333334,30,597,4,4,5,13,8.333510708982942,1.9459101490553132,1,Regular,0,4160.0,6
13462,253,5,1153.85,230.77000000000004,64,726,2,4,3,9,7.051725744392169,1.791759469228055,4,At Risk,1,1153.85,5
13464,58,6,3097.64,516.2733333333333,128,618,4,4,5,13,8.038718584534573,1.9459101490553132,1,Regular,0,3097.64,6
13465,446,2,931.12,465.56,34,586,1,2,3,6,6.8374615617621375,1.0986122886681096,4,At Risk,1,931.12,2
13466,184,5,1013.35,202.66999999999996,49,628,3,4,3,10,6.9220032922473385,1.791759469228055,1,Regular,1,1013.35,5
13467,11,2,1083.71,541.855,89,36,5,2,3,10,6.989067949142608,1.0986122886681096,3,New Customer,0,1083.71,2
13468,2,46,13390.51,185.97930555555558,290,736,5,5,5,15,9.502376203051499,3.8501476017100584,2,VIP,0,13390.51,72
13469,653,1,82.4,82.4,6,653,1,1,1,3,4.423648309364701,0.6931471805599453,0,Lost,1,82.4,1
13470,99,2,165.0,82.5,7,115,3,2,1,6,5.111987788356544,1.0986122886681096,3,New Customer,0,165.0,2
13471,1,4,2531.58,632.895,214,47,5,3,4,12,7.836993824962504,1.6094379124341003,1,Regular,0,2531.58,4
13472,464,2,592.24,296.11999999999995,24,556,1,2,2,5,6.385599038873762,1.0986122886681096,4,At Risk,1,592.24,2
13473,61,8,2657.7599999999998,332.22,65,724,3,4,4,11,7.8856151276733355,2.1972245773362196,1,Regular,0,2657.7599999999998,8
13474,236,3,663.79,221.26333333333332,116,495,2,3,3,8,6.4994712013101745,1.3862943611198906,4,At Risk,1,663.79,3
13475,191,4,1431.78,357.94500000000005,64,299,2,3,4,9,7.2673718919667785,1.6094379124341003,1,Regular,1,1431.78,4
13476,179,5,2061.4700000000003,412.29400000000004,86,645,3,4,4,11,7.631659572648505,1.791759469228055,1,Regular,0,2061.4700000000003,5
13477,38,11,2834.17,257.6518181818182,112,684,4,5,4,13,7.949857179090672,2.4849066497880004,2,VIP,0,2834.17,11
13478,469,5,2215.78,443.15600000000006,114,677,1,4,4,9,7.703810971494357,1.791759469228055,4,At Risk,1,2215.78,5
13479,201,4,851.37,212.8425,45,477,2,3,3,8,6.748020704860861,1.6094379124341003,1,Regular,1,851.37,4
13480,417,2,627.82,313.91,40,680,1,2,3,6,6.443845047224953,1.0986122886681096,4,At Risk,1,627.82,2
13481,46,11,3830.84,348.2581818181818,162,736,4,5,5,14,8.251100384565598,2.4849066497880004,2,VIP,0,3830.84,11
13482,232,2,336.09,168.04500000000004,20,628,2,2,2,6,5.82034995701211,1.0986122886681096,3,New Customer,1,336.09,2
13483,66,1,140.34,140.34,10,66,3,1,1,5,4.951168335262708,0.6931471805599453,3,New Customer,0,140.34,1
13484,241,3,790.72,263.5733333333333,38,640,2,3,3,8,6.674207793952535,1.3862943611198906,4,At Risk,1,790.72,3
13485,233,11,3019.2200000000003,274.4745454545454,131,736,2,5,5,12,8.01308495539777,2.4849066497880004,2,VIP,1,3019.2200000000003,11
13486,78,3,1122.41,374.1366666666666,69,155,3,3,3,9,7.024123981607583,1.3862943611198906,1,Regular,0,1122.41,3
13487,58,5,846.87,169.37400000000002,31,735,4,4,3,11,6.742727322153176,1.791759469228055,1,Regular,0,846.87,5
13488,17,23,15587.88,677.7339130434782,370,684,5,5,5,15,9.65431311854747,3.1780538303479458,2,VIP,0,15587.88,23
13489,105,4,449.52,112.38,11,295,3,3,2,8,6.110402471179496,1.6094379124341003,3,New Customer,0,449.52,4
13490,654,1,154.25,154.25,8,654,1,1,1,3,5.045036720813588,0.6931471805599453,0,Lost,1,154.25,1
13491,52,27,4566.56,169.13185185185182,144,733,4,5,5,14,8.42673442445488,3.332204510175204,2,VIP,0,4566.56,27
13492,136,3,1269.84,423.28,38,215,3,3,4,10,7.147433378135437,1.3862943611198906,1,Regular,0,1269.84,3
13493,275,2,618.63,309.315,6,287,2,2,3,7,6.429122525704993,1.0986122886681096,4,At Risk,1,618.63,2
13494,312,1,316.26000000000005,316.26000000000005,18,312,2,1,2,5,5.759721626980309,0.6931471805599453,0,Lost,1,316.26000000000005,1
13495,8,10,5374.26,537.426,59,733,5,5,5,15,8.589562223918994,2.3978952727983707,2,VIP,0,5374.26,10
13496,11,2,653.33,326.66499999999996,28,360,5,2,3,10,6.483611811351871,1.0986122886681096,3,New Customer,0,653.33,2
13497,283,6,1320.33,220.05500000000006,52,670,2,4,4,10,7.186394084074248,1.9459101490553132,4,At Risk,1,1320.33,6
13498,726,1,327.38,327.38000000000005,17,730,1,1,2,4,5.794171474383882,0.6931471805599453,0,Lost,1,327.38,1
13499,18,5,1159.11,231.82199999999997,31,270,5,4,3,12,7.056270107190766,1.791759469228055,1,Regular,0,1159.11,5
13500,23,4,1466.3,366.575,77,401,4,3,4,11,7.291179256213421,1.6094379124341003,1,Regular,0,1466.3,4
13501,288,3,2885.11,961.7033333333333,90,570,2,3,4,9,7.967664853645571,1.3862943611198906,4,At Risk,1,2885.11,3
13502,17,5,780.5,156.09999999999997,28,549,5,4,3,12,6.6612151498615315,1.791759469228055,1,Regular,0,780.5,5
13503,71,6,1905.39,317.565,158,661,3,4,4,11,7.552966680281895,1.9459101490553132,1,Regular,0,1905.39,6
13504,64,1,295.93,295.93000000000006,22,64,3,1,2,6,5.693496420787701,0.6931471805599453,3,New Customer,0,295.93,1
13505,73,4,4393.63,1098.4075,182,233,3,3,5,11,8.388138619999735,1.6094379124341003,1,Regular,0,4393.63,4
13506,316,5,1639.2,327.84000000000003,55,461,2,4,4,10,7.402573464602311,1.791759469228055,4,At Risk,1,1639.2,5
13507,3,4,2479.16,619.79,146,146,5,3,4,12,7.816078353206984,1.6094379124341003,1,Regular,0,2479.16,4
13508,244,2,287.05,143.52499999999998,27,643,2,2,1,5,5.663134076178392,1.0986122886681096,3,New Customer,1,287.05,2
13509,9,8,1114.72,139.34,27,508,5,4,3,12,7.017255215404227,2.1972245773362196,1,Regular,0,1114.72,8
13510,1,11,4558.29,414.38999999999993,176,719,5,5,5,15,8.42492218863127,2.4849066497880004,2,VIP,0,4558.29,11
13511,677,1,282.76,282.76,5,677,1,1,1,3,5.648128810465367,0.6931471805599453,0,Lost,1,282.76,1
13512,261,4,713.39,178.3475,31,583,2,3,3,8,6.571429031703961,1.6094379124341003,4,At Risk,1,713.39,4
13513,127,3,824.59,274.86333333333334,32,655,3,3,3,9,6.716098282250842,1.3862943611198906,1,Regular,0,824.59,3
13514,74,4,815.9000000000001,203.975,15,682,3,3,3,9,6.705516688347823,1.6094379124341003,1,Regular,0,815.9000000000001,4
13515,73,6,1265.82,210.97,64,645,3,4,4,11,7.1442651023516675,1.9459101490553132,1,Regular,0,1265.82,6
13516,21,4,1685.26,421.3150000000001,55,418,4,3,4,11,7.4302683378231364,1.6094379124341003,1,Regular,0,1685.26,4
13517,60,3,2128.42,709.4733333333334,125,180,3,3,4,10,7.663604921153483,1.3862943611198906,1,Regular,0,2128.42,3
13518,86,1,659.4399999999999,659.4399999999998,36,86,3,1,3,7,6.492906279563631,0.6931471805599453,3,New Customer,0,659.4399999999999,1
13519,78,2,343.21,171.60500000000005,19,443,3,2,2,7,5.841251936231647,1.0986122886681096,3,New Customer,0,343.21,2
13520,59,11,6909.4,628.1272727272727,81,723,4,5,5,14,8.840782802206437,2.4849066497880004,2,VIP,0,6909.4,11
13521,1,3,1093.65,364.55,313,10,5,3,3,11,6.998189956453345,1.3862943611198906,1,Regular,0,1093.65,3
13522,30,1,125.80000000000001,125.80000000000001,5,30,4,1,1,6,4.842611042003125,0.6931471805599453,3,New Customer,0,125.80000000000001,1
13523,33,6,5101.52,850.2533333333334,177,402,4,4,5,13,8.53748981432355,1.9459101490553132,1,Regular,0,5101.52,6
13524,41,5,680.1800000000001,136.036,17,220,4,4,3,11,6.523826588404497,1.791759469228055,1,Regular,0,680.1800000000001,5
13525,15,2,628.78,314.39,5,248,5,2,3,10,6.445370552049637,1.0986122886681096,3,New Customer,0,628.78,2
13526,726,2,1182.0,591.0000000000001,29,738,1,2,3,6,7.075808863978387,1.0986122886681096,4,At Risk,1,1182.0,2
13527,34,12,4683.74,390.31166666666667,266,688,4,5,5,14,8.452065696867873,2.5649493574615367,2,VIP,0,4683.74,12
13529,79,2,307.76,153.88,15,205,3,2,2,7,5.7325642760816535,1.0986122886681096,3,New Customer,0,307.76,2
13530,634,1,402.97999999999996,402.98,18,634,1,1,2,4,6.001365371785244,0.6931471805599453,0,Lost,1,402.97999999999996,1
13531,205,6,1738.52,289.75333333333333,44,736,2,4,4,10,7.461364492082669,1.9459101490553132,1,Regular,1,1738.52,6
13532,34,1,210.31,210.30999999999995,66,34,4,1,1,6,5.353326249578836,0.6931471805599453,3,New Customer,0,210.31,1
13533,183,3,270.79,90.26333333333334,61,268,3,3,1,7,5.605029709281564,1.3862943611198906,3,New Customer,1,270.79,3
13534,2,35,7720.9,220.59714285714284,163,520,5,5,5,15,8.951815726727379,3.58351893845611,2,VIP,0,7720.9,35
13535,403,1,89.5,89.5,1,403,2,1,1,4,4.505349850705881,0.6931471805599453,0,Lost,1,89.5,1
13536,1,7,3448.29,492.61285714285714,91,75,5,4,5,14,8.145923691744827,2.0794415416798357,1,Regular,0,3448.29,7
13537,426,2,717.85,358.92499999999995,38,452,1,2,3,6,6.577652712868602,1.0986122886681096,4,At Risk,1,717.85,2
13538,43,12,3112.73,259.39416666666665,105,676,4,5,5,14,8.043576643432518,2.5649493574615367,2,VIP,0,3112.73,12
13539,86,7,1569.3600000000001,224.1942857142857,69,591,3,4,4,11,7.35906017142033,2.0794415416798357,1,Regular,0,1569.3600000000001,7
13540,467,3,632.39,210.7966666666667,26,656,1,3,3,7,6.451086346168101,1.3862943611198906,4,At Risk,1,632.39,3
13541,427,2,785.25,392.625,10,570,1,2,3,6,6.667274808014651,1.0986122886681096,4,At Risk,1,785.25,2
13542,377,17,4006.17,235.6570588235294,98,729,2,5,5,12,8.295840535491127,2.8903717578961645,2,VIP,1,4006.17,17
13543,634,2,1439.6100000000001,719.805,37,687,1,2,4,7,7.272821913983301,1.0986122886681096,4,At Risk,1,1439.6100000000001,2
13544,40,6,829.0,138.16666666666666,219,645,4,4,3,11,6.721425700790643,1.9459101490553132,1,Regular,0,829.0,6
13545,391,2,374.64,187.32,54,545,2,2,2,6,5.928631237936413,1.0986122886681096,4,At Risk,1,374.64,2
13546,12,5,1092.14,218.42799999999997,95,424,5,4,3,12,6.9968095678056486,1.791759469228055,1,Regular,0,1092.14,5
13547,408,1,175.53,175.52999999999994,44,408,2,1,1,4,5.173490833601192,0.6931471805599453,0,Lost,1,175.53,1
13548,96,3,908.99,302.9966666666667,169,471,3,3,3,9,6.813433610439527,1.3862943611198906,1,Regular,0,908.99,3
13549,26,8,1005.8,125.72499999999998,44,388,4,4,3,11,6.914532263261161,2.1972245773362196,1,Regular,0,1005.8,8
13550,383,1,349.51,349.51,40,383,2,1,2,5,5.8593892367381235,0.6931471805599453,0,Lost,1,349.51,1
13551,319,2,244.2,122.09999999999998,5,666,2,2,1,5,5.5020742040620565,1.0986122886681096,0,Lost,1,244.2,2
13552,66,22,6978.92,317.2236363636364,162,658,3,5,5,13,8.850792734372686,3.1354942159291497,2,VIP,0,6978.92,22
13553,675,1,517.8,517.8000000000001,85,675,1,1,2,4,6.251518452442289,0.6931471805599453,0,Lost,1,517.8,1
13554,380,7,1638.28,234.04,156,447,2,4,4,10,7.402012400028577,2.0794415416798357,4,At Risk,1,1638.28,7
13555,74,13,8999.19,692.2453846153845,264,689,3,5,5,13,9.105000967206632,2.639057329615259,2,VIP,0,8999.19,13
13556,429,2,200.82,100.41,8,436,1,2,1,4,5.307376211036383,1.0986122886681096,0,Lost,1,200.82,2
13557,28,13,3032.26,233.25076923076924,126,731,4,5,5,14,8.017393227720415,2.639057329615259,2,VIP,0,3032.26,13
13558,6,4,605.06,151.265,123,68,5,3,2,10,6.406978991069148,1.6094379124341003,1,Regular,0,605.06,4
13559,513,2,990.0,495.0,1,544,1,2,3,6,6.898714534329988,1.0986122886681096,4,At Risk,1,990.0,2
13560,7,1,174.37,174.36999999999998,32,7,5,1,1,7,5.166898027681201,0.6931471805599453,3,New Customer,0,174.37,1
13561,216,11,1820.72,165.51999999999998,131,649,2,5,4,11,7.507536388732624,2.4849066497880004,1,Regular,1,1820.72,11
13562,82,8,4838.18,604.7725,88,694,3,4,5,12,8.484500563869632,2.1972245773362196,1,Regular,0,4838.18,8
13563,84,2,777.53,388.765,49,140,3,2,3,8,6.657407526177046,1.0986122886681096,3,New Customer,0,777.53,2
13564,144,37,17249.55,466.20405405405404,484,738,3,5,5,13,9.755599306009191,3.6375861597263857,2,VIP,0,17249.55,37
13565,19,3,414.8,138.26666666666665,45,411,5,3,2,10,6.030204375423913,1.3862943611198906,3,New Customer,0,414.8,3
13566,41,5,1708.1200000000001,341.624,263,640,4,4,4,12,7.4437338971514055,1.791759469228055,1,Regular,0,1708.1200000000001,5
13567,428,4,1083.69,270.9225,180,542,1,3,3,7,6.989049510864743,1.6094379124341003,4,At Risk,1,1083.69,4
13568,173,1,192.85,192.85,41,173,3,1,1,5,5.267084664116938,0.6931471805599453,3,New Customer,0,192.85,1
13569,17,4,893.78,223.445,140,428,5,3,3,11,6.796577878002746,1.6094379124341003,1,Regular,0,893.78,4
13570,243,1,239.49,239.49000000000004,27,243,2,1,1,4,5.482678508639762,0.6931471805599453,3,New Customer,1,239.49,1
13571,13,26,4546.54,174.86692307692311,263,731,5,5,5,15,8.422341706395374,3.295836866004329,2,VIP,0,4546.54,26
13572,206,1,1384.25,1384.2499999999998,32,206,2,1,4,7,7.233635907747459,0.6931471805599453,3,New Customer,1,1384.25,1
13573,50,6,916.47,152.745,73,637,4,4,3,11,6.821619881846465,1.9459101490553132,1,Regular,0,916.47,6
13574,411,1,421.25,421.25000000000006,84,411,1,1,2,4,6.04559755568791,0.6931471805599453,0,Lost,1,421.25,1
13575,23,5,732.0699999999999,146.41400000000002,41,176,4,4,3,11,6.597241195280628,1.791759469228055,1,Regular,0,732.0699999999999,5
13576,10,28,11551.74,412.56214285714293,145,731,5,5,5,15,9.354677917252715,3.367295829986474,2,VIP,0,11551.74,28
13577,25,11,3489.28,317.2072727272727,102,725,4,5,5,14,8.157737241204641,2.4849066497880004,2,VIP,0,3489.28,11
13578,409,1,147.66,147.66,9,409,2,1,1,4,5.001661819297148,0.6931471805599453,0,Lost,1,147.66,1
13579,15,5,1539.04,307.808,72,659,5,4,4,13,7.3395636690963295,1.791759469228055,1,Regular,0,1539.04,5
13580,406,1,107.75,107.75,5,406,2,1,1,4,4.689051669968793,0.6931471805599453,0,Lost,1,107.75,1
13581,309,2,280.53000000000003,140.26500000000001,32,414,2,2,1,5,5.640239013837417,1.0986122886681096,3,New Customer,1,280.53000000000003,2
13582,390,2,241.68,120.84,10,618,2,2,1,5,5.491743703074097,1.0986122886681096,0,Lost,1,241.68,2
13583,156,2,1445.031,722.5155,93,679,3,2,4,9,7.276577840939809,1.0986122886681096,1,Regular,0,1445.031,2
13584,307,3,392.45,130.81666666666663,74,676,2,3,2,7,5.974953994980992,1.3862943611198906,4,At Risk,1,392.45,3
13585,531,3,684.54,228.17999999999998,29,738,1,3,3,7,6.530206848868181,1.3862943611198906,4,At Risk,1,684.54,3
13586,541,1,131.53,131.52999999999997,20,541,1,1,1,3,4.886809034892587,0.6931471805599453,0,Lost,1,131.53,1
13587,64,4,1673.5,418.37499999999994,27,663,3,3,4,10,7.423269892234259,1.6094379124341003,1,Regular,0,1673.5,4
13588,16,9,2478.95,275.43888888888887,131,255,5,5,4,14,7.815993677665464,2.302585092994046,1,Regular,0,2478.95,9
13589,15,6,1120.74,186.78999999999996,48,734,5,4,3,12,7.022636330174057,1.9459101490553132,1,Regular,0,1120.74,6
13590,11,18,6349.59,352.755,255,738,5,5,5,15,8.756303000956382,2.9444389791664403,2,VIP,0,6349.59,18
13591,65,7,2093.94,299.1342857142858,89,725,3,4,4,11,7.647280192327978,2.0794415416798357,1,Regular,0,2093.94,7
13592,36,4,247.95999999999998,61.989999999999995,15,264,4,3,1,8,5.5172922409900265,1.6094379124341003,3,New Customer,0,247.95999999999998,4
13593,108,14,5523.6900000000005,394.54928571428576,212,647,3,5,5,13,8.616982416214523,2.70805020110221,2,VIP,0,5523.6900000000005,14
13594,53,2,533.32,266.65999999999997,31,486,4,2,2,8,6.28099491041738,1.0986122886681096,3,New Customer,0,533.32,2
13595,517,3,818.22,272.74,114,646,1,3,3,7,6.708352668049725,1.3862943611198906,4,At Risk,1,818.22,3
13596,6,2,697.04,348.52000000000004,133,13,5,2,3,10,6.54827640771067,1.0986122886681096,3,New Customer,0,697.04,2
13597,400,2,396.71,198.35500000000002,17,403,2,2,2,6,5.985723096478868,1.0986122886681096,4,At Risk,1,396.71,2
13598,47,5,789.59,157.91800000000006,78,652,4,4,3,11,6.672779502161291,1.791759469228055,1,Regular,0,789.59,5
13599,1,33,10167.630000000001,308.11,235,739,5,5,5,15,9.227062770037238,3.5263605246161616,2,VIP,0,10167.630000000001,33
13600,312,2,518.42,259.21,35,634,2,2,2,6,6.252712804455737,1.0986122886681096,4,At Risk,1,518.42,2
13601,45,4,1185.14,296.285,160,546,4,3,3,10,7.078459616435901,1.6094379124341003,1,Regular,0,1185.14,4
13602,65,4,1025.17,256.2925,49,561,3,3,3,9,6.933588704013108,1.6094379124341003,1,Regular,0,1025.17,4
13603,26,1,164.34,164.34,27,26,4,1,1,6,5.108003959824529,0.6931471805599453,3,New Customer,0,164.34,1
13604,659,1,717.62,717.62,21,659,1,1,3,5,6.5773327061874705,0.6931471805599453,0,Lost,1,717.62,1
13605,387,2,522.67,261.335,50,571,2,2,2,6,6.260861714939627,1.0986122886681096,4,At Risk,1,522.67,2
13606,29,3,280.53999999999996,93.51333333333332,40,312,4,3,1,8,5.640274533399819,1.3862943611198906,3,New Customer,0,280.53999999999996,3
13607,40,2,1078.31,539.1550000000001,110,403,4,2,3,9,6.984077227052902,1.0986122886681096,3,New Customer,0,1078.31,2
13608,541,1,236.2,236.20000000000002,31,541,1,1,1,3,5.468903667123571,0.6931471805599453,0,Lost,1,236.2,1
13609,593,1,167.35,167.35000000000002,7,593,1,1,1,3,5.126045145607083,0.6931471805599453,0,Lost,1,167.35,1
13610,12,14,2175.88,155.42000000000002,309,703,5,5,4,14,7.685647937988142,2.70805020110221,2,VIP,0,2175.88,14
13611,89,10,3319.53,331.95300000000003,170,737,3,5,5,13,8.107879687723873,2.3978952727983707,2,VIP,0,3319.53,10
13612,633,1,818.29,818.29,50,633,1,1,3,5,6.708438111531965,0.6931471805599453,0,Lost,1,818.29,1
13613,453,5,1039.8500000000001,207.96999999999997,50,661,1,4,3,8,6.947792966013668,1.791759469228055,4,At Risk,1,1039.8500000000001,5
13614,24,6,2359.19,393.1983333333333,227,551,4,4,4,12,7.766497403253599,1.9459101490553132,1,Regular,0,2359.19,6
13615,319,8,6272.53,784.06625,259,680,2,4,5,11,8.744094473607927,2.1972245773362196,2,VIP,1,6272.53,8
13616,568,2,288.1,144.05,31,691,1,2,1,4,5.666772649022301,1.0986122886681096,0,Lost,1,288.1,2
13617,40,8,1278.75,159.84375,48,495,4,4,4,12,7.154420025337693,2.1972245773362196,1,Regular,0,1278.75,8
13618,174,1,177.34,177.34,13,174,3,1,1,5,5.183691840706733,0.6931471805599453,3,New Customer,0,177.34,1
13619,545,2,231.69,115.84500000000001,39,674,1,2,1,4,5.449707095598856,1.0986122886681096,0,Lost,1,231.69,2
13620,528,1,112.34,112.34000000000002,5,528,1,1,1,3,4.730392150741473,0.6931471805599453,0,Lost,1,112.34,1
13621,117,1,213.85,213.85,19,117,3,1,1,5,5.3699401102210045,0.6931471805599453,3,New Customer,0,213.85,1
13622,696,1,658.95,658.95,32,696,1,1,3,5,6.492164074574964,0.6931471805599453,0,Lost,1,658.95,1
13623,31,10,2566.49,256.649,211,737,4,5,4,13,7.850684046955791,2.3978952727983707,1,Regular,0,2566.49,10
13624,388,1,462.08,462.08000000000004,22,388,2,1,2,5,6.137899825337528,0.6931471805599453,0,Lost,1,462.08,1
13625,597,1,301.26,301.26,21,597,1,1,2,4,5.711287574141974,0.6931471805599453,0,Lost,1,301.26,1
13626,253,2,707.04,353.52000000000004,44,379,2,2,3,7,6.562500589272956,1.0986122886681096,4,At Risk,1,707.04,2
13627,59,7,2245.9,320.8428571428571,118,640,4,4,4,12,7.717306767412185,2.0794415416798357,1,Regular,0,2245.9,7
13628,676,1,310.14,310.14,16,676,1,1,2,4,5.740242971658976,0.6931471805599453,0,Lost,1,310.14,1
13629,23,19,13370.86,703.7294736842106,28,666,4,5,5,14,9.500907777847132,2.995732273553991,2,VIP,0,13370.86,19
13630,5,7,2031.78,290.25428571428574,51,286,5,4,4,13,7.617159593311352,2.0794415416798357,1,Regular,0,2031.78,7
13631,100,11,3070.42,279.1290909090909,6,267,3,5,5,13,8.029895274358873,2.4849066497880004,2,VIP,0,3070.42,11
13632,25,8,3648.15,456.01874999999995,166,612,4,4,5,13,8.202249542744216,2.1972245773362196,1,Regular,0,3648.15,8
13634,33,16,5073.47,317.091875,269,698,4,5,5,14,8.531977364958895,2.833213344056216,2,VIP,0,5073.47,16
13635,68,4,2999.16,749.79,135,739,3,3,5,11,8.006420899561409,1.6094379124341003,1,Regular,0,2999.16,4
13636,37,5,949.12,189.824,57,285,4,4,3,11,6.856588292406893,1.791759469228055,1,Regular,0,949.12,5
13637,52,3,810.5,270.1666666666667,79,226,4,3,3,10,6.698884386954646,1.3862943611198906,1,Regular,0,810.5,3
13638,16,1,122.64,122.64,8,16,5,1,1,7,4.817374117263916,0.6931471805599453,3,New Customer,0,122.64,1
13639,74,2,1346.27,673.135,49,437,3,2,4,9,7.20583560175816,1.0986122886681096,1,Regular,0,1346.27,2
13640,611,1,405.0,405.0,4,611,1,1,2,4,6.0063531596017325,0.6931471805599453,0,Lost,1,405.0,1
13641,641,5,1016.47,203.29400000000004,41,734,1,4,3,8,6.925074432852604,1.791759469228055,4,At Risk,1,1016.47,5
13642,216,4,514.72,128.67999999999998,93,433,2,3,2,7,6.245563982542637,1.6094379124341003,3,New Customer,1,514.72,4
13643,31,10,2156.77,215.67700000000005,71,732,4,5,4,13,7.676830559971189,2.3978952727983707,1,Regular,0,2156.77,10
13644,16,4,2624.26,656.065,144,106,5,3,4,12,7.87293521773988,1.6094379124341003,1,Regular,0,2624.26,4
13645,120,1,252.1,252.1,5,120,3,1,1,5,5.533784667551078,0.6931471805599453,3,New Customer,0,252.1,1
13646,400,2,326.25,163.12499999999997,58,400,2,2,2,6,5.7907244047900095,1.0986122886681096,0,Lost,1,326.25,2
13647,10,8,3071.68,383.96000000000004,98,603,5,4,5,14,8.03030542393901,2.1972245773362196,1,Regular,0,3071.68,8
13648,400,8,1764.02,220.50250000000003,95,738,2,4,4,10,7.475917300747956,2.1972245773362196,4,At Risk,1,1764.02,8
13649,257,6,1678.88,279.81333333333333,97,527,2,4,4,10,7.426477641274734,1.9459101490553132,1,Regular,1,1678.88,6
13650,17,10,3288.0,328.8,127,683,5,5,5,15,8.098338846189057,2.3978952727983707,2,VIP,0,3288.0,10
13651,35,3,226.85,75.61666666666667,14,382,4,3,1,8,5.428687517709892,1.3862943611198906,3,New Customer,0,226.85,3
13652,46,5,2570.85,514.1700000000001,116,652,4,4,4,12,7.852380763283561,1.791759469228055,1,Regular,0,2570.85,5
13653,488,1,152.2,152.2,9,488,1,1,1,3,5.0317442573064906,0.6931471805599453,0,Lost,1,152.2,1
13654,43,11,6308.0,573.4545454545455,262,738,4,5,5,14,8.74973246437081,2.4849066497880004,2,VIP,0,6308.0,11
13655,114,6,2280.51,380.0850000000001,103,592,3,4,4,11,7.7325927834391575,1.9459101490553132,1,Regular,0,2280.51,6
13656,165,4,1078.85,269.71250000000003,81,596,3,3,3,9,6.984577421583421,1.6094379124341003,1,Regular,0,1078.85,4
13657,11,2,382.14,191.07,16,202,5,2,2,9,5.948400457636955,1.0986122886681096,3,New Customer,0,382.14,2
13658,10,9,6025.5,669.5,164,672,5,5,5,15,8.703921690028398,2.302585092994046,2,VIP,0,6025.5,9
13659,206,12,4894.88,407.9066666666666,224,661,2,5,5,12,8.49614931408787,2.5649493574615367,2,VIP,1,4894.88,12
13660,400,1,314.59,314.59,39,400,2,1,2,5,5.754443902791644,0.6931471805599453,0,Lost,1,314.59,1
13661,603,1,325.24,325.24000000000007,17,603,1,1,2,4,5.787633306826145,0.6931471805599453,0,Lost,1,325.24,1
13662,86,11,2250.11,204.55545454545455,126,658,3,5,4,12,7.719178706882918,2.4849066497880004,1,Regular,0,2250.11,11
13663,179,5,2047.51,409.50199999999995,87,647,3,4,4,11,7.6248679785957085,1.791759469228055,1,Regular,0,2047.51,5
13665,386,3,1711.6599999999999,570.5533333333334,97,504,2,3,4,9,7.4458029964289425,1.3862943611198906,4,At Risk,1,1711.6599999999999,3
13666,60,5,127.89999999999999,25.580000000000005,19,736,3,4,1,8,4.859036909945142,1.791759469228055,3,New Customer,0,127.89999999999999,5
13667,149,1,305.02,305.0199999999999,82,149,3,1,2,6,5.723650459293667,0.6931471805599453,3,New Customer,0,305.02,1
13668,3,35,13089.94,373.99828571428577,411,728,5,5,5,15,9.479675666868092,3.58351893845611,2,VIP,0,13089.94,35
13669,51,3,413.55,137.85000000000002,13,407,4,3,2,9,6.0271935945622275,1.3862943611198906,3,New Customer,0,413.55,3
13670,75,1,349.7,349.7,25,75,3,1,2,6,5.859931157146132,0.6931471805599453,3,New Customer,0,349.7,1
13671,395,1,194.95,194.94999999999996,61,395,2,1,1,4,5.27785952464564,0.6931471805599453,0,Lost,1,194.95,1
13672,301,3,419.92,139.97333333333333,13,731,2,3,2,7,6.042442791872611,1.3862943611198906,4,At Risk,1,419.92,3
13673,19,2,396.92,198.45999999999998,47,32,5,2,2,9,5.986250980055095,1.0986122886681096,3,New Customer,0,396.92,2
13674,433,1,240.68,240.67999999999998,14,433,1,1,1,3,5.487614537078416,0.6931471805599453,0,Lost,1,240.68,1
13675,151,2,486.82000000000005,243.41000000000003,25,285,3,2,2,7,6.189946485351331,1.0986122886681096,3,New Customer,0,486.82000000000005,2
13676,539,2,243.9,121.95,13,619,1,2,1,4,5.500849963958122,1.0986122886681096,0,Lost,1,243.9,2
13677,405,2,556.1899999999999,278.095,98,520,2,2,2,6,6.32290629486736,1.0986122886681096,4,At Risk,1,556.1899999999999,2
13678,152,1,232.6,232.6,16,152,3,1,1,5,5.453610250954072,0.6931471805599453,3,New Customer,0,232.6,1
13679,494,3,281.26,93.75333333333334,44,735,1,3,1,5,5.642828631985861,1.3862943611198906,0,Lost,1,281.26,3
13680,1,12,11435.67,952.9725,354,735,5,5,5,15,9.34458013864456,2.5649493574615367,2,VIP,0,11435.67,12
13681,18,4,827.83,206.9575,37,155,5,3,3,11,6.720015067761323,1.6094379124341003,1,Regular,0,827.83,4
13682,187,1,59.5,59.5,3,187,3,1,1,5,4.102643365036796,0.6931471805599453,3,New Customer,1,59.5,1
13683,458,1,258.6,258.6,10,458,1,1,1,3,5.559141984829935,0.6931471805599453,0,Lost,1,258.6,1
13684,286,4,596.98,149.24499999999998,81,621,2,3,2,7,6.3935573085752875,1.6094379124341003,4,At Risk,1,596.98,4
13685,3,7,3119.44,445.63428571428574,29,60,5,4,5,14,8.045729296501372,2.0794415416798357,1,Regular,0,3119.44,7
13686,183,3,409.04,136.34666666666666,27,401,3,3,2,8,6.016254715915201,1.3862943611198906,3,New Customer,1,409.04,3
13687,438,1,11880.84,11880.839999999998,45,438,1,1,5,7,9.382766463078516,0.6931471805599453,4,At Risk,1,11880.84,1
13688,635,1,375.5,375.5,5,635,1,1,2,4,5.930918047239948,0.6931471805599453,0,Lost,1,375.5,1
13689,63,2,1259.5,629.75,6,445,3,2,4,9,7.139263746627974,1.0986122886681096,1,Regular,0,1259.5,2
13690,59,1,172.25,172.25,9,59,4,1,1,6,5.1547356380700124,0.6931471805599453,3,New Customer,0,172.25,1
13691,396,1,212.78,212.77999999999997,54,396,2,1,1,4,5.3649474488457995,0.6931471805599453,0,Lost,1,212.78,1
13692,25,5,3114.4,622.88,83,420,4,4,5,13,8.044112833892505,1.791759469228055,1,Regular,0,3114.4,5
13693,374,9,2011.82,223.53555555555556,78,733,2,5,4,11,7.607292002863751,2.302585092994046,4,At Risk,1,2011.82,9
13694,4,46,29730.420199999626,1374.0056643356643,896,735,5,5,5,15,10.299959684780548,3.8501476017100584,2,VIP,0,196482.81,143
13695,31,16,2770.73,173.170625,47,578,4,5,4,13,7.92722695296845,2.833213344056216,2,VIP,0,2770.73,16
13696,422,3,2020.4,673.4666666666667,24,666,1,3,4,8,7.611545619640562,1.3862943611198906,4,At Risk,1,2020.4,3
13697,39,1,151.29999999999998,151.3,12,39,4,1,1,6,5.025852259901116,0.6931471805599453,3,New Customer,0,151.29999999999998,1
13698,597,2,465.53000000000003,232.76500000000001,31,682,1,2,2,5,6.145322326901356,1.0986122886681096,0,Lost,1,465.53000000000003,2
13699,155,2,764.15,382.075,33,550,3,2,3,8,6.640071893037045,1.0986122886681096,3,New Customer,0,764.15,2
13700,26,13,2613.46,201.03538461538463,163,671,4,5,4,13,7.868812854218742,2.639057329615259,2,VIP,0,2613.46,13
13701,447,1,161.0,161.0,9,447,1,1,1,3,5.087596335232384,0.6931471805599453,0,Lost,1,161.0,1
13702,446,1,135.18,135.18,5,446,1,1,1,3,4.9139775400548205,0.6931471805599453,0,Lost,1,135.18,1
13703,318,2,425.56,212.77999999999997,36,415,2,2,2,6,6.055753036990344,1.0986122886681096,4,At Risk,1,425.56,2
13704,5,9,2308.06,256.4511111111112,111,88,5,5,4,14,7.744595794291895,2.302585092994046,1,Regular,0,2308.06,9
13705,8,7,2035.33,290.76142857142855,55,624,5,4,4,13,7.618904447051197,2.0794415416798357,1,Regular,0,2035.33,7
13706,303,2,631.17,315.58500000000004,38,627,2,2,3,7,6.449158345318021,1.0986122886681096,4,At Risk,1,631.17,2
13707,267,5,3365.86,673.172,142,537,2,4,5,11,8.12173583825502,1.791759469228055,1,Regular,1,3365.86,5
13708,271,1,296.88,296.88,49,271,2,1,2,5,5.696690720842445,0.6931471805599453,3,New Customer,1,296.88,1
13709,4,18,7591.75,421.7638888888889,296,698,5,5,5,15,8.934949123608634,2.9444389791664403,2,VIP,0,7591.75,18
13710,32,3,509.52,169.84,13,612,4,3,2,9,6.23542981411449,1.3862943611198906,3,New Customer,0,509.52,3
13711,219,9,1792.26,199.14000000000001,80,724,2,5,4,11,7.4917904714583035,2.302585092994046,1,Regular,1,1792.26,9
13712,247,2,766.42,383.21000000000004,32,611,2,2,3,7,6.643034239500869,1.0986122886681096,4,At Risk,1,766.42,2
13713,408,3,743.26,247.75333333333333,70,583,2,3,3,8,6.612390436150933,1.3862943611198906,4,At Risk,1,743.26,3
13714,465,1,161.35,161.35000000000002,30,465,1,1,1,3,5.089754498548855,0.6931471805599453,0,Lost,1,161.35,1
13715,281,17,8483.29,499.01705882352945,277,638,2,5,5,12,9.04597149709001,2.8903717578961645,2,VIP,1,8483.29,17
13716,269,1,138.28,138.28,21,269,2,1,1,4,4.936486295459933,0.6931471805599453,3,New Customer,1,138.28,1
13717,32,8,1763.3,220.4125,110,486,4,4,4,12,7.47550929013402,2.1972245773362196,1,Regular,0,1763.3,8
13718,246,2,306.55,153.275,9,296,2,2,2,6,5.728637675654378,1.0986122886681096,3,New Customer,1,306.55,2
13719,15,11,2815.25,255.9318181818182,194,571,5,5,4,14,7.943161491746454,2.4849066497880004,2,VIP,0,2815.25,11
13720,117,4,799.9,199.975,42,255,3,3,3,9,6.685736095329637,1.6094379124341003,1,Regular,0,799.9,4
13721,36,2,741.54,370.77,41,395,4,2,3,9,6.61007674127968,1.0986122886681096,3,New Customer,0,741.54,2
13722,132,10,5635.41,563.5409999999999,137,646,3,5,5,13,8.637002617001478,2.3978952727983707,2,VIP,0,5635.41,10
13723,217,6,1209.2,201.53333333333333,51,611,2,4,3,9,7.098540914188221,1.9459101490553132,1,Regular,1,1209.2,6
13724,637,1,213.01,213.01000000000002,39,637,1,1,1,3,5.366022742902049,0.6931471805599453,0,Lost,1,213.01,1
13725,50,8,1980.56,247.57,95,309,4,4,4,12,7.5916396922628975,2.1972245773362196,1,Regular,0,1980.56,8
13726,39,2,1079.6599999999999,539.8299999999999,39,101,4,2,3,9,6.985327244577021,1.0986122886681096,3,New Customer,0,1079.6599999999999,2
13727,29,8,1080.05,135.00624999999997,74,730,4,4,3,11,6.9856880700385595,2.1972245773362196,1,Regular,0,1080.05,8
13728,37,16,2855.17,178.448125,75,730,4,5,4,13,7.957236845497527,2.833213344056216,2,VIP,0,2855.17,16
13729,436,3,724.73,241.57666666666674,36,684,1,3,3,7,6.587178044826087,1.3862943611198906,4,At Risk,1,724.73,3
13730,136,2,752.6,376.3,38,162,3,2,3,8,6.624861723262153,1.0986122886681096,3,New Customer,0,752.6,2
13731,219,2,610.59,305.295,36,247,2,2,2,6,6.416062123365316,1.0986122886681096,3,New Customer,1,610.59,2
13732,28,1,491.86,491.86000000000007,33,28,4,1,2,7,6.200225158054739,0.6931471805599453,3,New Customer,0,491.86,1
13733,411,2,487.03000000000003,243.51500000000001,28,735,1,2,2,5,6.1903768793734475,1.0986122886681096,4,At Risk,1,487.03000000000003,2
13734,509,4,6701.640000000001,1675.4099999999999,24,603,1,3,5,9,8.81025675762043,1.6094379124341003,4,At Risk,1,6701.640000000001,4
13735,25,13,9813.22,754.863076923077,362,726,4,5,5,14,9.191587633353961,2.639057329615259,2,VIP,0,9813.22,13
13736,5,7,2766.21,395.17285714285714,325,734,5,4,4,13,7.925594871377632,2.0794415416798357,1,Regular,0,2766.21,7
13737,200,1,339.59999999999997,339.6,29,200,2,1,2,5,5.830708768228588,0.6931471805599453,3,New Customer,1,339.59999999999997,1
13738,396,1,440.93,440.9300000000001,88,396,2,1,2,5,6.091151498494956,0.6931471805599453,0,Lost,1,440.93,1
13739,18,2,292.2,146.1,6,528,5,2,2,9,5.680854970012496,1.0986122886681096,3,New Customer,0,292.2,2
13740,241,5,1597.77,319.554,83,738,2,4,4,10,7.376989862588066,1.791759469228055,1,Regular,1,1597.77,5
13741,72,3,668.4300000000001,222.81000000000003,34,217,3,3,3,9,6.50642660402637,1.3862943611198906,3,New Customer,0,668.4300000000001,3
13742,17,12,3131.02,260.9183333333333,200,320,5,5,5,15,8.049433442786347,2.5649493574615367,2,VIP,0,3131.02,12
13743,3,7,1341.6,191.65714285714284,8,259,5,4,4,13,7.2023633115046515,2.0794415416798357,1,Regular,0,1341.6,7
13744,95,2,1156.36,578.18,54,292,3,2,3,8,7.053896828321335,1.0986122886681096,3,New Customer,0,1156.36,2
13745,162,2,777.36,388.68,46,546,3,2,3,8,6.657189142089955,1.0986122886681096,3,New Customer,0,777.36,2
13746,414,1,176.69,176.69,9,414,1,1,1,3,5.1800404589569835,0.6931471805599453,0,Lost,1,176.69,1
13747,374,2,249.39999999999998,124.69999999999999,4,425,2,2,1,5,5.523059639225943,1.0986122886681096,0,Lost,1,249.39999999999998,2
13748,96,9,2268.35,252.0388888888889,40,738,3,5,4,12,7.727248725858954,2.302585092994046,1,Regular,0,2268.35,9
13750,54,11,3602.1800000000003,327.47090909090906,51,617,4,5,5,14,8.189572067868243,2.4849066497880004,2,VIP,0,3602.1800000000003,11
13751,288,1,296.25,296.25,9,288,2,1,2,5,5.694573535570891,0.6931471805599453,3,New Customer,1,296.25,1
13752,124,7,1590.73,227.2471428571429,75,528,3,4,4,11,7.372576754031013,2.0794415416798357,1,Regular,0,1590.73,7
13753,288,4,2094.57,523.6425,64,737,2,3,4,9,7.647580871722489,1.6094379124341003,4,At Risk,1,2094.57,4
13754,152,3,447.05,149.01666666666665,16,437,3,3,2,8,6.104904833330228,1.3862943611198906,3,New Customer,0,447.05,3
13755,4,9,2161.35,240.14999999999998,232,63,5,5,4,14,7.67895087223838,2.302585092994046,1,Regular,0,2161.35,9
13756,2,23,9207.5,400.32608695652175,142,724,5,5,5,15,9.127882249535661,3.1780538303479458,2,VIP,0,9207.5,23
13757,675,1,195.55,195.55,8,675,1,1,1,3,5.280916851867869,0.6931471805599453,0,Lost,1,195.55,1
13758,12,15,9416.98,627.7986666666667,213,739,5,5,5,15,9.150375907208126,2.772588722239781,2,VIP,0,9416.98,15
13759,33,2,659.4100000000001,329.705,24,71,4,2,3,9,6.492860854269306,1.0986122886681096,3,New Customer,0,659.4100000000001,2
13760,54,5,1363.6399999999999,272.728,95,593,4,4,4,12,7.218645936570799,1.791759469228055,1,Regular,0,1363.6399999999999,5
13761,50,6,1952.17,325.3616666666667,118,657,4,4,4,12,7.577208972659349,1.9459101490553132,1,Regular,0,1952.17,6
13762,219,5,2472.48,494.496,23,699,2,4,4,10,7.813381344926563,1.791759469228055,1,Regular,1,2472.48,5
13763,63,3,5217.4400000000005,1739.1466666666668,50,435,3,3,5,11,8.55995378563724,1.3862943611198906,1,Regular,0,5217.4400000000005,3
13764,71,6,2953.26,492.21000000000004,295,642,3,4,4,11,7.991003475467276,1.9459101490553132,1,Regular,0,2953.26,6
13765,653,1,352.821,352.82099999999997,17,653,1,1,2,4,5.86879113553233,0.6931471805599453,0,Lost,1,352.821,1
13766,495,1,190.35,190.35000000000002,16,495,1,1,1,3,5.254104211871711,0.6931471805599453,0,Lost,1,190.35,1
13767,2,46,29730.420199999626,486.85657534246576,117,739,5,5,5,15,10.299959684780548,3.8501476017100584,2,VIP,0,35540.53,73
13768,726,2,875.97,437.985,30,731,1,2,3,6,6.776472784261436,1.0986122886681096,0,Lost,1,875.97,2
13769,2,20,5800.42,290.021,121,724,5,5,5,15,8.665857994155335,3.044522437723423,2,VIP,0,5800.42,20
13770,422,4,785.37,196.34250000000003,48,730,1,3,3,7,6.66742741958036,1.6094379124341003,4,At Risk,1,785.37,4
13771,64,9,5728.82,636.5355555555556,182,653,3,5,5,13,8.653439395602803,2.302585092994046,2,VIP,0,5728.82,9
13772,34,8,3114.22,389.2775,394,654,4,4,5,13,8.044055054730865,2.1972245773362196,1,Regular,0,3114.22,8
13773,397,2,301.54,150.76999999999998,19,660,2,2,2,6,5.7122135001340535,1.0986122886681096,0,Lost,1,301.54,2
13774,82,1,345.0,345.0,22,82,3,1,2,6,5.846438775057724,0.6931471805599453,3,New Customer,0,345.0,1
13775,591,1,1049.66,1049.66,63,591,1,1,3,5,6.9571738171118644,0.6931471805599453,0,Lost,1,1049.66,1
13776,428,2,623.98,311.99,1,428,1,2,3,6,6.43771964922439,1.0986122886681096,4,At Risk,1,623.98,2
13777,1,46,29730.420199999626,925.875737704918,44,738,5,5,5,15,10.299959684780548,3.8501476017100584,2,VIP,0,56478.42,61
13778,103,4,1124.49,281.12249999999995,33,565,3,3,3,9,7.025973775367289,1.6094379124341003,1,Regular,0,1124.49,4
13779,516,1,161.13,161.13,27,516,1,1,1,3,5.088398482561978,0.6931471805599453,0,Lost,1,161.13,1
13780,7,3,735.82,245.27333333333334,90,407,5,3,3,11,6.602343628980947,1.3862943611198906,1,Regular,0,735.82,3
13781,251,3,778.83,259.61000000000007,56,721,2,3,3,8,6.659075947211416,1.3862943611198906,4,At Risk,1,778.83,3
13782,13,13,1793.72,137.97846153846154,187,733,5,5,4,14,7.492604299896914,2.639057329615259,2,VIP,0,1793.72,13
13783,488,4,1542.09,385.5224999999999,4,673,1,3,4,8,7.341542178594752,1.6094379124341003,4,At Risk,1,1542.09,4
13784,10,14,2910.23,207.87357142857144,13,451,5,5,4,14,7.976330951273708,2.70805020110221,2,VIP,0,2910.23,14
13785,429,4,542.49,135.6225,26,460,1,3,2,6,6.298011307127966,1.6094379124341003,4,At Risk,1,542.49,4
13786,367,6,3358.94,559.8233333333334,80,736,2,4,5,11,8.119678395654953,1.9459101490553132,4,At Risk,1,3358.94,6
13787,76,6,1222.5,203.75000000000003,71,695,3,4,3,10,7.109470882882726,1.9459101490553132,1,Regular,0,1222.5,6
13788,505,1,3.75,3.75,1,505,1,1,1,3,1.55814461804655,0.6931471805599453,0,Lost,1,3.75,1
13789,388,1,239.45999999999998,239.45999999999998,18,388,2,1,1,4,5.482553755546763,0.6931471805599453,0,Lost,1,239.45999999999998,1
13790,4,1,348.8,348.79999999999995,45,4,5,1,2,8,5.857361562584502,0.6931471805599453,3,New Customer,0,348.8,1
13791,128,2,1516.0,758.0,7,168,3,2,4,9,7.324489979348532,1.0986122886681096,1,Regular,0,1516.0,2
13792,66,3,383.95,127.9833333333333,23,423,3,3,2,8,5.953113455724059,1.3862943611198906,3,New Customer,0,383.95,3
13793,647,1,96.0,96.0,7,647,1,1,1,3,4.574710978503383,0.6931471805599453,0,Lost,1,96.0,1
13794,547,1,126.03,126.03,9,547,1,1,1,3,4.844423279035369,0.6931471805599453,0,Lost,1,126.03,1
13795,388,4,836.3,209.07499999999996,23,638,2,3,3,8,6.7301824292103865,1.6094379124341003,4,At Risk,1,836.3,4
13796,499,1,289.7,289.7,22,499,1,1,1,3,5.6722918075648305,0.6931471805599453,0,Lost,1,289.7,1
13797,437,3,1179.45,393.15000000000003,71,648,1,3,3,7,7.073651000694222,1.3862943611198906,4,At Risk,1,1179.45,3
13798,1,46,29730.420199999626,689.4260909090908,168,731,5,5,5,15,10.299959684780548,3.8501476017100584,2,VIP,0,75836.87,110
13799,117,9,2803.57,311.5077777777778,64,644,3,5,4,12,7.939005508522796,2.302585092994046,1,Regular,0,2803.57,9
13800,310,3,1679.56,559.8533333333334,73,737,2,3,4,9,7.426882350187425,1.3862943611198906,4,At Risk,1,1679.56,3
13801,67,1,324.8,324.79999999999995,23,67,3,1,2,6,5.786283696167945,0.6931471805599453,3,New Customer,0,324.8,1
13802,139,19,26259.11,1382.0584210526315,212,662,3,5,5,13,10.17580633672844,2.995732273553991,2,VIP,0,26259.11,19
13803,255,3,1338.91,446.3033333333333,73,619,2,3,4,9,7.200357726510238,1.3862943611198906,4,At Risk,1,1338.91,3
13804,31,9,3208.52,356.5022222222222,149,437,4,5,5,14,8.07387667223265,2.302585092994046,1,Regular,0,3208.52,9
13805,52,2,924.6,462.29999999999995,10,129,4,2,3,9,6.830442175879467,1.0986122886681096,3,New Customer,0,924.6,2
13806,64,1,256.38,256.38,10,64,3,1,1,5,5.550553592065519,0.6931471805599453,3,New Customer,0,256.38,1
13807,367,3,534.8,178.26666666666665,24,736,2,3,2,7,6.283760957110508,1.3862943611198906,4,At Risk,1,534.8,3
13808,6,5,1747.66,349.53200000000004,70,97,5,4,4,13,7.466605059322925,1.791759469228055,1,Regular,0,1747.66,5
13809,305,3,679.7,226.56666666666663,23,461,2,3,3,8,6.523121680453905,1.3862943611198906,4,At Risk,1,679.7,3
13810,29,3,1499.01,499.6700000000001,32,56,4,3,4,11,7.313227053734746,1.3862943611198906,1,Regular,0,1499.01,3
13811,184,3,814.5,271.5,7,239,3,3,3,9,6.703801422061068,1.3862943611198906,3,New Customer,1,814.5,3
13812,42,3,539.0,179.66666666666666,33,105,4,3,2,9,6.29156913955832,1.3862943611198906,3,New Customer,0,539.0,3
13813,40,8,2765.47,345.68375000000003,84,734,4,4,4,12,7.9253274182526185,2.1972245773362196,1,Regular,0,2765.47,8
13814,92,3,2257.32,752.44,56,527,3,3,4,10,7.7223764530033225,1.3862943611198906,1,Regular,0,2257.32,3
13815,22,8,7475.74,934.4675,203,666,4,4,5,13,8.919552147090508,2.1972245773362196,2,VIP,0,7475.74,8
13816,24,2,571.6700000000001,285.83500000000004,25,64,4,2,2,8,6.3503096345809205,1.0986122886681096,3,New Customer,0,571.6700000000001,2
13817,29,2,382.98,191.48999999999998,20,352,4,2,2,8,5.950590467898009,1.0986122886681096,3,New Customer,0,382.98,2
13818,430,1,61.28,61.28,5,430,1,1,1,3,4.131640346965797,0.6931471805599453,0,Lost,1,61.28,1
13819,302,6,2642.35,440.3916666666667,47,738,2,4,4,10,7.879802331111146,1.9459101490553132,4,At Risk,1,2642.35,6
13820,418,3,660.65,220.2166666666667,68,681,1,3,3,7,6.494736715219059,1.3862943611198906,4,At Risk,1,660.65,3
13821,145,6,1410.73,235.12166666666667,158,704,3,4,4,11,7.252571181638358,1.9459101490553132,1,Regular,0,1410.73,6
13822,6,2,632.0,316.0,90,40,5,2,3,10,6.450470422144176,1.0986122886681096,3,New Customer,0,632.0,2
13823,19,7,3403.4500000000003,486.2071428571429,108,724,5,4,5,14,8.132838678370764,2.0794415416798357,1,Regular,0,3403.4500000000003,7
13824,33,12,3314.76,276.23,59,637,4,5,5,14,8.106442137278835,2.5649493574615367,2,VIP,0,3314.76,12
13825,622,2,255.59,127.795,38,730,1,2,1,4,5.5474794802608,1.0986122886681096,0,Lost,1,255.59,2
13826,176,1,189.5,189.5,10,176,3,1,1,5,5.249652194566756,0.6931471805599453,3,New Customer,0,189.5,1
13827,58,3,412.05,137.35,83,143,4,3,2,9,6.023568651008515,1.3862943611198906,3,New Customer,0,412.05,3
13828,22,1,209.49,209.49000000000004,15,22,4,1,1,6,5.349438146055751,0.6931471805599453,3,New Customer,0,209.49,1
13829,421,1,102.0,102.0,1,421,1,1,1,3,4.634728988229636,0.6931471805599453,0,Lost,1,102.0,1
13830,582,1,156.85000000000002,156.85000000000002,11,582,1,1,1,3,5.061645215004001,0.6931471805599453,0,Lost,1,156.85000000000002,1
13831,16,18,7023.58,390.19888888888886,121,729,5,5,5,15,8.857170705937795,2.9444389791664403,2,VIP,0,7023.58,18
13832,19,2,613.6899999999999,306.84499999999997,54,422,5,2,2,9,6.421118075682378,1.0986122886681096,3,New Customer,0,613.6899999999999,2
13833,159,2,701.36,350.68,43,404,3,2,3,8,6.55444609309113,1.0986122886681096,3,New Customer,0,701.36,2
13834,577,2,324.19,162.095,15,669,1,2,2,5,5.784409626893352,1.0986122886681096,0,Lost,1,324.19,2
13835,25,7,1095.27,156.46714285714285,60,646,4,4,3,11,6.999668787533656,2.0794415416798357,1,Regular,0,1095.27,7
13836,399,2,620.37,310.18500000000006,29,414,2,2,3,7,6.431926717711772,1.0986122886681096,4,At Risk,1,620.37,2
13837,212,2,271.24,135.62,17,318,2,2,1,5,5.606684030192651,1.0986122886681096,3,New Customer,1,271.24,2
13838,6,10,1966.09,196.609,328,580,5,5,4,14,7.5843105722991195,2.3978952727983707,1,Regular,0,1966.09,10
13839,486,1,139.95000000000002,139.95,7,486,1,1,1,3,4.948405217560122,0.6931471805599453,0,Lost,1,139.95000000000002,1
13840,416,1,651.4,651.4000000000001,40,416,1,1,3,5,6.4806578707468585,0.6931471805599453,4,At Risk,1,651.4,1
13841,253,1,85.0,85.0,1,253,2,1,1,4,4.454347296253507,0.6931471805599453,3,New Customer,1,85.0,1
13842,59,18,5629.91,312.7727777777778,214,661,4,5,5,14,8.636026342175372,2.9444389791664403,2,VIP,0,5629.91,18
13843,381,1,319.75,319.75,18,381,2,1,2,5,5.770662003495746,0.6931471805599453,0,Lost,1,319.75,1
13844,11,1,361.62,361.62,20,11,5,1,2,8,5.893355453997662,0.6931471805599453,3,New Customer,0,361.62,1
13845,65,1,312.98,312.98,9,65,3,1,2,6,5.749329289612172,0.6931471805599453,3,New Customer,0,312.98,1
13846,25,4,1307.79,326.9475,81,400,4,3,4,11,7.176858325232496,1.6094379124341003,1,Regular,0,1307.79,4
13847,720,1,310.72,310.71999999999997,19,720,1,1,2,4,5.74210534897536,0.6931471805599453,0,Lost,1,310.72,1
13848,92,8,3335.0,416.875,3,730,3,4,5,12,8.112527763478637,2.1972245773362196,1,Regular,0,3335.0,8
13849,52,5,3469.3,693.86,189,625,4,4,5,13,8.15199632453527,1.791759469228055,1,Regular,0,3469.3,5
13850,129,1,1595.48,1595.4800000000002,93,129,3,1,4,8,7.375556484672672,0.6931471805599453,3,New Customer,0,1595.48,1
13851,96,8,4606.46,575.8075,111,680,3,4,5,12,8.435432008008735,2.1972245773362196,1,Regular,0,4606.46,8
13852,611,1,187.35000000000002,187.35000000000002,11,611,1,1,1,3,5.23830193413805,0.6931471805599453,0,Lost,1,187.35000000000002,1
13853,57,1,1090.14,1090.1399999999999,23,57,4,1,3,8,6.994978300240205,0.6931471805599453,3,New Customer,0,1090.14,1
13854,9,39,12253.96,314.2041025641026,61,701,5,5,5,15,9.413686031982998,3.6888794541139363,2,VIP,0,12253.96,39
13855,501,4,1310.3400000000001,327.58500000000004,64,731,1,3,4,8,7.178804794152059,1.6094379124341003,4,At Risk,1,1310.3400000000001,4
13856,169,11,1142.03,103.82090909090908,33,619,3,5,3,11,7.041437910169532,2.4849066497880004,1,Regular,0,1142.03,11
13857,393,6,1001.01,166.835,99,571,2,4,3,9,6.90976326163493,1.9459101490553132,4,At Risk,1,1001.01,6
13858,57,1,216.17,216.17000000000002,11,57,4,1,1,6,5.38068045697316,0.6931471805599453,3,New Customer,0,216.17,1
13859,326,2,515.86,257.93000000000006,34,529,2,2,2,6,6.247772044800624,1.0986122886681096,4,At Risk,1,515.86,2
13860,1,5,1245.9,249.18,58,87,5,4,3,12,7.1284157500025405,1.791759469228055,1,Regular,0,1245.9,5
13861,429,2,273.26,136.63,21,531,1,2,1,4,5.614076561571708,1.0986122886681096,0,Lost,1,273.26,2
13862,18,9,2556.09,284.01,113,389,5,5,4,14,7.846625172168836,2.302585092994046,1,Regular,0,2556.09,9
13863,248,4,1239.55,309.8875,59,593,2,3,3,8,7.123310108647671,1.6094379124341003,4,At Risk,1,1239.55,4
13864,387,1,662.4000000000001,662.4000000000001,1,387,2,1,3,6,6.497378126512952,0.6931471805599453,4,At Risk,1,662.4000000000001,1
13865,58,4,501.56,125.39,26,290,4,3,2,9,6.219715035790337,1.6094379124341003,3,New Customer,0,501.56,4
13866,74,1,145.67000000000002,145.67,7,74,3,1,1,5,4.988185165258664,0.6931471805599453,3,New Customer,0,145.67000000000002,1
13867,31,3,1015.29,338.43,51,218,4,3,3,10,6.923914020481024,1.3862943611198906,1,Regular,0,1015.29,3
13868,7,2,3192.54,1596.27,32,39,5,2,5,12,8.068885298365506,1.0986122886681096,1,Regular,0,3192.54,2
13869,123,10,8111.57,811.1569999999999,502,691,3,5,5,13,9.001169989634596,2.3978952727983707,2,VIP,0,8111.57,10
13870,2,15,5712.08,380.80533333333335,159,670,5,5,5,15,8.650513561777128,2.772588722239781,2,VIP,0,5712.08,15
13871,23,17,7885.85,463.8735294117647,183,719,4,5,5,14,8.972952094578869,2.8903717578961645,2,VIP,0,7885.85,17
13872,527,3,919.57,306.52333333333337,51,726,1,3,3,7,6.8249930434091866,1.3862943611198906,4,At Risk,1,919.57,3
13873,120,8,1038.92,129.865,55,647,3,4,3,10,6.946899066099764,2.1972245773362196,1,Regular,0,1038.92,8
13874,358,7,2049.15,292.7357142857142,46,673,2,4,4,10,7.625668240187314,2.0794415416798357,4,At Risk,1,2049.15,7
13875,54,14,4814.37,343.88357142857143,159,723,4,5,5,14,8.479568164478277,2.70805020110221,2,VIP,0,4814.37,14
13876,64,1,122.7,122.69999999999999,7,64,3,1,1,5,4.8178592793984425,0.6931471805599453,3,New Customer,0,122.7,1
13877,86,3,449.68,149.89333333333335,23,690,3,3,2,8,6.110757553295965,1.3862943611198906,3,New Customer,0,449.68,3
13878,55,4,2473.06,618.2650000000001,93,604,4,3,4,11,7.813615804881473,1.6094379124341003,1,Regular,0,2473.06,4
13879,646,1,395.5,395.50000000000006,25,646,1,1,2,4,5.982676041074903,0.6931471805599453,0,Lost,1,395.5,1
13880,21,17,4391.66,258.33294117647057,148,562,4,5,5,14,8.38769024512352,2.8903717578961645,2,VIP,0,4391.66,17
13881,4,43,29730.420199999626,1050.6767441860466,182,645,5,5,5,15,10.299959684780548,3.784189633918261,2,VIP,0,45179.1,43
13882,3,5,1191.13,238.22600000000003,54,64,5,4,3,12,7.083496902081326,1.791759469228055,1,Regular,0,1191.13,5
13883,11,15,6560.02,437.33466666666664,200,731,5,5,5,15,8.788901357656037,2.772588722239781,2,VIP,0,6560.02,15
13884,7,10,1888.48,188.848,108,470,5,5,4,14,7.544056937922727,2.3978952727983707,1,Regular,0,1888.48,10
13885,189,2,506.8,253.4,28,201,3,2,2,7,6.230087669270578,1.0986122886681096,3,New Customer,1,506.8,2
13886,71,1,243.56,243.56,16,71,3,1,1,5,5.499460677582579,0.6931471805599453,3,New Customer,0,243.56,1
13887,204,1,349.55,349.54999999999995,19,204,2,1,2,5,5.859503349652977,0.6931471805599453,3,New Customer,1,349.55,1
13888,120,7,2169.05,309.86428571428576,124,576,3,4,4,11,7.682505487743709,2.0794415416798357,1,Regular,0,2169.05,7
13889,93,6,1991.23,331.8716666666667,57,686,3,4,4,11,7.597009893326727,1.9459101490553132,1,Regular,0,1991.23,6
13890,1,14,2927.38,209.09857142857143,100,733,5,5,4,14,7.982204648081087,2.70805020110221,2,VIP,0,2927.38,14
13891,378,3,863.5600000000001,287.8533333333334,97,582,2,3,3,8,6.76222070699491,1.3862943611198906,4,At Risk,1,863.5600000000001,3
13892,27,6,1267.6499999999999,211.275,33,576,4,4,4,12,7.145708621949827,1.9459101490553132,1,Regular,0,1267.6499999999999,6
13893,298,1,821.1,821.1000000000001,21,298,2,1,3,6,6.711862042158088,0.6931471805599453,4,At Risk,1,821.1,1
13894,24,3,564.62,188.2066666666667,25,310,4,3,2,9,6.337922474636114,1.3862943611198906,3,New Customer,0,564.62,3
13895,28,6,4008.52,668.0866666666666,154,736,4,4,5,13,8.296426812387779,1.9459101490553132,1,Regular,0,4008.52,6
13896,626,1,388.55,388.55,21,626,1,1,2,4,5.964992226776867,0.6931471805599453,0,Lost,1,388.55,1
13897,50,3,1160.72,386.9066666666667,58,677,4,3,3,10,7.05765694451998,1.3862943611198906,1,Regular,0,1160.72,3
13898,326,2,686.4,343.2,43,411,2,2,3,7,6.532916364415733,1.0986122886681096,4,At Risk,1,686.4,2
13899,16,2,388.52,194.26,19,275,5,2,2,9,5.9649152118744455,1.0986122886681096,3,New Customer,0,388.52,2
13900,183,6,1610.59,268.4316666666667,80,624,3,4,4,11,7.38497654828429,1.9459101490553132,1,Regular,1,1610.59,6
13901,72,15,5676.34,378.42266666666666,280,704,3,5,5,13,8.644238092164732,2.772588722239781,2,VIP,0,5676.34,15
13902,632,5,29730.420199999626,6819.052000000001,58,725,1,4,5,10,10.299959684780548,1.791759469228055,4,At Risk,1,34095.26,5
13903,400,1,165.45000000000002,165.45000000000002,10,400,2,1,1,4,5.114694964021034,0.6931471805599453,0,Lost,1,165.45000000000002,1
13904,37,2,332.64,166.32000000000002,24,295,4,2,2,8,5.810062567373411,1.0986122886681096,3,New Customer,0,332.64,2
13905,726,1,312.65,312.65000000000003,12,733,1,1,2,4,5.748277714542752,0.6931471805599453,0,Lost,1,312.65,1
13906,409,1,42.0,42.0,1,409,2,1,1,4,3.7612001156935624,0.6931471805599453,0,Lost,1,42.0,1
13907,692,1,136.8,136.8,4,692,1,1,1,3,4.925803358579558,0.6931471805599453,0,Lost,1,136.8,1
13908,80,4,2369.55,592.3875,104,277,3,3,4,10,7.770877274716226,1.6094379124341003,1,Regular,0,2369.55,4
13909,423,2,286.6,143.29999999999995,35,521,1,2,1,4,5.661570625846892,1.0986122886681096,0,Lost,1,286.6,2
13911,57,20,4234.99,211.74949999999998,178,648,4,5,5,14,8.351372346000852,3.044522437723423,2,VIP,0,4234.99,20
13912,424,1,124.95,124.94999999999999,7,424,1,1,1,3,4.835885002798619,0.6931471805599453,0,Lost,1,124.95,1
13913,507,1,42.22,42.22,3,507,1,1,1,3,3.76630335107874,0.6931471805599453,0,Lost,1,42.22,1
13914,12,2,626.45,313.225,28,36,5,2,3,10,6.441663986556317,1.0986122886681096,3,New Customer,0,626.45,2
13915,394,1,70.80000000000001,70.80000000000001,2,394,2,1,1,4,4.273884476054179,0.6931471805599453,0,Lost,1,70.80000000000001,1
13916,464,4,1275.81,318.9525,72,676,1,3,4,8,7.152120058745075,1.6094379124341003,4,At Risk,1,1275.81,4
13917,50,2,272.04,136.01999999999998,16,192,4,2,1,7,5.609618304598452,1.0986122886681096,3,New Customer,0,272.04,2
13918,50,2,1212.8400000000001,606.4200000000002,30,253,4,2,3,9,7.101544167216986,1.0986122886681096,1,Regular,0,1212.8400000000001,2
13919,59,4,1360.68,340.17,65,541,4,3,4,11,7.216474510499718,1.6094379124341003,1,Regular,0,1360.68,4
13920,432,4,1774.68,443.66999999999996,81,562,1,3,4,8,7.481938727137536,1.6094379124341003,4,At Risk,1,1774.68,4
13921,402,4,730.7,182.67500000000004,36,722,2,3,3,8,6.595370593889984,1.6094379124341003,4,At Risk,1,730.7,4
13922,352,3,865.2,288.4,30,467,2,3,3,8,6.764115828780526,1.3862943611198906,4,At Risk,1,865.2,3
13923,54,1,351.13,351.13000000000005,20,54,4,1,2,7,5.864000425598742,0.6931471805599453,3,New Customer,0,351.13,1
13924,2,6,1838.8500000000001,306.47499999999997,90,72,5,4,4,13,7.517439325540823,1.9459101490553132,1,Regular,0,1838.8500000000001,6
13925,93,4,678.25,169.5625,28,135,3,3,3,9,6.520989248306457,1.6094379124341003,1,Regular,0,678.25,4
13926,23,1,223.85000000000002,223.85000000000002,11,23,4,1,1,6,5.415433513216716,0.6931471805599453,3,New Customer,0,223.85000000000002,1
13927,75,2,708.26,354.13,37,437,3,2,3,8,6.56422217299034,1.0986122886681096,3,New Customer,0,708.26,2
13928,11,4,464.57,116.1425,23,133,5,3,2,10,6.143262461351643,1.6094379124341003,3,New Customer,0,464.57,4
13929,169,11,3494.1,317.6454545454545,38,695,3,5,5,13,8.159117266561877,2.4849066497880004,2,VIP,0,3494.1,11
13930,58,2,337.34,168.67,15,137,4,2,2,8,5.824051307047146,1.0986122886681096,3,New Customer,0,337.34,2
13931,96,11,5257.38,477.9436363636363,205,737,3,5,5,13,8.567578273503825,2.4849066497880004,2,VIP,0,5257.38,11
13932,295,1,307.4,307.4,16,295,2,1,2,5,5.731397641689174,0.6931471805599453,3,New Customer,1,307.4,1
13933,109,2,608.7900000000001,304.3949999999999,23,148,3,2,2,7,6.413114635600407,1.0986122886681096,3,New Customer,0,608.7900000000001,2
13934,264,1,922.1,922.0999999999999,31,264,2,1,3,6,6.8277375709961055,0.6931471805599453,4,At Risk,1,922.1,1
13935,597,3,6116.92,2038.9733333333334,67,652,1,3,5,9,8.718977448456672,1.3862943611198906,4,At Risk,1,6116.92,3
13936,180,3,939.66,313.21999999999997,56,414,3,3,3,9,6.846581756547317,1.3862943611198906,1,Regular,0,939.66,3
13937,169,2,880.13,440.065,54,403,3,2,3,8,6.781205174641707,1.0986122886681096,3,New Customer,0,880.13,2
13938,35,1,71.66,71.66,7,35,4,1,1,6,4.2857910267930555,0.6931471805599453,3,New Customer,0,71.66,1
13939,23,7,1560.96,222.99428571428572,91,613,4,4,4,12,7.353696721877114,2.0794415416798357,1,Regular,0,1560.96,7
13940,17,4,839.14,209.785,39,144,5,3,3,11,6.73356854461668,1.6094379124341003,1,Regular,0,839.14,4
13941,22,15,11122.300000000001,741.4866666666668,42,723,4,5,5,14,9.316797286369194,2.772588722239781,2,VIP,0,11122.300000000001,15
13942,535,1,320.0,320.0,1,535,1,1,2,4,5.771441123130016,0.6931471805599453,0,Lost,1,320.0,1
13943,578,1,246.54,246.54000000000002,15,578,1,1,1,3,5.511572185111876,0.6931471805599453,0,Lost,1,246.54,1
13944,653,1,200.43,200.43,35,653,1,1,1,3,5.3054419264903325,0.6931471805599453,0,Lost,1,200.43,1
13945,395,2,854.15,427.07499999999993,49,480,2,2,3,7,6.7512768921457,1.0986122886681096,4,At Risk,1,854.15,2
13946,79,6,1876.23,312.705,49,736,3,4,4,11,7.537552565041232,1.9459101490553132,1,Regular,0,1876.23,6
13947,65,1,90.6,90.6,5,65,3,1,1,5,4.517431271680085,0.6931471805599453,3,New Customer,0,90.6,1
13948,361,4,548.76,137.19,23,736,2,3,2,7,6.3094818193558355,1.6094379124341003,4,At Risk,1,548.76,4
13949,3,6,2427.32,404.5533333333333,124,95,5,4,4,13,7.794954939211736,1.9459101490553132,1,Regular,0,2427.32,6
13950,11,4,745.06,186.26500000000001,33,247,5,3,3,11,6.61480602592395,1.6094379124341003,1,Regular,0,745.06,4
13951,176,3,674.45,224.8166666666666,38,294,3,3,3,9,6.5153791354156905,1.3862943611198906,3,New Customer,0,674.45,3
13952,218,14,12823.521,915.9657857142857,238,724,2,5,5,12,9.459114320413606,2.70805020110221,2,VIP,1,12823.521,14
13953,7,12,6640.68,553.39,8,728,5,5,5,15,8.801120222516522,2.5649493574615367,2,VIP,0,6640.68,12
13954,2,2,439.92,219.96,24,71,5,2,2,9,6.088863453095115,1.0986122886681096,3,New Customer,0,439.92,2
13955,154,3,545.17,181.72333333333333,82,375,3,3,2,8,6.302930282595254,1.3862943611198906,3,New Customer,0,545.17,3
13956,5,5,1026.42,205.28400000000002,123,271,5,4,3,12,6.934806084458451,1.791759469228055,1,Regular,0,1026.42,5
13957,418,3,458.25,152.75,21,659,1,3,2,6,6.129594724095235,1.3862943611198906,4,At Risk,1,458.25,3
13958,380,8,4709.2300000000005,588.65375,172,734,2,4,5,11,8.457492018089969,2.1972245773362196,4,At Risk,1,4709.2300000000005,8
13959,79,6,1076.18,179.36333333333334,120,511,3,4,3,10,6.982101794110792,1.9459101490553132,1,Regular,0,1076.18,6
13960,21,2,230.22,115.11,11,72,4,2,1,7,5.443369638247176,1.0986122886681096,3,New Customer,0,230.22,2
13961,392,1,538.4,538.4,19,392,2,1,2,5,6.2904574107056295,0.6931471805599453,0,Lost,1,538.4,1
13962,22,3,362.8,120.93333333333335,23,436,4,3,2,9,5.896604266084022,1.3862943611198906,3,New Customer,0,362.8,3
13963,308,17,3011.87,177.16882352941175,129,597,2,5,5,12,8.01064839183372,2.8903717578961645,2,VIP,1,3011.87,17
13964,387,2,438.9,219.45000000000002,22,431,2,2,2,6,6.086547428354674,1.0986122886681096,4,At Risk,1,438.9,2
13965,477,3,996.61,332.2033333333333,23,703,1,3,3,7,6.905362418373325,1.3862943611198906,4,At Risk,1,996.61,3
13966,435,1,390.86,390.86000000000007,21,435,1,1,2,4,5.970904633142621,0.6931471805599453,0,Lost,1,390.86,1
13967,146,2,166.3,83.15,4,396,3,2,1,6,5.119788607992779,1.0986122886681096,3,New Customer,0,166.3,2
13968,423,1,123.66,123.66,8,423,1,1,1,3,4.825590031380704,0.6931471805599453,0,Lost,1,123.66,1
13969,7,35,13365.87,381.88199999999995,472,624,5,5,5,15,9.500534536480925,3.58351893845611,2,VIP,0,13365.87,35
13970,386,2,846.55,423.275,10,438,2,2,3,7,6.742349834564496,1.0986122886681096,4,At Risk,1,846.55,2
13971,19,14,4667.57,333.3978571428571,184,683,5,5,5,15,8.448608093921028,2.70805020110221,2,VIP,0,4667.57,14
13972,71,2,190.25,95.12500000000001,15,202,3,2,1,6,5.253581472706645,1.0986122886681096,3,New Customer,0,190.25,2
13973,287,1,264.7,264.7,11,287,2,1,1,4,5.582367852765768,0.6931471805599453,3,New Customer,1,264.7,1
13974,49,2,677.72,338.86000000000007,43,582,4,2,3,9,6.520208671376317,1.0986122886681096,3,New Customer,0,677.72,2
13975,31,12,5358.84,446.57,434,675,4,5,5,14,8.586689402873036,2.5649493574615367,2,VIP,0,5358.84,12
13976,207,4,1192.36,298.09000000000003,49,668,2,3,3,8,7.084528136845675,1.6094379124341003,1,Regular,1,1192.36,4
13977,411,1,519.8100000000001,519.81,13,411,1,1,2,4,6.255385291938897,0.6931471805599453,0,Lost,1,519.8100000000001,1
13978,15,2,196.79000000000002,98.395,14,45,5,2,1,8,5.287205861793318,1.0986122886681096,3,New Customer,0,196.79000000000002,2
13979,73,7,3416.23,488.03285714285715,356,737,3,4,5,12,8.136585560356334,2.0794415416798357,1,Regular,0,3416.23,7
13980,60,5,799.92,159.984,57,656,3,4,3,10,6.6857610669244485,1.791759469228055,1,Regular,0,799.92,5
13981,416,1,331.14,331.14,22,416,1,1,2,4,5.805556566778607,0.6931471805599453,0,Lost,1,331.14,1
13982,39,9,4445.59,493.95444444444445,123,688,4,5,5,14,8.39989278927356,2.302585092994046,2,VIP,0,4445.59,9
13983,30,21,7108.45,338.49761904761897,238,730,4,5,5,14,8.86918016396832,3.091042453358316,2,VIP,0,7108.45,21
13984,27,12,2048.6,170.7166666666667,53,733,4,5,4,13,7.62539993114247,2.5649493574615367,1,Regular,0,2048.6,12
13985,4,22,10020.86,455.49363636363637,149,668,5,5,5,15,9.212523986154487,3.1354942159291497,2,VIP,0,10020.86,22
13986,17,1,320.46,320.46000000000004,12,17,5,1,2,8,5.7728731191409945,0.6931471805599453,3,New Customer,0,320.46,1
13987,380,2,682.54,341.27,46,401,2,2,3,7,6.527285176763272,1.0986122886681096,4,At Risk,1,682.54,2
13988,20,8,4757.8,594.725,218,626,4,4,5,13,8.467750814602372,2.1972245773362196,2,VIP,0,4757.8,8
13989,66,5,2026.06,405.212,61,564,3,4,4,11,7.614341746408589,1.791759469228055,1,Regular,0,2026.06,5
13990,213,1,311.3,311.3,16,213,2,1,2,5,5.7439642642890325,0.6931471805599453,3,New Customer,1,311.3,1
13991,12,6,855.97,142.6616666666667,58,143,5,4,3,12,6.753402912150755,1.9459101490553132,1,Regular,0,855.97,6
13992,30,3,219.5,73.16666666666667,10,463,4,3,1,8,5.395897694886901,1.3862943611198906,3,New Customer,0,219.5,3
13993,43,19,6775.71,356.6163157894737,110,737,4,5,5,14,8.821247012424738,2.995732273553991,2,VIP,0,6775.71,19
13994,4,6,2313.14,385.52333333333337,122,148,5,4,4,13,7.746793407219949,1.9459101490553132,1,Regular,0,2313.14,6
13995,15,14,3902.01,278.71500000000003,146,722,5,5,5,15,8.269503329309027,2.70805020110221,2,VIP,0,3902.01,14
13996,386,2,895.76,447.88000000000005,29,399,2,2,3,7,6.798788267730199,1.0986122886681096,4,At Risk,1,895.76,2
13997,519,3,382.31,127.43666666666665,36,550,1,3,2,6,5.948844061271341,1.3862943611198906,4,At Risk,1,382.31,3
13998,447,3,566.7,188.9,30,576,1,3,2,6,6.341593110176681,1.3862943611198906,4,At Risk,1,566.7,3
13999,10,29,9502.26,327.6641379310345,174,735,5,5,5,15,9.159390176618166,3.4011973816621555,2,VIP,0,9502.26,29
14000,211,5,2046.3400000000001,409.26800000000003,28,738,2,4,4,10,7.624296668595673,1.791759469228055,1,Regular,1,2046.3400000000001,5
14001,46,9,4530.09,503.34333333333336,60,494,4,5,5,14,8.418717807634733,2.302585092994046,2,VIP,0,4530.09,9
14002,134,2,529.73,264.86499999999995,47,156,3,2,2,7,6.274253417348632,1.0986122886681096,3,New Customer,0,529.73,2
14003,726,1,209.41,209.41,16,733,1,1,1,3,5.3490580082512205,0.6931471805599453,0,Lost,1,209.41,1
14004,43,11,6258.45,568.95,127,436,4,5,5,14,8.74184760080936,2.4849066497880004,2,VIP,0,6258.45,11
14005,10,5,2874.72,574.944,53,216,5,4,4,13,7.964058356660503,1.791759469228055,1,Regular,0,2874.72,5
14006,116,7,2196.67,313.81000000000006,55,653,3,4,4,11,7.69515298720424,2.0794415416798357,1,Regular,0,2196.67,7
14007,513,1,79.48,79.48,5,513,1,1,1,3,4.388008706351429,0.6931471805599453,0,Lost,1,79.48,1
14008,432,1,509.04,509.04,32,432,1,1,2,4,6.234489154015341,0.6931471805599453,0,Lost,1,509.04,1
14009,198,3,1099.91,366.6366666666666,71,463,2,3,3,8,7.0038923895122585,1.3862943611198906,1,Regular,1,1099.91,3
14010,565,2,445.15,222.575,20,566,1,2,2,5,6.10065521834616,1.0986122886681096,0,Lost,1,445.15,2
14011,480,2,457.82,228.91000000000003,32,607,1,2,2,5,6.128657976284189,1.0986122886681096,0,Lost,1,457.82,2
14012,278,1,328.8,328.8,11,278,2,1,2,5,5.7984864101254985,0.6931471805599453,3,New Customer,1,328.8,1
14013,110,5,1084.57,216.91400000000004,56,624,3,4,3,10,6.989860473650979,1.791759469228055,1,Regular,0,1084.57,5
14014,77,3,1948.21,649.4033333333334,76,577,3,3,4,10,7.575179441266062,1.3862943611198906,1,Regular,0,1948.21,3
14015,53,1,917.34,917.34,20,53,4,1,3,8,6.8225676924206855,0.6931471805599453,3,New Customer,0,917.34,1
14016,162,11,11403.41,1036.6736363636364,354,700,3,5,5,13,9.341755401683734,2.4849066497880004,2,VIP,0,11403.41,11
14017,571,1,229.75,229.75000000000003,14,571,1,1,1,3,5.441334873382962,0.6931471805599453,0,Lost,1,229.75,1
14018,645,1,367.15000000000003,367.1500000000001,13,645,1,1,2,4,5.908490463814726,0.6931471805599453,0,Lost,1,367.15000000000003,1
14019,47,3,1421.61,473.86999999999995,37,138,4,3,4,11,7.260248491657529,1.3862943611198906,1,Regular,0,1421.61,3
14020,17,4,1249.01,312.25249999999994,63,529,5,3,4,12,7.130906830264347,1.6094379124341003,1,Regular,0,1249.01,4
14021,155,7,1716.58,245.22571428571428,84,593,3,4,4,11,7.448671602342143,2.0794415416798357,1,Regular,0,1716.58,7
14022,225,2,792.15,396.075,45,487,2,2,3,7,6.676012358854464,1.0986122886681096,3,New Customer,1,792.15,2
14023,7,2,584.07,292.03499999999997,30,250,5,2,2,9,6.371731498193053,1.0986122886681096,3,New Customer,0,584.07,2
14024,122,3,645.74,215.24666666666664,33,391,3,3,3,9,6.471944359021592,1.3862943611198906,3,New Customer,0,645.74,3
14025,465,8,4057.9,507.23750000000007,60,584,1,4,5,10,8.308667279925409,2.1972245773362196,4,At Risk,1,4057.9,8
14026,471,2,713.11,356.555,43,625,1,2,3,6,6.571037012097961,1.0986122886681096,4,At Risk,1,713.11,2
14027,61,1,104.82,104.82000000000002,6,61,3,1,1,5,4.661739537475985,0.6931471805599453,3,New Customer,0,104.82,1
14028,550,3,10396.5,3465.5,3,551,1,3,5,9,9.249320671617067,1.3862943611198906,4,At Risk,1,10396.5,3
14029,63,2,467.66,233.83,15,144,3,2,2,7,6.149877558850261,1.0986122886681096,3,New Customer,0,467.66,2
14030,18,20,8262.29,413.1145,591,729,5,5,5,15,9.019578092297357,3.044522437723423,2,VIP,0,8262.29,20
14031,7,44,29730.420199999626,931.7993181818182,280,736,5,5,5,15,10.299959684780548,3.8066624897703196,2,VIP,0,40999.17,44
14032,2,16,4850.2699999999995,303.141875,79,726,5,5,5,15,8.486995805323419,2.833213344056216,2,VIP,0,4850.2699999999995,16
14033,555,1,109.44,109.44,1,555,1,1,1,3,4.704472387061954,0.6931471805599453,0,Lost,1,109.44,1
14034,22,3,651.8199999999999,217.2733333333333,82,157,4,3,3,10,6.481301440435488,1.3862943611198906,3,New Customer,0,651.8199999999999,3
14035,29,9,2856.72,317.4133333333333,70,613,4,5,4,13,7.9577793830815615,2.302585092994046,1,Regular,0,2856.72,9
14036,285,1,626.65,626.65,38,285,2,1,3,6,6.441982686264217,0.6931471805599453,3,New Customer,1,626.65,1
14037,176,6,836.95,139.4916666666667,96,733,3,4,3,10,6.7309584328308825,1.9459101490553132,1,Regular,0,836.95,6
14038,78,5,3069.88,613.976,99,674,3,4,5,12,8.029719444457568,1.791759469228055,1,Regular,0,3069.88,5
14039,33,2,267.28000000000003,133.64000000000001,10,576,4,2,1,7,5.592031211231537,1.0986122886681096,3,New Customer,0,267.28000000000003,2
14040,41,35,12645.57,361.30199999999996,335,739,4,5,5,14,9.445141311143818,3.58351893845611,2,VIP,0,12645.57,35
14041,266,1,141.41,141.41,21,266,2,1,1,4,4.958710221231336,0.6931471805599453,3,New Customer,1,141.41,1
14042,725,1,431.98,431.98,21,725,1,1,2,4,6.070691537559284,0.6931471805599453,0,Lost,1,431.98,1
14043,491,2,304.25,152.125,37,729,1,2,2,5,5.721131112990814,1.0986122886681096,0,Lost,1,304.25,2
14044,27,10,3123.1,312.31,533,684,4,5,5,14,8.046901520690538,2.3978952727983707,2,VIP,0,3123.1,10
14045,109,16,11313.029999999999,707.0643749999998,16,701,3,5,5,13,9.333798827481695,2.833213344056216,2,VIP,0,11313.029999999999,16
14046,284,1,154.99,154.99,14,284,2,1,1,4,5.049791902630777,0.6931471805599453,3,New Customer,1,154.99,1
14047,9,14,4255.03,303.93071428571426,91,677,5,5,5,15,8.356092079868818,2.70805020110221,2,VIP,0,4255.03,14
14048,305,3,748.69,249.56333333333336,126,382,2,3,3,8,6.619659787751255,1.3862943611198906,4,At Risk,1,748.69,3
14049,17,13,13239.03,1018.386923076923,573,617,5,5,5,15,9.49100009534946,2.639057329615259,2,VIP,0,13239.03,13
14050,32,2,746.36,373.17999999999995,49,106,4,2,3,9,6.616546996753798,1.0986122886681096,3,New Customer,0,746.36,2
14051,1,37,22434.0,606.3243243243244,82,737,5,5,5,15,10.018377518410084,3.6375861597263857,2,VIP,0,22434.0,37
14052,20,2,480.81,240.405,115,391,4,2,2,8,6.177549845465586,1.0986122886681096,3,New Customer,0,480.81,2
14053,124,4,572.3,143.075,3,487,3,3,2,8,6.351409139914337,1.6094379124341003,1,Regular,0,572.3,4
14054,65,1,92.46,92.46,6,65,3,1,1,5,4.53753353727228,0.6931471805599453,3,New Customer,0,92.46,1
14055,106,3,1520.96,506.9866666666667,33,723,3,3,4,10,7.327754256867339,1.3862943611198906,1,Regular,0,1520.96,3
14056,1,23,8214.65,357.1586956521739,320,284,5,5,5,15,9.013796150895738,3.1780538303479458,2,VIP,0,8214.65,23
14057,24,22,8408.84,382.22,244,736,4,5,5,14,9.037157727815742,3.1354942159291497,2,VIP,0,8408.84,22
14058,463,2,469.19,234.59500000000003,23,531,1,2,2,5,6.153136868334086,1.0986122886681096,4,At Risk,1,469.19,2
14059,267,1,183.6,183.6,8,267,2,1,1,4,5.218191322068752,0.6931471805599453,3,New Customer,1,183.6,1
14060,5,30,9519.08,317.30266666666665,100,639,5,5,5,15,9.161158531111447,3.4339872044851463,2,VIP,0,9519.08,30
14061,507,3,917.4300000000001,305.81,17,738,1,3,3,7,6.822665690537023,1.3862943611198906,4,At Risk,1,917.4300000000001,3
14062,10,24,25604.2,1066.8416666666667,141,729,5,5,5,15,10.150550734840564,3.2188758248682006,2,VIP,0,25604.2,24
14063,438,9,22710.2,2523.355555555556,30,731,1,5,5,11,10.030613473862132,2.302585092994046,2,VIP,1,22710.2,9
14064,29,15,3332.42,222.16133333333332,131,687,4,5,5,14,8.111754082970078,2.772588722239781,2,VIP,0,3332.42,15
14065,389,3,891.02,297.00666666666666,42,432,2,3,3,8,6.793488553853314,1.3862943611198906,4,At Risk,1,891.02,3
14066,267,1,152.55,152.55,7,267,2,1,1,4,5.034026246886832,0.6931471805599453,3,New Customer,1,152.55,1
14067,64,2,374.7,187.35,51,97,3,2,2,7,5.928790952579924,1.0986122886681096,3,New Customer,0,374.7,2
14068,320,4,1528.3700000000001,382.09250000000003,93,678,2,3,4,9,7.332611164882233,1.6094379124341003,4,At Risk,1,1528.3700000000001,4
14069,515,2,230.06,115.03,37,562,1,2,1,4,5.442677417054872,1.0986122886681096,0,Lost,1,230.06,2
14070,685,1,326.55,326.55,40,685,1,1,2,4,5.791640715177885,0.6931471805599453,0,Lost,1,326.55,1
14071,4,8,1438.82,179.85250000000002,271,265,5,4,4,13,7.272273384756895,2.1972245773362196,1,Regular,0,1438.82,8
14072,667,1,390.85,390.8500000000001,19,667,1,1,2,4,5.9708791134988735,0.6931471805599453,0,Lost,1,390.85,1
14073,32,1,151.04,151.04,13,32,4,1,1,6,5.024143644121048,0.6931471805599453,3,New Customer,0,151.04,1
14074,623,1,219.39999999999998,219.4,6,623,1,1,1,3,5.39544407727876,0.6931471805599453,0,Lost,1,219.39999999999998,1
14075,5,6,1734.87,289.145,59,541,5,4,4,13,7.459264007623663,1.9459101490553132,1,Regular,0,1734.87,6
14076,129,1,122.47,122.47,43,129,3,1,1,5,4.815998211579652,0.6931471805599453,3,New Customer,0,122.47,1
14077,41,6,615.0799999999999,102.51333333333332,43,395,4,4,2,10,6.423376825230995,1.9459101490553132,1,Regular,0,615.0799999999999,6
14078,102,9,1692.6299999999999,188.07000000000002,107,621,3,5,4,12,7.4346294334096354,2.302585092994046,1,Regular,0,1692.6299999999999,9
14079,125,2,618.73,309.36499999999995,13,682,3,2,3,8,6.4292838993175305,1.0986122886681096,3,New Customer,0,618.73,2
14080,33,5,1115.68,223.13600000000002,74,737,4,4,3,11,7.018115276378225,1.791759469228055,1,Regular,0,1115.68,5
14081,302,10,5370.1,537.01,465,729,2,5,5,12,8.588788008238932,2.3978952727983707,2,VIP,1,5370.1,10
14082,365,2,413.36,206.68,48,393,2,2,2,6,6.026735161189901,1.0986122886681096,4,At Risk,1,413.36,2
14083,4,11,1407.26,127.93272727272729,169,722,5,5,4,14,7.250110178761505,2.4849066497880004,1,Regular,0,1407.26,11
14084,512,1,150.5,150.5,7,512,1,1,1,3,5.020585624949424,0.6931471805599453,0,Lost,1,150.5,1
14085,2,33,10104.97,306.2112121212121,479,731,5,5,5,15,9.220881617313903,3.5263605246161616,2,VIP,0,10104.97,33
14086,463,1,39.95,39.95,1,463,1,1,1,3,3.7123518102990785,0.6931471805599453,0,Lost,1,39.95,1
14087,3,3,846.22,282.0733333333333,175,735,5,3,3,11,6.741960401185134,1.3862943611198906,1,Regular,0,846.22,3
14088,10,16,29730.420199999626,4002.3,436,421,5,5,5,15,10.299959684780548,2.833213344056216,2,VIP,0,64036.8,16
14089,57,1,161.0,161.0,13,57,4,1,1,6,5.087596335232384,0.6931471805599453,3,New Customer,0,161.0,1
14090,325,1,76.32000000000001,76.32000000000001,1,325,2,1,1,4,4.34795265434013,0.6931471805599453,0,Lost,1,76.32000000000001,1
14091,654,2,9530.08,4765.040000000001,13,698,1,2,5,8,9.162313316565184,1.0986122886681096,4,At Risk,1,9530.08,2
14092,8,24,7229.45,301.2270833333334,169,723,5,5,5,15,8.886056553879842,3.2188758248682006,2,VIP,0,7229.45,24
14093,12,1,442.85,442.84999999999997,95,12,5,1,2,8,6.095486667514328,0.6931471805599453,3,New Customer,0,442.85,1
14094,440,1,335.22,335.21999999999997,41,440,1,1,2,4,5.817765707604913,0.6931471805599453,0,Lost,1,335.22,1
14095,723,1,2.95,2.95,1,723,1,1,1,3,1.3737155789130306,0.6931471805599453,0,Lost,1,2.95,1
14096,4,17,29730.420199999626,3833.2229411764706,1119,102,5,5,5,15,10.299959684780548,2.8903717578961645,2,VIP,0,65164.79,17
14097,481,2,422.85999999999996,211.43,39,646,1,2,2,5,6.049403212028428,1.0986122886681096,0,Lost,1,422.85999999999996,2
14098,37,1,147.35,147.34999999999997,21,37,4,1,1,6,4.99957434673683,0.6931471805599453,3,New Customer,0,147.35,1
14099,16,20,5765.71,288.2855,273,730,5,5,5,15,8.659857006240394,3.044522437723423,2,VIP,0,5765.71,20
14100,138,1,194.9,194.90000000000003,24,138,3,1,1,5,5.277604324950495,0.6931471805599453,3,New Customer,0,194.9,1
14101,74,13,9961.93,766.3023076923077,19,621,3,5,5,13,9.206626484023989,2.639057329615259,2,VIP,0,9961.93,13
14102,5,5,1360.28,272.056,35,45,5,4,4,13,7.216180712571818,1.791759469228055,1,Regular,0,1360.28,5
14104,155,5,771.5799999999999,154.31599999999997,117,560,3,4,3,10,6.6497355632804975,1.791759469228055,1,Regular,0,771.5799999999999,5
14105,239,5,5988.83,1197.766,200,721,2,4,5,11,8.697818310072366,1.791759469228055,1,Regular,1,5988.83,5
14106,726,1,214.79999999999998,214.79999999999998,1,737,1,1,1,3,5.374352052824034,0.6931471805599453,0,Lost,1,214.79999999999998,1
14107,52,11,4877.3,443.390909090909,102,730,4,5,5,14,8.492552077499786,2.4849066497880004,2,VIP,0,4877.3,11
14108,31,4,1044.96,261.24,49,738,4,3,3,10,6.952690402975883,1.6094379124341003,1,Regular,0,1044.96,4
14109,73,1,144.2,144.2,9,73,3,1,1,5,4.978112102390695,0.6931471805599453,3,New Customer,0,144.2,1
14110,4,33,12987.95,393.57424242424247,177,739,5,5,5,15,9.471854274988836,3.5263605246161616,2,VIP,0,12987.95,33
14111,14,4,692.85,173.2125,10,242,5,3,3,11,6.54225579881702,1.6094379124341003,1,Regular,0,692.85,4
14112,23,13,5834.59,448.8146153846154,199,654,4,5,5,14,8.671730653576422,2.639057329615259,2,VIP,0,5834.59,13
14113,4,16,7092.610000000001,443.28812500000004,76,732,5,5,5,15,8.866949657786243,2.833213344056216,2,VIP,0,7092.610000000001,16
14114,274,7,1364.09,194.87000000000003,72,607,2,4,4,10,7.218975639511439,2.0794415416798357,1,Regular,1,1364.09,7
14115,502,2,622.6700000000001,311.335,22,667,1,2,3,6,6.435621382327133,1.0986122886681096,4,At Risk,1,622.6700000000001,2
14116,20,5,1382.74,276.54799999999994,61,122,4,4,4,12,7.2325452572578,1.791759469228055,1,Regular,0,1382.74,5
14117,144,1,90.0,90.0,3,144,3,1,1,5,4.51085950651685,0.6931471805599453,3,New Customer,0,90.0,1
14118,429,1,458.45,458.45,15,429,1,1,2,4,6.130030121946894,0.6931471805599453,0,Lost,1,458.45,1
14119,376,2,183.37,91.685,11,718,2,2,1,5,5.216944608082299,1.0986122886681096,0,Lost,1,183.37,2
14121,4,4,2780.15,695.0375,148,60,5,3,4,12,7.930619790211972,1.6094379124341003,1,Regular,0,2780.15,4
14122,406,3,362.42,120.80666666666666,12,737,2,3,2,7,5.895559190220911,1.3862943611198906,4,At Risk,1,362.42,3
14123,726,1,436.18,436.18,24,733,1,1,2,4,6.0803450096018565,0.6931471805599453,0,Lost,1,436.18,1
14124,84,1,419.58000000000004,419.58000000000004,4,84,3,1,2,6,6.041634711020558,0.6931471805599453,3,New Customer,0,419.58000000000004,1
14125,11,3,2740.43,913.4766666666668,159,78,5,3,4,12,7.916234961051039,1.3862943611198906,1,Regular,0,2740.43,3
14126,8,4,1172.46,293.115,37,444,5,3,3,11,7.067711928642815,1.6094379124341003,1,Regular,0,1172.46,4
14127,123,6,1900.0800000000002,316.6800000000001,96,426,3,4,4,11,7.55017742471711,1.9459101490553132,1,Regular,0,1900.0800000000002,6
14128,61,3,924.21,308.07,50,551,3,3,3,9,6.830020738772716,1.3862943611198906,1,Regular,0,924.21,3
14129,2,9,2591.34,287.9266666666667,40,579,5,5,4,14,7.860316221709267,2.302585092994046,1,Regular,0,2591.34,9
14130,319,4,1882.67,470.6675,189,728,2,3,4,9,7.540977280558469,1.6094379124341003,4,At Risk,1,1882.67,4
14131,649,1,187.87,187.87000000000003,45,649,1,1,1,3,5.241058947707755,0.6931471805599453,0,Lost,1,187.87,1
14132,2,11,3586.0299999999997,326.00272727272727,100,184,5,5,5,15,8.185079841032296,2.4849066497880004,2,VIP,0,3586.0299999999997,11
14133,130,4,911.14,227.78499999999997,33,734,3,3,3,9,6.815793487064996,1.6094379124341003,1,Regular,0,911.14,4
14134,383,15,11123.35,741.5566666666667,130,730,2,5,5,12,9.316891678361227,2.772588722239781,2,VIP,1,11123.35,15
14135,2,24,9643.92,401.8300000000001,138,738,5,5,5,15,9.174186630852345,3.2188758248682006,2,VIP,0,9643.92,24
14136,401,5,1570.81,314.162,86,732,2,4,4,10,7.359983100544423,1.791759469228055,4,At Risk,1,1570.81,5
14137,696,1,332.7,332.7,11,696,1,1,2,4,5.810242385757328,0.6931471805599453,0,Lost,1,332.7,1
14138,2,2,982.3800000000001,491.1900000000001,40,64,5,2,3,10,6.890995617166797,1.0986122886681096,3,New Customer,0,982.3800000000001,2
14139,46,4,1086.8,271.70000000000005,48,543,4,3,3,10,6.99191258698886,1.6094379124341003,1,Regular,0,1086.8,4
14140,4,2,935.05,467.525,60,32,5,2,3,10,6.841668893854277,1.0986122886681096,3,New Customer,0,935.05,2
14141,3,4,915.13,228.78250000000003,27,105,5,3,3,11,6.820158276001622,1.6094379124341003,1,Regular,0,915.13,4
14142,373,2,983.15,491.57500000000005,42,646,2,2,3,7,6.891778324458996,1.0986122886681096,4,At Risk,1,983.15,2
14143,134,1,115.8,115.8,7,134,3,1,1,5,4.760463070394127,0.6931471805599453,3,New Customer,0,115.8,1
14144,486,1,30.599999999999998,30.599999999999998,1,486,1,1,1,3,3.4531571205928664,0.6931471805599453,0,Lost,1,30.599999999999998,1
14145,47,7,7600.05,1085.7214285714285,11,611,4,4,5,13,8.936041674626237,2.0794415416798357,2,VIP,0,7600.05,7
14146,9,12,9450.3,787.525,337,695,5,5,5,15,9.153907577164,2.5649493574615367,2,VIP,0,9450.3,12
14147,78,9,2590.2,287.8,24,640,3,5,4,12,7.85987636785712,2.302585092994046,1,Regular,0,2590.2,9
14148,234,2,466.29,233.14500000000004,15,414,2,2,2,6,6.146950049948197,1.0986122886681096,3,New Customer,1,466.29,2
14149,221,1,446.62,446.62000000000006,28,221,2,1,2,5,6.103944658191983,0.6931471805599453,3,New Customer,1,446.62,1
14150,36,2,658.64,329.32,23,360,4,2,3,9,6.49169423166057,1.0986122886681096,3,New Customer,0,658.64,2
14151,673,2,679.45,339.725,44,717,1,2,3,6,6.5227543440063265,1.0986122886681096,0,Lost,1,679.45,2
14152,75,7,1997.3400000000001,285.3342857142858,104,659,3,4,4,11,7.600072114901368,2.0794415416798357,1,Regular,0,1997.3400000000001,7
14153,483,1,233.4,233.39999999999998,17,483,1,1,1,3,5.457029057702858,0.6931471805599453,0,Lost,1,233.4,1
14154,239,8,6460.7,807.5875,236,696,2,4,5,11,8.77364772005142,2.1972245773362196,2,VIP,1,6460.7,8
14155,266,1,118.75,118.75,6,266,2,1,1,4,4.785406236291025,0.6931471805599453,3,New Customer,1,118.75,1
14156,10,46,29730.420199999626,2012.4767307692307,1446,739,5,5,5,15,10.299959684780548,3.8501476017100584,2,VIP,0,313946.37,156
14157,20,5,1002.78,200.55599999999998,75,646,4,4,3,11,6.911528152734635,1.791759469228055,1,Regular,0,1002.78,5
14158,40,1,507.66,507.65999999999997,41,40,4,1,2,7,6.231779816930511,0.6931471805599453,3,New Customer,0,507.66,1
14159,20,20,7938.01,396.9005,706,737,4,5,5,14,8.979543861328803,3.044522437723423,2,VIP,0,7938.01,20
14160,610,7,8421.47,1203.0671428571427,80,699,1,4,5,10,9.038658413386564,2.0794415416798357,4,At Risk,1,8421.47,7
14161,216,7,3318.88,474.1257142857143,202,727,2,4,5,11,8.10768391667899,2.0794415416798357,1,Regular,1,3318.88,7
14162,174,2,289.36,144.68,25,293,3,2,1,6,5.67112153241664,1.0986122886681096,3,New Customer,0,289.36,2
14163,87,5,2594.62,518.924,42,462,3,4,4,11,7.861580688064839,1.791759469228055,1,Regular,0,2594.62,5
14164,71,2,1631.77,815.8850000000002,28,81,3,2,4,9,7.398033237980444,1.0986122886681096,1,Regular,0,1631.77,2
14165,276,1,122.53999999999999,122.54,23,276,2,1,1,4,4.816564990267753,0.6931471805599453,3,New Customer,1,122.53999999999999,1
14166,505,2,256.85,128.42499999999998,39,626,1,2,1,4,5.552378020496968,1.0986122886681096,0,Lost,1,256.85,2
14167,39,8,1296.49,162.06124999999997,48,681,4,4,4,12,7.16818690788125,2.1972245773362196,1,Regular,0,1296.49,8
14168,421,2,370.45,185.225,11,565,1,2,2,5,5.917414265597815,1.0986122886681096,0,Lost,1,370.45,2
14169,431,2,624.4300000000001,312.215,50,444,1,2,3,6,6.438439413172899,1.0986122886681096,4,At Risk,1,624.4300000000001,2
14170,375,3,597.33,199.10999999999999,123,395,2,3,2,7,6.3941424412081105,1.3862943611198906,4,At Risk,1,597.33,3
14171,98,2,498.79,249.395,61,730,3,2,2,7,6.214188010197488,1.0986122886681096,3,New Customer,0,498.79,2
14172,605,3,402.72,134.23999999999998,38,643,1,3,2,6,6.0007215683706585,1.3862943611198906,0,Lost,1,402.72,3
14173,11,6,586.0,97.66666666666667,30,731,5,4,2,11,6.375024819828097,1.9459101490553132,1,Regular,0,586.0,6
14174,33,1,134.46,134.46,26,33,4,1,1,6,4.908676393786758,0.6931471805599453,3,New Customer,0,134.46,1
14175,60,8,7678.88,959.8599999999999,237,628,3,4,5,12,8.946359201019646,2.1972245773362196,2,VIP,0,7678.88,8
14176,297,5,916.01,183.20200000000003,33,381,2,4,3,9,6.8211183773224136,1.791759469228055,4,At Risk,1,916.01,5
14177,86,13,2229.34,171.48769230769233,141,652,3,5,4,12,7.7099093192000625,2.639057329615259,2,VIP,0,2229.34,13
14178,9,7,1620.93,231.56142857142862,191,182,5,4,4,13,7.391372077147292,2.0794415416798357,1,Regular,0,1620.93,7
14179,41,2,719.78,359.89,135,52,4,2,3,9,6.580333958961338,1.0986122886681096,3,New Customer,0,719.78,2
14180,11,33,6319.25,191.49242424242425,125,548,5,5,5,15,8.751514043320572,3.5263605246161616,2,VIP,0,6319.25,33
14181,411,2,310.55,155.275,48,563,1,2,2,5,5.741559838990231,1.0986122886681096,0,Lost,1,310.55,2
14182,444,4,678.77,169.69250000000002,42,596,1,3,3,7,6.521754505661576,1.6094379124341003,4,At Risk,1,678.77,4
14183,411,2,286.29,143.14499999999998,27,481,1,2,1,4,5.660492158557335,1.0986122886681096,0,Lost,1,286.29,2
14184,67,1,452.89,452.89,24,67,3,1,2,6,6.1178548779353035,0.6931471805599453,3,New Customer,0,452.89,1
14185,331,1,197.65,197.65,3,331,2,1,1,4,5.291544482260608,0.6931471805599453,0,Lost,1,197.65,1
14186,427,5,1550.63,310.126,75,645,1,4,4,9,7.34706127025902,1.791759469228055,4,At Risk,1,1550.63,5
14187,474,1,123.5,123.5,8,474,1,1,1,3,4.824305715904762,0.6931471805599453,0,Lost,1,123.5,1
14188,31,6,2054.36,342.3933333333334,34,310,4,4,4,12,7.628206294069428,1.9459101490553132,1,Regular,0,2054.36,6
14189,2,16,5814.39,363.39937499999996,199,389,5,5,5,15,8.668263130631585,2.833213344056216,2,VIP,0,5814.39,16
14190,666,1,79.9,79.9,1,666,1,1,1,3,4.393213824064446,0.6931471805599453,0,Lost,1,79.9,1
14191,2,15,4817.66,321.1773333333333,147,729,5,5,5,15,8.48025116009442,2.772588722239781,2,VIP,0,4817.66,15
14192,388,1,293.74,293.74,14,388,2,1,2,5,5.686093611785117,0.6931471805599453,0,Lost,1,293.74,1
14193,68,3,1210.19,403.3966666666667,49,397,3,3,3,9,7.0993586263743325,1.3862943611198906,1,Regular,0,1210.19,3
14194,5,36,18670.59,518.6275,432,703,5,5,5,15,9.83475839627326,3.6109179126442243,2,VIP,0,18670.59,36
14195,202,6,2615.6,435.93333333333334,10,634,2,4,4,10,7.869631044076776,1.9459101490553132,1,Regular,1,2615.6,6
14196,107,1,335.52,335.52,6,107,3,1,2,6,5.818657582682613,0.6931471805599453,3,New Customer,0,335.52,1
14197,411,1,390.05,390.05,20,411,1,1,2,4,5.968835429047621,0.6931471805599453,0,Lost,1,390.05,1
14198,18,9,1569.73,174.41444444444448,58,704,5,5,4,14,7.359295758431025,2.302585092994046,1,Regular,0,1569.73,9
14199,218,4,1091.7,272.925,15,531,2,3,3,8,6.9964069765767,1.6094379124341003,1,Regular,1,1091.7,4
14200,617,1,379.2,379.2000000000001,21,617,1,1,2,4,5.940697430054329,0.6931471805599453,0,Lost,1,379.2,1
14201,60,10,1193.54,119.354,47,588,3,5,3,11,7.0855164530197605,2.3978952727983707,1,Regular,0,1193.54,10
14202,381,3,847.76,282.58666666666664,27,625,2,3,3,8,6.743776460835899,1.3862943611198906,4,At Risk,1,847.76,3
14203,397,1,339.34,339.34,16,397,2,1,2,5,5.82994511794329,0.6931471805599453,0,Lost,1,339.34,1
14204,2,4,1062.96,265.74,186,737,5,3,3,11,6.9697530752099555,1.6094379124341003,1,Regular,0,1062.96,4
14205,17,9,2414.2,268.24444444444447,79,643,5,5,4,14,7.789537378392629,2.302585092994046,1,Regular,0,2414.2,9
14206,239,3,1185.01,395.00333333333333,62,403,2,3,3,8,7.078350011225329,1.3862943611198906,4,At Risk,1,1185.01,3
14207,688,1,157.8,157.8,2,688,1,1,1,3,5.067645548813036,0.6931471805599453,0,Lost,1,157.8,1
14208,95,2,567.05,283.5250000000001,34,551,3,2,2,7,6.342209443015913,1.0986122886681096,3,New Customer,0,567.05,2
14209,11,15,4993.27,332.88466666666665,133,687,5,5,5,15,8.51604653425612,2.772588722239781,2,VIP,0,4993.27,15
14210,106,16,5861.52,366.345,143,703,3,5,5,13,8.676334824262575,2.833213344056216,2,VIP,0,5861.52,16
14211,53,18,4402.29,244.57166666666672,155,731,4,5,5,14,8.390107267770315,2.9444389791664403,2,VIP,0,4402.29,18
14212,90,2,2190.14,1095.07,18,446,3,2,4,9,7.692177235317669,1.0986122886681096,1,Regular,0,2190.14,2
14213,405,1,1192.2,1192.2,5,405,2,1,3,6,7.084394052640594,0.6931471805599453,4,At Risk,1,1192.2,1
14214,31,5,1004.38,200.87600000000003,64,278,4,4,3,11,6.913120858480547,1.791759469228055,1,Regular,0,1004.38,5
14215,12,9,3416.33,379.59222222222223,167,732,5,5,5,15,8.136614823395947,2.302585092994046,1,Regular,0,3416.33,9
14216,3,5,2150.04,430.008,65,414,5,4,4,13,7.673706725096686,1.791759469228055,1,Regular,0,2150.04,5
14217,2,23,3416.89,148.5604347826087,122,527,5,5,5,15,8.136778680594764,3.1780538303479458,2,VIP,0,3416.89,23
14218,43,1,169.48000000000002,169.48000000000002,12,43,4,1,1,6,5.1386179877903615,0.6931471805599453,3,New Customer,0,169.48000000000002,1
14219,4,3,633.83,211.27666666666667,39,493,5,3,3,11,6.4533572465147895,1.3862943611198906,3,New Customer,0,633.83,3
14220,247,4,1515.0,378.75,26,569,2,3,4,9,7.323830566202317,1.6094379124341003,4,At Risk,1,1515.0,4
14221,42,17,6517.49,383.38176470588235,166,612,4,5,5,14,8.78239803300639,2.8903717578961645,2,VIP,0,6517.49,17
14222,177,1,683.17,683.1700000000001,41,177,3,1,3,7,6.528206424753791,0.6931471805599453,3,New Customer,0,683.17,1
14223,92,3,991.13,330.3766666666667,50,264,3,3,3,9,6.89985414708588,1.3862943611198906,1,Regular,0,991.13,3
14224,110,9,1897.9,210.87777777777777,189,544,3,5,4,12,7.549030050131371,2.302585092994046,1,Regular,0,1897.9,9
14225,435,4,2037.02,509.25499999999994,70,696,1,3,4,8,7.6197340272772065,1.6094379124341003,4,At Risk,1,2037.02,4
14226,29,6,3002.53,500.4216666666666,89,441,4,4,5,13,8.007543542587262,1.9459101490553132,1,Regular,0,3002.53,6
14227,26,15,6368.71,424.5806666666667,246,670,4,5,5,14,8.759309221627205,2.772588722239781,2,VIP,0,6368.71,15
14228,438,3,745.5,248.5,38,547,1,3,3,7,6.615395616979245,1.3862943611198906,4,At Risk,1,745.5,3
14229,52,7,2594.04,370.57714285714286,41,472,4,4,4,12,7.86135720973938,2.0794415416798357,1,Regular,0,2594.04,7
14230,436,3,979.8000000000001,326.6,27,548,1,3,3,7,6.888368565181947,1.3862943611198906,4,At Risk,1,979.8000000000001,3
14231,184,4,1235.6200000000001,308.90500000000003,66,451,3,3,3,9,7.120137130372299,1.6094379124341003,1,Regular,1,1235.6200000000001,4
14232,43,5,2048.07,409.61400000000003,81,265,4,4,4,12,7.625141310661702,1.791759469228055,1,Regular,0,2048.07,5
14233,49,7,2904.27,414.8957142857143,42,644,4,4,4,12,7.974281608168437,2.0794415416798357,1,Regular,0,2904.27,7
14234,22,4,775.46,193.86500000000007,122,57,4,3,3,10,6.654745128061633,1.6094379124341003,1,Regular,0,775.46,4
14235,75,9,4717.99,524.2211111111111,107,619,3,5,5,13,8.459350072631114,2.302585092994046,2,VIP,0,4717.99,9
14236,81,5,1744.64,348.928,39,505,3,4,4,11,7.464876529573371,1.791759469228055,1,Regular,0,1744.64,5
14237,373,2,632.14,316.07,26,591,2,2,3,7,6.450691566726245,1.0986122886681096,4,At Risk,1,632.14,2
14238,326,3,434.23,144.74333333333334,13,735,2,3,2,7,6.075874626989435,1.3862943611198906,4,At Risk,1,434.23,3
14239,43,21,4263.17,203.00809523809525,97,735,4,5,5,14,8.358002833718864,3.091042453358316,2,VIP,0,4263.17,21
14240,30,3,1247.49,415.8300000000001,46,424,4,3,3,10,7.129690100076217,1.3862943611198906,1,Regular,0,1247.49,3
14241,184,2,333.70000000000005,166.85000000000002,12,696,3,2,2,7,5.813234608217281,1.0986122886681096,3,New Customer,1,333.70000000000005,2
14242,235,2,280.55,140.275,13,326,2,2,1,5,5.640310051700627,1.0986122886681096,3,New Customer,1,280.55,2
14243,9,17,7431.05,437.12058823529406,235,476,5,5,5,15,8.913557008135198,2.8903717578961645,2,VIP,0,7431.05,17
14244,661,1,366.41999999999996,366.41999999999996,16,661,1,1,2,4,5.906505607880791,0.6931471805599453,0,Lost,1,366.41999999999996,1
14245,220,2,1693.45,846.7249999999999,107,264,2,2,4,8,7.435113483382488,1.0986122886681096,4,At Risk,1,1693.45,2
14246,111,3,1474.06,491.3533333333334,57,246,3,3,4,10,7.296453945912695,1.3862943611198906,1,Regular,0,1474.06,3
14247,278,5,772.66,154.53199999999998,82,551,2,4,3,9,6.651132500593759,1.791759469228055,4,At Risk,1,772.66,5
14248,318,3,1032.95,344.31666666666666,41,515,2,3,3,8,6.941141697999771,1.3862943611198906,4,At Risk,1,1032.95,3
14249,411,12,5625.461,468.7884166666667,178,679,1,5,5,11,8.63523592668109,2.5649493574615367,2,VIP,1,5625.461,12
14250,7,3,1904.05,634.6833333333333,94,89,5,3,4,12,7.552263533935522,1.3862943611198906,1,Regular,0,1904.05,3
14251,2,5,2879.7000000000003,575.9399999999999,37,58,5,4,4,13,7.965788599152331,1.791759469228055,1,Regular,0,2879.7000000000003,5
14252,381,1,350.99,350.99,10,381,2,1,2,5,5.863602766103642,0.6931471805599453,0,Lost,1,350.99,1
14253,493,2,363.40000000000003,181.7,11,623,1,2,2,5,5.898252165385803,1.0986122886681096,0,Lost,1,363.40000000000003,2
14254,433,1,601.03,601.03,23,433,1,1,2,4,6.400307277954197,0.6931471805599453,0,Lost,1,601.03,1
14255,546,1,1000.63,1000.63,1,546,1,1,3,5,6.909383951973957,0.6931471805599453,4,At Risk,1,1000.63,1
14256,260,5,2473.9900000000002,494.79799999999994,100,695,2,4,4,10,7.813991634590588,1.791759469228055,1,Regular,1,2473.9900000000002,5
14257,64,9,5954.45,661.6055555555556,167,648,3,5,5,13,8.692062045685008,2.302585092994046,2,VIP,0,5954.45,9
14258,9,25,29730.420199999626,1282.0536,97,736,5,5,5,15,10.299959684780548,3.258096538021482,2,VIP,0,32051.34,25
14259,142,1,120.0,120.0,5,142,3,1,1,5,4.795790545596741,0.6931471805599453,3,New Customer,0,120.0,1
14260,471,3,824.28,274.76000000000005,50,549,1,3,3,7,6.71572272269298,1.3862943611198906,4,At Risk,1,824.28,3
14261,51,2,1163.45,581.725,52,79,4,2,3,9,7.060004151519799,1.0986122886681096,1,Regular,0,1163.45,2
14262,8,8,2618.23,327.27874999999995,87,241,5,4,4,13,7.870635660430322,2.1972245773362196,1,Regular,0,2618.23,8
14263,423,1,322.93,322.93,16,423,1,1,2,4,5.780527443067584,0.6931471805599453,0,Lost,1,322.93,1
14264,155,6,1517.3600000000001,252.89333333333335,59,611,3,4,4,11,7.325386083989173,1.9459101490553132,1,Regular,0,1517.3600000000001,6
14265,109,4,1373.35,343.3375,74,612,3,3,4,10,7.225736171057181,1.6094379124341003,1,Regular,0,1373.35,4
14266,428,1,40.56,40.56,1,428,1,1,1,3,3.727138166231027,0.6931471805599453,0,Lost,1,40.56,1
14267,163,3,1516.24,505.41333333333336,25,261,3,3,4,10,7.3246481738226015,1.3862943611198906,1,Regular,0,1516.24,3
14268,471,1,354.85,354.84999999999997,19,471,1,1,2,4,5.87450929374528,0.6931471805599453,0,Lost,1,354.85,1
14269,439,1,295.73,295.73,16,439,1,1,2,4,5.692822634419859,0.6931471805599453,0,Lost,1,295.73,1
14270,332,1,492.65000000000003,492.65,29,332,2,1,2,5,6.201826764057459,0.6931471805599453,4,At Risk,1,492.65000000000003,1
14271,226,2,219.13,109.565,38,409,2,2,1,5,5.39421828092524,1.0986122886681096,3,New Customer,1,219.13,2
14272,74,4,920.81,230.2025,62,582,3,3,3,9,6.826339128567769,1.6094379124341003,1,Regular,0,920.81,4
14273,51,4,559.97,139.9925,22,242,4,3,2,9,6.329667428156979,1.6094379124341003,1,Regular,0,559.97,4
14274,686,1,256.6,256.6,15,686,1,1,1,3,5.551407994230199,0.6931471805599453,0,Lost,1,256.6,1
14275,396,6,1189.3799999999999,198.23,14,608,2,4,3,9,7.082027862862419,1.9459101490553132,4,At Risk,1,1189.3799999999999,6
14276,99,7,2102.68,300.3828571428572,75,660,3,4,4,11,7.6514434710358,2.0794415416798357,1,Regular,0,2102.68,7
14277,15,9,17225.81,1913.9788888888886,334,726,5,5,5,15,9.754222170187196,2.302585092994046,2,VIP,0,17225.81,9
14278,410,1,205.83,205.83,13,410,2,1,1,4,5.331897199811232,0.6931471805599453,0,Lost,1,205.83,1
14279,521,2,191.86,95.93,3,681,1,2,1,4,5.261964537082238,1.0986122886681096,0,Lost,1,191.86,2
14280,197,1,134.04,134.04,8,197,2,1,1,4,4.905571030847647,0.6931471805599453,3,New Customer,1,134.04,1
14281,408,1,245.15,245.15,7,408,2,1,1,4,5.50594110620421,0.6931471805599453,0,Lost,1,245.15,1
14282,3,25,7849.66,313.9864,100,663,5,5,5,15,8.96835288367535,3.258096538021482,2,VIP,0,7849.66,25
14283,463,4,628.4399999999999,157.10999999999999,36,570,1,3,3,7,6.444830535200694,1.6094379124341003,4,At Risk,1,628.4399999999999,4
14284,31,3,1299.65,433.21666666666664,59,654,4,3,4,11,7.170619418491279,1.3862943611198906,1,Regular,0,1299.65,3
14285,21,8,3284.42,410.55249999999995,48,731,4,4,5,13,8.097249776627379,2.1972245773362196,1,Regular,0,3284.42,8
14286,24,7,8479.76,1211.3942857142854,270,736,4,4,5,13,9.04555534741159,2.0794415416798357,2,VIP,0,8479.76,7
14287,8,3,176.63,58.876666666666665,9,199,5,3,1,9,5.179702735211794,1.3862943611198906,3,New Customer,0,176.63,3
14288,213,1,426.6,426.6,16,213,2,1,2,5,6.05818817915089,0.6931471805599453,3,New Customer,1,426.6,1
14289,9,6,911.26,151.87666666666667,33,290,5,4,3,12,6.815925037163848,1.9459101490553132,1,Regular,0,911.26,6
14290,11,8,4516.56,564.57,120,732,5,4,5,14,8.41572730406053,2.1972245773362196,1,Regular,0,4516.56,8
14291,2,23,7904.1,343.6565217391304,241,731,5,5,5,15,8.975263399784938,3.1780538303479458,2,VIP,0,7904.1,23
14292,8,16,9226.25,576.640625,120,631,5,5,5,15,9.129916341608387,2.833213344056216,2,VIP,0,9226.25,16
14293,3,9,3267.9300000000003,363.1033333333333,88,730,5,5,5,15,8.092217993218712,2.302585092994046,1,Regular,0,3267.9300000000003,9
14294,407,1,375.34,375.34,23,407,2,1,2,5,5.930492990116498,0.6931471805599453,0,Lost,1,375.34,1
14295,40,5,2362.91,472.582,66,732,4,4,4,12,7.768072306735277,1.791759469228055,1,Regular,0,2362.91,5
14296,421,2,456.40000000000003,228.2,27,574,1,2,2,5,6.125558281588681,1.0986122886681096,4,At Risk,1,456.40000000000003,2
14297,18,4,1305.33,326.3324999999999,48,275,5,3,4,12,7.174976957856922,1.6094379124341003,1,Regular,0,1305.33,4
14298,8,46,29730.420199999626,1112.1279268292683,1370,728,5,5,5,15,10.299959684780548,3.8501476017100584,2,VIP,0,91194.49,82
14299,8,27,14499.49,537.018148148148,164,738,5,5,5,15,9.58193772094114,3.332204510175204,2,VIP,0,14499.49,27
14300,19,1,43.2,43.2,3,19,5,1,1,7,3.7887247890836524,0.6931471805599453,3,New Customer,0,43.2,1
14301,117,4,1992.18,498.045,37,666,3,3,4,10,7.597486632240913,1.6094379124341003,1,Regular,0,1992.18,4
14302,431,3,742.9000000000001,247.63333333333333,25,738,1,3,3,7,6.611906617197295,1.3862943611198906,4,At Risk,1,742.9000000000001,3
14303,407,2,277.94,138.96999999999997,21,435,2,2,1,5,5.630996704930548,1.0986122886681096,0,Lost,1,277.94,2
14304,223,3,1725.01,575.0033333333334,69,571,2,3,4,9,7.453567665369348,1.3862943611198906,4,At Risk,1,1725.01,3
14305,71,3,1858.96,619.6533333333334,96,135,3,3,4,10,7.528310261099659,1.3862943611198906,1,Regular,0,1858.96,3
14306,51,6,3151.4,525.2333333333333,43,677,4,4,5,13,8.055919346479495,1.9459101490553132,1,Regular,0,3151.4,6
14307,89,10,5071.03,507.1029999999999,205,732,3,5,5,13,8.531496410926067,2.3978952727983707,2,VIP,0,5071.03,10
14308,549,2,1147.02,573.51,1,549,1,2,3,6,7.045793998330545,1.0986122886681096,4,At Risk,1,1147.02,2
14309,8,11,3780.81,343.71,125,551,5,5,5,15,8.237958009987105,2.4849066497880004,2,VIP,0,3780.81,11
14310,433,1,492.1,492.1,22,433,1,1,2,4,6.2007119932300805,0.6931471805599453,0,Lost,1,492.1,1
14311,243,2,516.45,258.225,31,568,2,2,2,6,6.248912902114182,1.0986122886681096,3,New Customer,1,516.45,2
14312,47,11,3090.29,280.93545454545455,148,504,4,5,5,14,8.0363437585012,2.4849066497880004,2,VIP,0,3090.29,11
14314,107,2,229.8,114.9,10,431,3,2,1,6,5.441551534633945,1.0986122886681096,3,New Customer,0,229.8,2
14315,45,8,3197.82,399.7275,83,635,4,4,5,13,8.070537270782818,2.1972245773362196,1,Regular,0,3197.82,8
14316,422,5,1370.34,274.06800000000004,21,630,1,4,4,9,7.223543642981688,1.791759469228055,4,At Risk,1,1370.34,5
14317,65,1,508.58000000000004,508.58,24,65,3,1,2,6,6.233586857019973,0.6931471805599453,3,New Customer,0,508.58000000000004,1
14318,460,1,158.02,158.02000000000004,9,460,1,1,1,3,5.069029980473338,0.6931471805599453,0,Lost,1,158.02,1
14319,424,1,494.85,494.85,26,424,1,1,2,4,6.206273461632134,0.6931471805599453,0,Lost,1,494.85,1
14320,207,5,1346.75,269.35,68,688,2,4,4,10,7.2061918143317785,1.791759469228055,1,Regular,1,1346.75,5
14321,11,7,2218.06,316.8657142857143,162,473,5,4,4,13,7.704838961773891,2.0794415416798357,1,Regular,0,2218.06,7
14322,429,4,474.1,118.525,10,660,1,3,2,6,6.163525308192876,1.6094379124341003,4,At Risk,1,474.1,4
14323,115,2,605.0600000000001,302.53000000000003,32,239,3,2,2,7,6.406978991069148,1.0986122886681096,3,New Customer,0,605.0600000000001,2
14324,410,2,701.61,350.80500000000006,41,693,2,2,3,7,6.554801972579857,1.0986122886681096,4,At Risk,1,701.61,2
14325,570,1,245.48000000000002,245.48,18,570,1,1,1,3,5.507280854288412,0.6931471805599453,0,Lost,1,245.48000000000002,1
14326,242,3,940.98,313.66,54,533,2,3,3,8,6.847984042928468,1.3862943611198906,4,At Risk,1,940.98,3
14327,163,6,1894.93,315.82166666666666,99,700,3,4,4,11,7.54746476230219,1.9459101490553132,1,Regular,0,1894.93,6
14328,438,1,445.05,445.05,1,438,1,1,2,4,6.1004310533597925,0.6931471805599453,0,Lost,1,445.05,1
14329,17,15,9927.22,661.8146666666667,349,723,5,5,5,15,9.203136486187676,2.772588722239781,2,VIP,0,9927.22,15
14330,624,1,200.63,200.63,13,624,1,1,1,3,5.3064343346499845,0.6931471805599453,0,Lost,1,200.63,1
14331,124,2,462.65999999999997,231.32999999999998,27,135,3,2,2,7,6.139151525006747,1.0986122886681096,3,New Customer,0,462.65999999999997,2
14332,23,5,1943.51,388.70200000000006,47,416,4,4,4,12,7.572765296292786,1.791759469228055,1,Regular,0,1943.51,5
14333,68,1,415.2,415.2,15,68,3,1,2,6,6.031165913959534,0.6931471805599453,3,New Customer,0,415.2,1
14334,17,12,4318.48,359.8733333333333,148,569,5,5,5,15,8.37089030362269,2.5649493574615367,2,VIP,0,4318.48,12
14335,16,2,468.26,234.12999999999997,55,96,5,2,2,9,6.151156985841575,1.0986122886681096,3,New Customer,0,468.26,2
14336,17,4,1614.91,403.7275,77,276,5,3,4,12,7.387653544460817,1.6094379124341003,1,Regular,0,1614.91,4
14338,161,3,928.1,309.3666666666667,43,537,3,3,3,9,6.834216375647267,1.3862943611198906,1,Regular,0,928.1,3
14339,243,2,620.27,310.135,21,429,2,2,3,7,6.431765770051603,1.0986122886681096,3,New Customer,1,620.27,2
14340,219,1,134.7,134.7,6,219,2,1,1,4,4.9104465668408235,0.6931471805599453,3,New Customer,1,134.7,1
14341,45,18,4467.32,248.18444444444444,185,739,4,5,5,14,8.40476777803629,2.9444389791664403,2,VIP,0,4467.32,18
14342,21,6,918.44,153.07333333333332,27,472,4,4,3,11,6.823764789060503,1.9459101490553132,1,Regular,0,918.44,6
14343,421,4,1088.91,272.22749999999996,193,690,1,3,3,7,6.993850403006858,1.6094379124341003,4,At Risk,1,1088.91,4
14344,127,20,3333.7000000000003,166.68499999999997,140,626,3,5,5,13,8.112137999281039,3.044522437723423,2,VIP,0,3333.7000000000003,20
14345,39,1,108.97999999999999,108.97999999999999,6,39,4,1,1,6,4.700298531079668,0.6931471805599453,3,New Customer,0,108.97999999999999,1
14346,121,5,2315.75,463.15,123,498,3,4,4,11,7.747920620466801,1.791759469228055,1,Regular,0,2315.75,5
14347,726,1,82.6,82.60000000000001,6,737,1,1,1,3,4.426043520090656,0.6931471805599453,0,Lost,1,82.6,1
14348,260,1,409.57,409.57,18,260,2,1,2,5,6.017546438106483,0.6931471805599453,3,New Customer,1,409.57,1
14349,10,1,133.5,133.5,31,10,5,1,1,7,4.901564199041894,0.6931471805599453,3,New Customer,0,133.5,1
14350,274,3,972.03,324.01000000000005,55,430,2,3,3,8,6.880414914187569,1.3862943611198906,4,At Risk,1,972.03,3
14351,165,1,51.0,51.0,1,165,3,1,1,5,3.9512437185814275,0.6931471805599453,3,New Customer,0,51.0,1
14352,157,4,1078.96,269.74000000000007,44,273,3,3,3,9,6.984679282395341,1.6094379124341003,1,Regular,0,1078.96,4
14353,215,3,376.5,125.49999999999999,18,432,2,3,2,7,5.933570568689079,1.3862943611198906,3,New Customer,1,376.5,3
14354,6,2,163.62,81.81,9,30,5,2,1,8,5.103639787544498,1.0986122886681096,3,New Customer,0,163.62,2
14355,366,3,1014.45,338.15000000000003,57,627,2,3,3,8,6.923087142979119,1.3862943611198906,4,At Risk,1,1014.45,3
14356,80,2,701.23,350.615,33,81,3,2,3,8,6.5542609856927125,1.0986122886681096,3,New Customer,0,701.23,2
14357,43,1,225.77,225.76999999999998,39,43,4,1,1,6,5.423936287972195,0.6931471805599453,3,New Customer,0,225.77,1
14358,389,2,400.06,200.02999999999997,21,428,2,2,2,6,5.994111042048887,1.0986122886681096,4,At Risk,1,400.06,2
14359,19,3,912.18,304.06,44,88,5,3,3,11,6.816933013408364,1.3862943611198906,1,Regular,0,912.18,3
14360,32,4,2128.23,532.0575000000001,104,95,4,3,4,11,7.663515690998327,1.6094379124341003,1,Regular,0,2128.23,4
14361,579,1,214.70999999999998,214.71000000000004,14,579,1,1,1,3,5.373934913006625,0.6931471805599453,0,Lost,1,214.70999999999998,1
14362,22,1,161.2,161.2,37,22,4,1,1,6,5.088830141681313,0.6931471805599453,3,New Customer,0,161.2,1
14363,402,2,227.47000000000003,113.73500000000001,8,451,2,2,1,5,5.431404910686392,1.0986122886681096,0,Lost,1,227.47000000000003,2
14364,109,8,3717.35,464.66875,61,211,3,4,5,12,8.221035300483413,2.1972245773362196,1,Regular,0,3717.35,8
14365,395,2,634.68,317.34,50,682,2,2,3,7,6.454695292066289,1.0986122886681096,4,At Risk,1,634.68,2
14366,525,1,136.0,136.0,1,525,1,1,1,3,4.919980925828125,0.6931471805599453,0,Lost,1,136.0,1
14367,8,16,9261.52,578.845,270,276,5,5,5,15,9.133731428846275,2.833213344056216,2,VIP,0,9261.52,16
14368,320,1,155.0,155.0,8,320,2,1,1,4,5.049856007249537,0.6931471805599453,0,Lost,1,155.0,1
14369,642,2,469.13,234.56499999999997,24,662,1,2,2,5,6.153009252203234,1.0986122886681096,0,Lost,1,469.13,2
14370,451,6,1175.78,195.96333333333337,37,677,1,4,3,8,7.070537173901474,1.9459101490553132,4,At Risk,1,1175.78,6
14371,295,1,100.5,100.5,4,295,2,1,1,4,4.620058798481842,0.6931471805599453,0,Lost,1,100.5,1
14372,443,2,860.08,430.0400000000001,36,599,1,2,3,6,6.758187415326246,1.0986122886681096,4,At Risk,1,860.08,2
14373,358,1,76.55,76.55,4,358,2,1,1,4,4.350922889622548,0.6931471805599453,0,Lost,1,76.55,1
14374,541,1,108.0,108.0,7,541,1,1,1,3,4.6913478822291435,0.6931471805599453,0,Lost,1,108.0,1
14375,185,3,1132.99,377.66333333333336,176,541,3,3,3,9,7.033497665906664,1.3862943611198906,1,Regular,1,1132.99,3
14376,683,1,215.46,215.46,17,683,1,1,1,3,5.377405772867,0.6931471805599453,0,Lost,1,215.46,1
14377,191,2,617.05,308.525,11,262,2,2,2,6,6.426569360333832,1.0986122886681096,3,New Customer,1,617.05,2
14378,622,1,131.25,131.25,9,622,1,1,1,3,4.8846940707384086,0.6931471805599453,0,Lost,1,131.25,1
14379,44,4,1268.91,317.2275,93,480,4,3,4,11,7.146701310799781,1.6094379124341003,1,Regular,0,1268.91,4
14380,682,1,48.96,48.96,1,682,1,1,1,3,3.911222685257377,0.6931471805599453,0,Lost,1,48.96,1
14381,52,2,631.34,315.66999999999996,104,451,4,2,3,9,6.449427224173901,1.0986122886681096,3,New Customer,0,631.34,2
14382,26,2,1246.8,623.4,227,390,4,2,3,9,7.129137279676686,1.0986122886681096,1,Regular,0,1246.8,2
14383,38,3,1247.69,415.8966666666667,49,164,4,3,3,10,7.129850280760371,1.3862943611198906,1,Regular,0,1247.69,3
14384,501,1,58.5,58.5,3,501,1,1,1,3,4.085976312551584,0.6931471805599453,0,Lost,1,58.5,1
14385,9,3,202.11,67.36999999999999,13,24,5,3,1,9,5.3137477042033945,1.3862943611198906,3,New Customer,0,202.11,3
14386,297,1,142.4,142.4,7,297,2,1,1,4,4.96563792816552,0.6931471805599453,0,Lost,1,142.4,1
14387,33,3,1770.56,590.1866666666667,125,109,4,3,4,11,7.479615793333997,1.3862943611198906,1,Regular,0,1770.56,3
14388,10,16,6701.0,418.8125,184,689,5,5,5,15,8.810161268297255,2.833213344056216,2,VIP,0,6701.0,16
14389,65,5,1898.01,379.6019999999999,48,590,3,4,4,11,7.549087976727858,1.791759469228055,1,Regular,0,1898.01,5
14390,10,13,6399.83,492.2946153846154,197,425,5,5,5,15,8.764182948439066,2.639057329615259,2,VIP,0,6399.83,13
14391,577,1,135.6,135.60000000000002,14,577,1,1,1,3,4.91705694713669,0.6931471805599453,0,Lost,1,135.6,1
14392,432,1,266.4,266.4,14,432,1,1,1,3,5.588745664667843,0.6931471805599453,0,Lost,1,266.4,1
14393,218,1,67.95,67.94999999999999,5,218,2,1,1,4,4.233381604239311,0.6931471805599453,3,New Customer,1,67.95,1
14394,565,1,93.8,93.8,6,565,1,1,1,3,4.551769409260976,0.6931471805599453,0,Lost,1,93.8,1
14395,2,20,8208.01,410.4005000000001,320,600,5,5,5,15,9.012987610522698,3.044522437723423,2,VIP,0,8208.01,20
14396,65,7,2121.93,303.1328571428572,202,737,3,4,4,11,7.660552488950523,2.0794415416798357,1,Regular,0,2121.93,7
14397,3,19,2612.96,137.52421052631578,18,214,5,5,4,14,7.868621591848266,2.995732273553991,2,VIP,0,2612.96,19
14398,401,2,707.79,353.8949999999999,50,528,2,2,3,7,6.563559290839203,1.0986122886681096,4,At Risk,1,707.79,2
14399,394,8,2113.16,264.145,119,674,2,4,4,10,7.65641284946965,2.1972245773362196,4,At Risk,1,2113.16,8
14400,149,3,1732.47,577.49,71,632,3,3,4,10,7.45788045894706,1.3862943611198906,1,Regular,0,1732.47,3
14401,4,22,6795.9,308.9045454545454,171,725,5,5,5,15,8.824221904865304,3.1354942159291497,2,VIP,0,6795.9,22
14402,652,1,285.6,285.6,8,652,1,1,1,3,5.6580875153940715,0.6931471805599453,0,Lost,1,285.6,1
14403,130,6,1880.51,313.41833333333335,20,639,3,4,4,11,7.539829924927686,1.9459101490553132,1,Regular,0,1880.51,6
14404,34,13,2899.11,223.00846153846155,123,719,4,5,4,13,7.9725039462896845,2.639057329615259,2,VIP,0,2899.11,13
14405,387,1,195.0,195.0,2,387,2,1,1,4,5.278114659230518,0.6931471805599453,0,Lost,1,195.0,1
14406,119,1,156.75,156.75,8,119,3,1,1,5,5.061011501421323,0.6931471805599453,3,New Customer,0,156.75,1
14407,107,6,2157.73,359.62166666666667,67,277,3,4,4,11,7.677275364797242,1.9459101490553132,1,Regular,0,2157.73,6
14408,11,11,4109.77,373.6154545454546,63,733,5,5,5,15,8.321365637874722,2.4849066497880004,2,VIP,0,4109.77,11
14409,71,9,3756.09,417.34333333333336,76,567,3,5,5,13,8.231400000570517,2.302585092994046,1,Regular,0,3756.09,9
14410,92,11,2651.14,241.01272727272726,307,437,3,5,4,12,7.8831221402592995,2.4849066497880004,2,VIP,0,2651.14,11
14411,311,1,1063.0,1063.0,14,311,2,1,3,6,6.96979066990159,0.6931471805599453,4,At Risk,1,1063.0,1
14412,43,3,1426.19,475.3966666666666,75,425,4,3,4,11,7.26346275507474,1.3862943611198906,1,Regular,0,1426.19,3
14413,362,4,770.37,192.59250000000003,93,689,2,3,3,8,6.648168154688608,1.6094379124341003,4,At Risk,1,770.37,4
14414,92,8,2399.33,299.91625000000005,99,375,3,4,4,11,7.783361506883779,2.1972245773362196,1,Regular,0,2399.33,8
14415,1,23,12091.6,525.7217391304348,445,723,5,5,5,15,9.400348974251534,3.1780538303479458,2,VIP,0,12091.6,23
14416,22,2,490.22,245.11000000000004,13,42,4,2,2,8,6.1968920926164115,1.0986122886681096,3,New Customer,0,490.22,2
14417,388,1,604.2,604.2,106,388,2,1,2,5,6.405558981914201,0.6931471805599453,4,At Risk,1,604.2,1
14418,4,3,1937.25,645.75,114,108,5,3,4,12,7.569540783099068,1.3862943611198906,1,Regular,0,1937.25,3
14419,11,7,1260.91,180.13000000000005,118,383,5,4,4,13,7.140381725185672,2.0794415416798357,1,Regular,0,1260.91,7
14420,99,4,1639.17,409.79249999999996,85,692,3,3,4,10,7.4025551739826545,1.6094379124341003,1,Regular,0,1639.17,4
14421,57,6,2469.37,411.56166666666667,72,692,4,4,4,12,7.812123215974338,1.9459101490553132,1,Regular,0,2469.37,6
14422,1,19,10271.52,540.6063157894737,317,723,5,5,5,15,9.237227647701399,2.995732273553991,2,VIP,0,10271.52,19
14423,218,3,916.6099999999999,305.53666666666663,12,695,2,3,3,8,6.8217724637505475,1.3862943611198906,4,At Risk,1,916.6099999999999,3
14424,18,1,322.08,322.08,1,18,5,1,2,8,5.777899970574095,0.6931471805599453,3,New Customer,0,322.08,1
14425,435,3,661.39,220.46333333333325,35,738,1,3,3,7,6.495854506338738,1.3862943611198906,4,At Risk,1,661.39,3
14426,24,17,11727.94,689.8788235294118,452,645,4,5,5,14,9.3698145709828,2.8903717578961645,2,VIP,0,11727.94,17
14427,50,4,1263.52,315.88,43,632,4,3,4,11,7.142447882513212,1.6094379124341003,1,Regular,0,1263.52,4
14428,7,5,1244.83,248.96599999999998,108,325,5,4,3,12,7.127557253441968,1.791759469228055,1,Regular,0,1244.83,5
14429,404,1,516.28,516.2800000000001,22,404,2,1,2,5,6.248584313977123,0.6931471805599453,0,Lost,1,516.28,1
14430,512,3,1220.9,406.96666666666675,29,607,1,3,3,7,7.108162303322477,1.3862943611198906,4,At Risk,1,1220.9,3
14431,303,4,2614.2,653.55,72,688,2,3,4,9,7.86909585541,1.6094379124341003,4,At Risk,1,2614.2,4
14432,10,6,2255.51,375.91833333333335,256,89,5,4,4,13,7.72157465089916,1.9459101490553132,1,Regular,0,2255.51,6
14433,466,1,289.6,289.59999999999997,72,466,1,1,1,3,5.671947751136183,0.6931471805599453,0,Lost,1,289.6,1
14434,22,6,1372.8,228.79999999999998,3,72,4,4,4,12,7.225335901779781,1.9459101490553132,1,Regular,0,1372.8,6
14435,502,1,90.42,90.42,3,502,1,1,1,3,4.515464272903598,0.6931471805599453,0,Lost,1,90.42,1
14436,99,2,271.70000000000005,135.85000000000002,11,554,3,2,1,6,5.608372289851543,1.0986122886681096,3,New Customer,0,271.70000000000005,2
14437,366,5,958.84,191.768,34,584,2,4,3,9,6.866766603904783,1.791759469228055,4,At Risk,1,958.84,5
14438,306,1,131.9,131.9,9,306,2,1,1,4,4.8895969657192,0.6931471805599453,0,Lost,1,131.9,1
14439,320,5,9443.04,1888.6080000000002,105,687,2,4,5,11,9.15313913368987,1.791759469228055,4,At Risk,1,9443.04,5
14440,8,13,6638.7300000000005,510.67153846153843,63,738,5,5,5,15,8.80082657899313,2.639057329615259,2,VIP,0,6638.7300000000005,13
14441,1,11,4611.6900000000005,419.2445454545455,103,691,5,5,5,15,8.436566479912322,2.4849066497880004,2,VIP,0,4611.6900000000005,11
14442,205,7,5367.0199999999995,766.7171428571429,128,690,2,4,5,11,8.588214404426992,2.0794415416798357,1,Regular,1,5367.0199999999995,7
14443,54,5,2386.47,477.29400000000004,119,379,4,4,4,12,7.777989506830913,1.791759469228055,1,Regular,0,2386.47,5
14444,456,1,132.04,132.04,11,456,1,1,1,3,4.890649834884672,0.6931471805599453,0,Lost,1,132.04,1
14445,456,1,221.65,221.64999999999998,32,456,1,1,1,3,5.405601031767711,0.6931471805599453,0,Lost,1,221.65,1
14446,1,5,1241.31,248.262,259,387,5,4,3,12,7.12472782877268,1.791759469228055,1,Regular,0,1241.31,5
14447,19,6,1711.73,285.28833333333336,81,400,5,4,4,13,7.445843867687404,1.9459101490553132,1,Regular,0,1711.73,6
14448,9,2,375.35,187.675,20,364,5,2,2,9,5.930519561480541,1.0986122886681096,3,New Customer,0,375.35,2
14449,19,8,2482.8,310.35,301,436,5,4,4,13,7.817544924513932,2.1972245773362196,1,Regular,0,2482.8,8
14450,181,7,1128.44,161.20571428571432,47,611,3,4,3,10,7.029477213647162,2.0794415416798357,1,Regular,1,1128.44,7
14451,60,12,3308.77,275.73083333333335,245,692,3,5,5,13,8.104633979551982,2.5649493574615367,2,VIP,0,3308.77,12
14452,11,4,665.59,166.3975,108,521,5,3,3,11,6.502175164260966,1.6094379124341003,1,Regular,0,665.59,4
14453,190,1,119.93,119.93,22,190,2,1,1,4,4.795211865797184,0.6931471805599453,3,New Customer,1,119.93,1
14454,376,5,977.3,195.45999999999998,93,733,2,4,3,9,6.885816371463383,1.791759469228055,4,At Risk,1,977.3,5
14455,432,4,628.21,157.05249999999998,65,495,1,3,3,7,6.444465064255539,1.6094379124341003,4,At Risk,1,628.21,4
14456,5,9,3062.4,340.26666666666665,580,142,5,5,5,15,8.027280689230453,2.302585092994046,1,Regular,0,3062.4,9
14457,311,1,113.64,113.64,4,311,2,1,1,4,4.741796783519916,0.6931471805599453,0,Lost,1,113.64,1
14458,381,1,237.42,237.42,46,381,2,1,1,4,5.474033824289855,0.6931471805599453,0,Lost,1,237.42,1
14459,155,2,5375.741,2687.8705,113,651,3,2,5,10,8.589837707526067,1.0986122886681096,1,Regular,0,5375.741,2
14460,110,9,1093.5,121.5,33,724,3,5,3,11,6.9980529169629175,2.302585092994046,1,Regular,0,1093.5,9
14461,148,13,6713.5,516.4230769230769,515,691,3,5,5,13,8.81202464602123,2.639057329615259,2,VIP,0,6713.5,13
14462,66,12,2270.01,189.16750000000002,182,432,3,5,4,12,7.727979945442407,2.5649493574615367,2,VIP,0,2270.01,12
14463,98,4,786.5699999999999,196.64249999999998,7,500,3,3,3,9,6.668952255638294,1.6094379124341003,1,Regular,0,786.5699999999999,4
14464,568,2,111.0,55.49999999999999,4,627,1,2,1,4,4.718498871295094,1.0986122886681096,0,Lost,1,111.0,2
14465,247,11,3946.03,358.72999999999996,128,701,2,5,5,12,8.280718676343362,2.4849066497880004,2,VIP,1,3946.03,11
14466,29,13,4646.9,357.45384615384614,77,726,4,5,5,14,8.444170783670355,2.639057329615259,2,VIP,0,4646.9,13
14467,18,12,2220.9900000000002,185.08249999999998,144,738,5,5,4,14,7.706158469739403,2.5649493574615367,2,VIP,0,2220.9900000000002,12
14468,726,1,204.24,204.24000000000004,12,734,1,1,1,3,5.324180026073764,0.6931471805599453,0,Lost,1,204.24,1
14469,416,4,2112.21,528.0525,120,680,1,3,4,8,7.655963397438722,1.6094379124341003,4,At Risk,1,2112.21,4
14470,12,3,712.04,237.3466666666667,56,431,5,3,3,11,6.569537519822462,1.3862943611198906,1,Regular,0,712.04,3
14471,591,2,400.95,200.47500000000002,38,733,1,2,2,5,5.99632770277397,1.0986122886681096,0,Lost,1,400.95,2
14472,104,9,2228.22,247.58000000000004,173,689,3,5,4,12,7.709407027483593,2.302585092994046,1,Regular,0,2228.22,9
14473,74,2,234.34000000000003,117.17,7,282,3,2,1,6,5.461031277035783,1.0986122886681096,3,New Customer,0,234.34000000000003,2
14474,46,2,1278.08,639.04,122,580,4,2,4,10,7.153896348489045,1.0986122886681096,1,Regular,0,1278.08,2
14475,72,4,1151.15,287.7875,40,409,3,3,3,9,7.0493850411128,1.6094379124341003,1,Regular,0,1151.15,4
14476,257,1,215.7,215.7,17,257,2,1,1,4,5.378513908542313,0.6931471805599453,3,New Customer,1,215.7,1
14477,20,7,1969.6,281.37142857142857,7,704,4,4,4,12,7.586093343888374,2.0794415416798357,1,Regular,0,1969.6,7
14478,382,4,1276.66,319.1650000000001,59,738,2,3,4,9,7.152785558853802,1.6094379124341003,4,At Risk,1,1276.66,4
14479,254,4,1299.11,324.77750000000003,127,733,2,3,4,9,7.170204155254564,1.6094379124341003,4,At Risk,1,1299.11,4
14480,11,4,1299.52,324.88,52,718,5,3,4,12,7.170519463470955,1.6094379124341003,1,Regular,0,1299.52,4
14481,165,5,2311.4900000000002,462.29799999999994,114,678,3,4,4,11,7.746080145052906,1.791759469228055,1,Regular,0,2311.4900000000002,5
14482,18,12,4357.91,363.15916666666664,185,470,5,5,5,15,8.37997730508787,2.5649493574615367,2,VIP,0,4357.91,12
14483,282,2,257.1,128.55,13,737,2,2,1,5,5.553347106724568,1.0986122886681096,3,New Customer,1,257.1,2
14484,50,4,1070.98,267.745,47,723,4,3,3,10,6.977262684740291,1.6094379124341003,1,Regular,0,1070.98,4
14485,39,1,165.75,165.75,44,39,4,1,1,6,5.1164956847957335,0.6931471805599453,3,New Customer,0,165.75,1
14486,512,2,175.5,87.75,4,554,1,2,1,4,5.173320876373351,1.0986122886681096,0,Lost,1,175.5,2
14487,27,7,1453.61,207.65857142857143,129,379,4,4,4,12,7.282493102439006,2.0794415416798357,1,Regular,0,1453.61,7
14488,68,1,1064.28,1064.2800000000002,46,68,3,1,3,7,6.97099295438666,0.6931471805599453,3,New Customer,0,1064.28,1
14489,207,4,1574.93,393.7325,65,613,2,3,4,9,7.362600853187739,1.6094379124341003,1,Regular,1,1574.93,4
14490,406,2,1273.47,636.735,72,429,2,2,4,8,7.150285684896527,1.0986122886681096,4,At Risk,1,1273.47,2
14491,175,2,468.13,234.065,17,373,3,2,2,7,6.150879915538542,1.0986122886681096,3,New Customer,0,468.13,2
14492,430,7,1921.91,274.5585714285714,70,619,1,4,4,9,7.561594942621463,2.0794415416798357,4,At Risk,1,1921.91,7
14493,7,10,5130.15,513.0150000000001,292,642,5,5,5,15,8.54308508458209,2.3978952727983707,2,VIP,0,5130.15,10
14494,26,3,401.46,133.82000000000002,17,731,4,3,2,9,5.997595713038222,1.3862943611198906,3,New Customer,0,401.46,3
14495,51,3,174.8,58.26666666666667,7,660,4,3,1,8,5.169346985251076,1.3862943611198906,3,New Customer,0,174.8,3
14496,312,7,2668.23,381.1757142857142,64,633,2,4,4,10,7.889545320288934,2.0794415416798357,4,At Risk,1,2668.23,7
14497,309,2,697.0600000000001,348.53,40,674,2,2,3,7,6.54830505895342,1.0986122886681096,4,At Risk,1,697.0600000000001,2
14498,43,10,3911.27,391.12699999999995,276,550,4,5,5,14,8.271873047177955,2.3978952727983707,2,VIP,0,3911.27,10
14499,26,7,2138.9700000000003,305.56714285714287,199,470,4,4,4,12,7.668547089226045,2.0794415416798357,1,Regular,0,2138.9700000000003,7
14500,88,3,356.85,118.95,6,190,3,3,2,8,5.880113904184607,1.3862943611198906,3,New Customer,0,356.85,3
14501,184,2,251.21,125.605,9,320,3,2,1,6,5.530262073815315,1.0986122886681096,3,New Customer,1,251.21,2
14502,20,11,2470.67,224.60636363636365,368,313,4,5,4,13,7.81264931452068,2.4849066497880004,1,Regular,0,2470.67,11
14503,3,6,3543.26,590.5433333333334,113,179,5,4,5,14,8.173084672465158,1.9459101490553132,1,Regular,0,3543.26,6
14504,47,4,673.26,168.315,85,278,4,3,3,10,6.513615793203887,1.6094379124341003,1,Regular,0,673.26,4
14505,17,19,12001.84,631.6757894736842,898,730,5,5,5,15,9.392898567435667,2.995732273553991,2,VIP,0,12001.84,19
14506,17,7,3290.67,470.0957142857143,251,600,5,4,5,14,8.099150313758928,2.0794415416798357,1,Regular,0,3290.67,7
14507,24,11,3284.43,298.5845454545455,182,729,4,5,5,14,8.09725282037362,2.4849066497880004,2,VIP,0,3284.43,11
14508,22,5,874.94,174.988,142,540,4,4,3,11,6.775297595439944,1.791759469228055,1,Regular,0,874.94,5
14509,534,1,110.95,110.95000000000002,25,534,1,1,1,3,4.718052343044764,0.6931471805599453,0,Lost,1,110.95,1
14510,376,3,1007.28,335.76000000000005,67,436,2,3,3,8,6.916001187835988,1.3862943611198906,4,At Risk,1,1007.28,3
14511,11,5,1314.81,262.96200000000005,53,134,5,4,4,13,7.182207724562218,1.791759469228055,1,Regular,0,1314.81,5
14512,188,7,1223.47,174.78142857142856,55,732,3,4,3,10,7.110263376296262,2.0794415416798357,1,Regular,1,1223.47,7
14513,101,6,788.01,131.335,15,568,3,4,3,10,6.670778995036786,1.9459101490553132,1,Regular,0,788.01,6
14514,61,9,4598.9800000000005,510.99777777777774,212,726,3,5,5,13,8.433807234641648,2.302585092994046,2,VIP,0,4598.9800000000005,9
14515,18,12,3749.2599999999998,312.43833333333333,109,551,5,5,5,15,8.229580449894346,2.5649493574615367,2,VIP,0,3749.2599999999998,12
14516,516,1,163.92,163.92,35,516,1,1,1,3,5.105460507838699,0.6931471805599453,0,Lost,1,163.92,1
14517,33,2,330.45,165.22500000000002,17,142,4,2,2,8,5.8034769686874,1.0986122886681096,3,New Customer,0,330.45,2
14518,64,1,174.37,174.37,16,64,3,1,1,5,5.166898027681201,0.6931471805599453,3,New Customer,0,174.37,1
14519,684,2,206.09,103.045,38,729,1,2,1,4,5.333153481383494,1.0986122886681096,0,Lost,1,206.09,2
14520,2,2,270.6,135.3,3,291,5,2,1,8,5.604330395684541,1.0986122886681096,3,New Customer,0,270.6,2
14521,491,1,199.45000000000002,199.45,17,491,1,1,1,3,5.300564839088516,0.6931471805599453,0,Lost,1,199.45000000000002,1
14522,24,8,1758.6200000000001,219.8275,34,684,4,4,4,12,7.472853155629565,2.1972245773362196,1,Regular,0,1758.6200000000001,8
14523,108,1,241.09,241.09,12,108,3,1,1,5,5.489309557845162,0.6931471805599453,3,New Customer,0,241.09,1
14524,32,13,2933.71,225.67000000000002,250,417,4,5,4,13,7.984363919884673,2.639057329615259,2,VIP,0,2933.71,13
14525,20,17,8240.64,484.74352941176465,340,726,4,5,5,14,9.016954632226062,2.8903717578961645,2,VIP,0,8240.64,17
14526,389,1,262.4,262.40000000000003,41,389,2,1,1,4,5.573673789309181,0.6931471805599453,0,Lost,1,262.4,1
14527,3,46,27792.3,227.80573770491804,607,738,5,5,5,15,10.232550263437583,3.8501476017100584,2,VIP,0,27792.3,122
14528,37,1,364.21999999999997,364.21999999999997,18,37,4,1,2,7,5.900499911733888,0.6931471805599453,3,New Customer,0,364.21999999999997,1
14529,60,3,620.04,206.67999999999998,177,110,3,3,3,9,6.431395492097425,1.3862943611198906,3,New Customer,0,620.04,3
14530,26,16,6197.4,387.33750000000003,269,688,4,5,5,14,8.732046473212677,2.833213344056216,2,VIP,0,6197.4,16
14531,480,1,376.34,376.34,29,480,1,1,2,4,5.933146637783467,0.6931471805599453,0,Lost,1,376.34,1
14532,236,11,3859.1800000000003,350.8345454545455,209,699,2,5,5,12,8.258469093495986,2.4849066497880004,2,VIP,1,3859.1800000000003,11
14533,25,11,3466.37,315.1245454545454,74,611,4,5,5,14,8.151151660498439,2.4849066497880004,2,VIP,0,3466.37,11
14534,3,26,6271.11,241.1965384615385,437,634,5,5,5,15,8.743868100141757,3.295836866004329,2,VIP,0,6271.11,26
14535,60,9,6030.7300000000005,670.0811111111111,589,653,3,5,5,13,8.704789147412766,2.302585092994046,2,VIP,0,6030.7300000000005,9
14536,260,1,171.8,171.8,18,260,2,1,1,4,5.152134856369956,0.6931471805599453,3,New Customer,1,171.8,1
14537,58,2,641.4,320.7,23,623,4,2,3,9,6.465211162632552,1.0986122886681096,3,New Customer,0,641.4,2
14538,65,5,1370.8400000000001,274.168,45,683,3,4,4,11,7.223908183409613,1.791759469228055,1,Regular,0,1370.8400000000001,5
14539,16,2,537.48,268.74,31,45,5,2,2,9,6.288750355702458,1.0986122886681096,3,New Customer,0,537.48,2
14540,10,11,3795.34,345.0309090909091,197,732,5,5,5,15,8.241792723685128,2.4849066497880004,2,VIP,0,3795.34,11
14541,59,14,2499.68,178.54857142857145,99,702,4,5,4,13,7.824317973870999,2.70805020110221,2,VIP,0,2499.68,14
14542,186,1,103.25,103.25000000000001,5,186,3,1,1,5,4.646791860678911,0.6931471805599453,3,New Customer,1,103.25,1
14543,29,39,14906.77,382.22487179487183,106,738,4,5,5,14,9.609637832521994,3.6888794541139363,2,VIP,0,14906.77,39
14544,24,3,2982.43,994.1433333333333,148,470,4,3,5,12,8.000828924310486,1.3862943611198906,1,Regular,0,2982.43,3
14545,674,1,349.25,349.25,23,674,1,1,2,4,5.858647185217117,0.6931471805599453,0,Lost,1,349.25,1
14546,5,11,5197.9,472.5363636363636,410,733,5,5,5,15,8.556202343730565,2.4849066497880004,2,VIP,0,5197.9,11
14547,4,8,4007.54,500.9425,198,54,5,4,5,14,8.29618236422828,2.1972245773362196,1,Regular,0,4007.54,8
14548,151,9,2627.49,291.9433333333333,66,733,3,5,4,12,7.874164815801058,2.302585092994046,1,Regular,0,2627.49,9
14549,311,4,916.5500000000001,229.1375,117,737,2,3,3,8,6.821707074356683,1.6094379124341003,4,At Risk,1,916.5500000000001,4
14550,11,4,1353.31,338.32750000000004,77,484,5,3,4,12,7.21104737852242,1.6094379124341003,1,Regular,0,1353.31,4
14551,18,7,880.04,125.72,69,682,5,4,3,12,6.781103027856688,2.0794415416798357,1,Regular,0,880.04,7
14552,152,3,511.28000000000003,170.42666666666665,124,592,3,3,2,8,6.238871350557871,1.3862943611198906,3,New Customer,0,511.28000000000003,3
14553,19,9,1841.54,204.61555555555557,233,510,5,5,4,14,7.518900333461491,2.302585092994046,1,Regular,0,1841.54,9
14554,10,4,2381.04,595.26,147,52,5,3,4,12,7.775712542385502,1.6094379124341003,1,Regular,0,2381.04,4
14555,57,6,2315.63,385.93833333333333,94,722,4,4,4,12,7.747868822427345,1.9459101490553132,1,Regular,0,2315.63,6
14556,596,3,835.34,278.44666666666666,158,689,1,3,3,7,6.72903522896985,1.3862943611198906,4,At Risk,1,835.34,3
14557,85,1,788.38,788.38,16,85,3,1,3,7,6.671247827209794,0.6931471805599453,3,New Customer,0,788.38,1
14558,654,3,655.5,218.5,13,732,1,3,3,7,6.486922693742851,1.3862943611198906,4,At Risk,1,655.5,3
14559,390,1,75.6,75.6,2,390,2,1,1,4,4.338597076746545,0.6931471805599453,0,Lost,1,75.6,1
14560,7,44,6114.03,138.95522727272726,60,738,5,5,5,15,8.718504954078167,3.8066624897703196,2,VIP,0,6114.03,44
14561,76,3,1080.76,360.25333333333333,67,184,3,3,3,9,6.986344623342368,1.3862943611198906,1,Regular,0,1080.76,3
14562,4,26,6729.400000000001,258.8230769230769,245,670,5,5,5,15,8.814389856236604,3.295836866004329,2,VIP,0,6729.400000000001,26
14563,510,2,679.44,339.72000000000014,95,592,1,2,3,6,6.522739647741382,1.0986122886681096,4,At Risk,1,679.44,2
14564,435,2,2605.62,1302.8100000000002,107,736,1,2,4,7,7.86580964189769,1.0986122886681096,4,At Risk,1,2605.62,2
14565,96,5,3859.2200000000003,771.844,139,474,3,4,5,12,8.258479455653386,1.791759469228055,1,Regular,0,3859.2200000000003,5
14566,111,4,4092.0,1023.0,9,534,3,3,5,11,8.317033476492403,1.6094379124341003,1,Regular,0,4092.0,4
14567,57,2,1530.3600000000001,765.1800000000001,33,130,4,2,4,10,7.3339115084475965,1.0986122886681096,1,Regular,0,1530.3600000000001,2
14568,435,1,919.7,919.7000000000003,47,435,1,1,3,5,6.8251342502938,0.6931471805599453,4,At Risk,1,919.7,1
14569,1,4,598.98,149.745,31,604,5,3,2,10,6.396896321327246,1.6094379124341003,1,Regular,0,598.98,4
14570,281,3,613.75,204.5833333333334,64,443,2,3,2,7,6.421215681096302,1.3862943611198906,4,At Risk,1,613.75,3
14571,425,1,161.65,161.65,30,425,1,1,1,3,5.091600652919361,0.6931471805599453,0,Lost,1,161.65,1
14572,3,11,5615.18,510.4709090909091,336,621,5,5,5,15,8.633406996474067,2.4849066497880004,2,VIP,0,5615.18,11
14573,180,13,2621.42,201.64769230769232,183,700,3,5,4,12,7.871852834562069,2.639057329615259,2,VIP,0,2621.42,13
14574,726,1,143.70000000000002,143.7,11,733,1,1,1,3,4.974662633637438,0.6931471805599453,0,Lost,1,143.70000000000002,1
14575,488,1,460.71,460.71000000000004,71,488,1,1,2,4,6.134936988364375,0.6931471805599453,0,Lost,1,460.71,1
14576,372,1,70.80000000000001,70.80000000000001,1,372,2,1,1,4,4.273884476054179,0.6931471805599453,0,Lost,1,70.80000000000001,1
14577,13,7,1374.25,196.32142857142858,104,729,5,4,4,13,7.226390811755567,2.0794415416798357,1,Regular,0,1374.25,7
14578,3,1,168.63,168.63,24,3,5,1,1,7,5.133619594507631,0.6931471805599453,3,New Customer,0,168.63,1
14579,432,1,105.56,105.56,24,432,1,1,1,3,4.668708206792079,0.6931471805599453,0,Lost,1,105.56,1
14580,518,1,14.850000000000001,14.850000000000001,1,518,1,1,1,3,2.76316950032329,0.6931471805599453,0,Lost,1,14.850000000000001,1
14581,17,2,433.8,216.89999999999998,59,544,5,2,2,9,6.0748861552470546,1.0986122886681096,3,New Customer,0,433.8,2
14582,41,1,114.11,114.11,6,41,4,1,1,6,4.74588819292697,0.6931471805599453,3,New Customer,0,114.11,1
14583,6,8,1781.03,222.62875000000003,353,621,5,4,4,13,7.485508442905882,2.1972245773362196,1,Regular,0,1781.03,8
14584,169,8,1747.91,218.48875000000004,127,660,3,4,4,11,7.466748015718609,2.1972245773362196,1,Regular,0,1747.91,8
14585,50,5,1143.27,228.654,88,417,4,4,3,11,7.042522158078838,1.791759469228055,1,Regular,0,1143.27,5
14586,277,1,237.36,237.36,19,277,2,1,1,4,5.473782135878778,0.6931471805599453,3,New Customer,1,237.36,1
14587,19,9,1601.14,177.90444444444444,170,331,5,5,4,14,7.379095514571502,2.302585092994046,1,Regular,0,1601.14,9
14588,578,1,135.39,135.39,16,578,1,1,1,3,4.915518428938784,0.6931471805599453,0,Lost,1,135.39,1
14589,372,1,79.5,79.5,3,372,2,1,1,4,4.388257184424518,0.6931471805599453,0,Lost,1,79.5,1
14590,425,20,3006.62,150.331,124,732,1,5,5,11,8.008904347302217,3.044522437723423,2,VIP,1,3006.62,20
14591,15,4,1447.14,361.785,138,213,5,3,4,12,7.278035253354833,1.6094379124341003,1,Regular,0,1447.14,4
14592,35,3,570.46,190.1533333333333,132,64,4,3,2,9,6.3481944895342695,1.3862943611198906,3,New Customer,0,570.46,3
14593,22,12,3712.0099999999998,309.3341666666667,436,730,4,5,5,14,8.219598147413421,2.5649493574615367,2,VIP,0,3712.0099999999998,12
14594,7,2,634.83,317.4150000000001,48,373,5,2,3,10,6.454931232012803,1.0986122886681096,3,New Customer,0,634.83,2
14595,20,8,2164.45,270.55625000000003,119,688,4,4,4,12,7.680383471032311,2.1972245773362196,1,Regular,0,2164.45,8
14596,627,1,229.47,229.46999999999997,50,627,1,1,1,3,5.4401207021224,0.6931471805599453,0,Lost,1,229.47,1
14597,11,6,2201.54,366.92333333333323,79,437,5,4,4,13,7.697366518825899,1.9459101490553132,1,Regular,0,2201.54,6
14598,44,2,384.04,192.01999999999998,83,569,4,2,2,8,5.953347224994854,1.0986122886681096,3,New Customer,0,384.04,2
14599,390,2,474.54,237.27,77,509,2,2,2,6,6.164451000424257,1.0986122886681096,4,At Risk,1,474.54,2
14600,306,2,865.1700000000001,432.585,53,393,2,2,3,7,6.764081194147044,1.0986122886681096,4,At Risk,1,865.1700000000001,2
14601,11,1,213.96,213.96000000000004,7,11,5,1,1,7,5.370451964307236,0.6931471805599453,3,New Customer,0,213.96,1
14602,656,1,205.35999999999999,205.36,31,656,1,1,1,3,5.329622216376449,0.6931471805599453,0,Lost,1,205.35999999999999,1
14603,275,1,660.0,660.0,2,275,2,1,3,6,6.493753839851687,0.6931471805599453,3,New Customer,1,660.0,1
14604,633,1,143.85999999999999,143.85999999999999,20,633,1,1,1,3,4.97576775876718,0.6931471805599453,0,Lost,1,143.85999999999999,1
14605,374,4,937.16,234.29,88,731,2,3,3,8,6.843920510152809,1.6094379124341003,4,At Risk,1,937.16,4
14606,1,46,29730.420199999626,160.7346875,1262,737,5,5,5,15,10.299959684780548,3.8501476017100584,2,VIP,0,30861.06,192
14607,16,22,24137.63,1097.165,106,725,5,5,5,15,10.091568740762675,3.1354942159291497,2,VIP,0,24137.63,22
14608,4,11,3352.94,304.8127272727273,15,734,5,5,5,15,8.117891053135486,2.4849066497880004,2,VIP,0,3352.94,11
14609,72,10,1486.2,148.62,6,669,3,5,4,12,7.304650436407234,2.3978952727983707,1,Regular,0,1486.2,10
14610,396,2,24.35,12.175,10,514,2,2,1,5,3.232778730037192,1.0986122886681096,0,Lost,1,24.35,2
14611,444,2,604.3299999999999,302.1650000000001,37,599,1,2,2,5,6.405773763870038,1.0986122886681096,4,At Risk,1,604.3299999999999,2
14612,415,1,877.7,877.6999999999998,14,415,1,1,3,5,6.7784435425017975,0.6931471805599453,4,At Risk,1,877.7,1
14613,680,1,76.32000000000001,76.32000000000001,1,680,1,1,1,3,4.34795265434013,0.6931471805599453,0,Lost,1,76.32000000000001,1
14614,386,1,295.13,295.13,19,386,2,1,2,5,5.690798547097907,0.6931471805599453,0,Lost,1,295.13,1
14615,394,5,951.76,190.352,40,548,2,4,3,9,6.859363035631714,1.791759469228055,4,At Risk,1,951.76,5
14616,243,5,527.78,105.556,3,549,2,4,2,8,6.270572466339624,1.791759469228055,4,At Risk,1,527.78,5
14617,403,2,190.47000000000003,95.235,7,416,2,2,1,5,5.254731138385114,1.0986122886681096,0,Lost,1,190.47000000000003,2
14618,9,7,1342.32,191.76000000000002,40,547,5,4,4,13,7.202899440665048,2.0794415416798357,1,Regular,0,1342.32,7
14619,246,2,1291.24,645.6200000000001,58,541,2,2,4,8,7.164132425605502,1.0986122886681096,4,At Risk,1,1291.24,2
14620,206,2,412.78000000000003,206.39000000000001,26,284,2,2,2,6,6.0253344316155975,1.0986122886681096,3,New Customer,1,412.78000000000003,2
14621,1,9,3000.57,333.39666666666665,134,684,5,5,5,15,8.006890764092448,2.302585092994046,1,Regular,0,3000.57,9
14622,185,1,320.58000000000004,320.58,21,185,3,1,2,6,5.773246346316266,0.6931471805599453,3,New Customer,1,320.58000000000004,1
14623,32,10,2059.58,205.958,193,602,4,5,4,13,7.6307427755529655,2.3978952727983707,1,Regular,0,2059.58,10
14624,57,6,814.07,135.67833333333334,39,605,4,4,3,11,6.703273999123117,1.9459101490553132,1,Regular,0,814.07,6
14625,196,11,4497.88,408.89818181818185,167,723,2,5,5,12,8.411583755891543,2.4849066497880004,2,VIP,1,4497.88,11
14626,24,11,5410.92,491.9018181818182,181,729,4,5,5,14,8.596359207215423,2.4849066497880004,2,VIP,0,5410.92,11
14627,379,1,462.75,462.75000000000006,29,379,2,1,2,5,6.139345613921645,0.6931471805599453,0,Lost,1,462.75,1
14628,91,5,1998.0,399.59999999999997,65,683,3,4,4,11,7.6004023345004,1.791759469228055,1,Regular,0,1998.0,5
14629,4,2,959.01,479.505,133,47,5,2,3,10,6.8669437010742955,1.0986122886681096,3,New Customer,0,959.01,2
14630,484,1,338.65,338.65,21,484,1,1,2,4,5.8279156756373105,0.6931471805599453,0,Lost,1,338.65,1
14631,51,6,2025.69,337.61499999999995,65,487,4,4,4,12,7.614159199383722,1.9459101490553132,1,Regular,0,2025.69,6
14632,263,1,114.56,114.56,8,263,2,1,1,4,4.749789875598035,0.6931471805599453,3,New Customer,1,114.56,1
14633,266,1,344.90000000000003,344.9000000000001,20,266,2,1,2,5,5.846149715943123,0.6931471805599453,3,New Customer,1,344.90000000000003,1
14634,438,4,2124.46,531.115,105,542,1,3,4,8,7.661743528520375,1.6094379124341003,4,At Risk,1,2124.46,4
14635,454,1,215.22,215.22,15,454,1,1,1,3,5.376296407864626,0.6931471805599453,0,Lost,1,215.22,1
14636,36,2,609.85,304.92500000000007,27,269,4,2,2,8,6.414851429850069,1.0986122886681096,3,New Customer,0,609.85,2
14637,677,1,106.67999999999999,106.67999999999998,7,677,1,1,1,3,4.679163865896418,0.6931471805599453,0,Lost,1,106.67999999999999,1
14638,51,1,443.6,443.6,16,51,4,1,2,7,6.097175001530096,0.6931471805599453,3,New Customer,0,443.6,1
14639,52,9,4978.96,553.2177777777779,203,662,4,5,5,14,8.513177137857927,2.302585092994046,2,VIP,0,4978.96,9
14640,24,10,3667.06,366.706,165,686,4,5,5,14,8.207418190930683,2.3978952727983707,2,VIP,0,3667.06,10
14641,22,1,110.46,110.46,7,22,4,1,1,6,4.7136657821413905,0.6931471805599453,3,New Customer,0,110.46,1
14642,59,1,96.12,96.12,2,59,4,1,1,6,4.575947327311188,0.6931471805599453,3,New Customer,0,96.12,1
14643,170,5,1679.89,335.978,57,729,3,4,4,11,7.4270786940277675,1.791759469228055,1,Regular,0,1679.89,5
14644,68,7,2247.72,321.1028571428571,50,736,3,4,4,11,7.718116444430896,2.0794415416798357,1,Regular,0,2247.72,7
14645,157,3,876.89,292.2966666666667,45,635,3,3,3,9,6.777521301048287,1.3862943611198906,1,Regular,0,876.89,3
14646,2,46,29730.420199999626,3500.678940397351,961,737,5,5,5,15,10.299959684780548,3.8501476017100584,2,VIP,0,528602.52,151
14647,201,2,519.97,259.985,42,523,2,2,2,6,6.2556924585215885,1.0986122886681096,3,New Customer,1,519.97,2
14648,416,15,4546.86,303.124,286,729,1,5,5,11,8.422412071634975,2.772588722239781,2,VIP,1,4546.86,15
14649,5,9,3775.31,419.47888888888895,374,688,5,5,5,15,8.236502621353207,2.302585092994046,2,VIP,0,3775.31,9
14650,589,1,62.5,62.5,4,589,1,1,1,3,4.151039905898646,0.6931471805599453,0,Lost,1,62.5,1
14651,67,9,2034.1200000000001,226.01333333333335,216,632,3,5,4,12,7.618310064197116,2.302585092994046,1,Regular,0,2034.1200000000001,9
14652,77,1,114.18,114.18,29,77,3,1,1,5,4.7464961220785264,0.6931471805599453,3,New Customer,0,114.18,1
14653,1,12,3614.54,301.21166666666664,271,738,5,5,5,15,8.192996501030505,2.5649493574615367,2,VIP,0,3614.54,12
14654,726,1,246.86,246.85999999999996,27,738,1,1,1,3,5.512864070636728,0.6931471805599453,0,Lost,1,246.86,1
14655,8,7,3878.51,554.072857142857,72,596,5,4,5,14,8.26346413598244,2.0794415416798357,1,Regular,0,3878.51,7
14656,169,5,814.65,162.93,148,604,3,4,3,10,6.703985341382312,1.791759469228055,1,Regular,0,814.65,5
14657,18,6,1460.8700000000001,243.47833333333332,143,435,5,4,4,13,7.287471717067524,1.9459101490553132,1,Regular,0,1460.8700000000001,6
14658,5,2,247.15,123.57499999999999,27,117,5,2,1,8,5.51403340203345,1.0986122886681096,3,New Customer,0,247.15,2
14659,9,9,2529.93,281.1033333333333,147,316,5,5,4,14,7.836342103110113,2.302585092994046,1,Regular,0,2529.93,9
14660,87,2,285.74,142.86999999999998,24,101,3,2,1,6,5.6585758818181215,1.0986122886681096,3,New Customer,0,285.74,2
14661,27,1,107.95,107.95,4,27,4,1,1,6,4.690889061390629,0.6931471805599453,3,New Customer,0,107.95,1
14662,29,7,1416.33,202.33285714285714,199,736,4,4,4,12,7.2565300989565324,2.0794415416798357,1,Regular,0,1416.33,7
14663,430,2,490.6,245.3,60,430,1,2,2,5,6.19766537769188,1.0986122886681096,4,At Risk,1,490.6,2
14664,20,2,637.89,318.94500000000005,78,33,4,2,3,9,6.459732295584099,1.0986122886681096,3,New Customer,0,637.89,2
14665,61,7,2749.65,392.8071428571429,94,593,3,4,4,11,7.919592526367497,2.0794415416798357,1,Regular,0,2749.65,7
14666,24,1,195.25,195.25,14,24,4,1,1,6,5.279389356662517,0.6931471805599453,3,New Customer,0,195.25,1
14667,11,46,21927.14,406.0581481481481,578,738,5,5,5,15,9.995526022493433,3.8501476017100584,2,VIP,0,21927.14,54
14668,445,1,111.63,111.62999999999998,10,445,1,1,1,3,4.724108110059605,0.6931471805599453,0,Lost,1,111.63,1
14669,242,7,3243.93,463.41857142857145,334,737,2,4,5,11,8.084849057256829,2.0794415416798357,1,Regular,1,3243.93,7
14670,280,3,602.0,200.66666666666666,159,732,2,3,2,7,6.401917196727186,1.3862943611198906,4,At Risk,1,602.0,3
14671,549,2,1127.45,563.725,48,568,1,2,3,6,7.02860028867434,1.0986122886681096,4,At Risk,1,1127.45,2
14672,235,4,1113.14,278.2849999999999,93,681,2,3,3,8,7.015838085840559,1.6094379124341003,4,At Risk,1,1113.14,4
14673,3,7,3410.81,487.2585714285715,86,410,5,4,5,14,8.134998221246287,2.0794415416798357,1,Regular,0,3410.81,7
14674,509,1,173.66,173.66000000000003,14,509,1,1,1,3,5.162841226985587,0.6931471805599453,0,Lost,1,173.66,1
14675,16,2,1066.9,533.45,196,389,5,2,3,10,6.9734493821775,1.0986122886681096,3,New Customer,0,1066.9,2
14676,31,12,8356.79,696.3991666666666,77,640,4,5,5,14,9.030949317064065,2.5649493574615367,2,VIP,0,8356.79,12
14677,593,1,184.91,184.90999999999997,14,593,1,1,1,3,5.225262685642126,0.6931471805599453,0,Lost,1,184.91,1
14678,579,1,403.39,403.39,24,579,1,1,2,4,6.0023797588484875,0.6931471805599453,0,Lost,1,403.39,1
14679,382,3,1289.44,429.81333333333333,49,731,2,3,4,9,7.1627385244706785,1.3862943611198906,4,At Risk,1,1289.44,3
14680,25,46,29730.420199999626,989.8753448275863,222,736,4,5,5,14,10.299959684780548,3.8501476017100584,2,VIP,0,57412.77,58
14681,71,6,875.1500000000001,145.85833333333332,19,654,3,4,3,10,6.775537309154428,1.9459101490553132,1,Regular,0,875.1500000000001,6
14682,188,6,1514.81,252.46833333333333,79,672,3,4,4,11,7.323705228532576,1.9459101490553132,1,Regular,1,1514.81,6
14683,588,1,146.56,146.56,21,588,1,1,1,3,4.994234872728475,0.6931471805599453,0,Lost,1,146.56,1
14684,26,6,1468.55,244.75833333333335,272,390,4,4,4,12,7.292711510458761,1.9459101490553132,1,Regular,0,1468.55,6
14685,576,8,4619.79,577.47375,109,727,1,4,5,10,8.438320965128687,2.1972245773362196,4,At Risk,1,4619.79,8
14686,414,5,885.83,177.166,185,659,1,4,3,8,6.7876533066692755,1.791759469228055,4,At Risk,1,885.83,5
14687,107,3,1402.06,467.3533333333333,34,552,3,3,4,10,7.246410844690537,1.3862943611198906,1,Regular,0,1402.06,3
14688,8,28,7713.57,275.48464285714283,197,457,5,5,5,15,8.950866027663936,3.367295829986474,2,VIP,0,7713.57,28
14689,209,1,112.8,112.80000000000001,13,209,2,1,1,4,4.73444252169223,0.6931471805599453,3,New Customer,1,112.8,1
14690,44,4,794.33,198.5825,69,411,4,3,3,10,6.678757122866132,1.6094379124341003,1,Regular,0,794.33,4
14691,31,5,2114.33,422.866,50,213,4,4,4,12,7.656966107678013,1.791759469228055,1,Regular,0,2114.33,5
14692,137,12,1745.09,145.42416666666668,101,617,3,5,4,12,7.465134281462831,2.5649493574615367,1,Regular,0,1745.09,12
14693,265,7,1165.36,166.48000000000002,43,526,2,4,3,9,7.061643067113544,2.0794415416798357,1,Regular,1,1165.36,7
14694,617,1,244.31,244.31,15,617,1,1,1,3,5.5025227168419955,0.6931471805599453,0,Lost,1,244.31,1
14695,519,3,1620.07,540.0233333333334,76,733,1,3,4,8,7.390841704023542,1.3862943611198906,4,At Risk,1,1620.07,3
14696,4,8,2767.9,345.98749999999995,137,422,5,4,4,13,7.92620540839821,2.1972245773362196,1,Regular,0,2767.9,8
14697,218,2,188.60999999999999,94.30499999999998,22,218,2,2,1,5,5.2449693310461125,1.0986122886681096,3,New Customer,1,188.60999999999999,2
14698,2,5,1250.76,250.152,148,51,5,4,4,13,7.132305839993802,1.791759469228055,1,Regular,0,1250.76,5
14699,214,4,702.6,175.65,45,526,2,3,3,8,6.556210012863403,1.6094379124341003,4,At Risk,1,702.6,4
14700,32,5,3116.26,623.2520000000001,111,486,4,4,5,13,8.04470968982728,1.791759469228055,1,Regular,0,3116.26,5
14701,11,15,4562.09,304.13933333333335,455,685,5,5,5,15,8.425755304598768,2.772588722239781,2,VIP,0,4562.09,15
14702,1,29,6754.22,232.90413793103446,338,729,5,5,5,15,8.81807081833176,3.4011973816621555,2,VIP,0,6754.22,29
14703,15,1,318.17,318.16999999999996,22,15,5,1,2,8,5.765723876196384,0.6931471805599453,3,New Customer,0,318.17,1
14704,11,11,1813.57,164.87,319,624,5,5,4,14,7.503603804029703,2.4849066497880004,1,Regular,0,1813.57,11
14705,199,1,179.0,179.0,1,199,2,1,1,4,5.19295685089021,0.6931471805599453,3,New Customer,1,179.0,1
14706,619,1,390.69,390.69,25,619,1,1,2,4,5.970470710603746,0.6931471805599453,0,Lost,1,390.69,1
14707,436,2,139.2,69.6,1,577,1,2,1,4,4.94306997460049,1.0986122886681096,0,Lost,1,139.2,2
14708,3,5,2212.2799999999997,442.45599999999996,27,456,5,4,4,13,7.702230857126505,1.791759469228055,1,Regular,0,2212.2799999999997,5
14709,15,25,8886.33,355.4532000000001,105,734,5,5,5,15,9.092381945939806,3.258096538021482,2,VIP,0,8886.33,25
14710,14,13,1922.59,147.89153846153846,310,736,5,5,4,14,7.56194851080401,2.639057329615259,2,VIP,0,1922.59,13
14711,10,11,2868.8,260.79999999999995,221,262,5,5,4,14,7.961997619914306,2.4849066497880004,2,VIP,0,2868.8,11
14712,29,4,1328.0700000000002,332.01750000000004,24,418,4,3,4,11,7.192234728507507,1.6094379124341003,1,Regular,0,1328.0700000000002,4
14713,9,21,5418.87,258.0414285714285,222,736,5,5,5,15,8.59782710890619,3.091042453358316,2,VIP,0,5418.87,21
14714,24,4,906.24,226.55999999999997,64,688,4,3,3,10,6.810407023712235,1.6094379124341003,1,Regular,0,906.24,4
14715,25,8,1840.45,230.05625000000003,102,690,4,4,4,12,7.5183085837380625,2.1972245773362196,1,Regular,0,1840.45,8
14716,43,3,565.45,188.48333333333335,85,445,4,3,2,9,6.339388815319498,1.3862943611198906,3,New Customer,0,565.45,3
14717,726,1,81.3,81.3,11,733,1,1,1,3,4.410371107683024,0.6931471805599453,0,Lost,1,81.3,1
14718,410,1,226.42,226.42,11,410,2,1,1,4,5.426798528196577,0.6931471805599453,0,Lost,1,226.42,1
14719,2,5,1602.13,320.42600000000004,177,249,5,4,4,13,7.379713247262653,1.791759469228055,1,Regular,0,1602.13,5
14720,6,3,663.81,221.27000000000007,34,127,5,3,3,11,6.499501285546037,1.3862943611198906,3,New Customer,0,663.81,3
14721,379,1,115.77,115.77000000000001,24,379,2,1,1,4,4.760206188087624,0.6931471805599453,0,Lost,1,115.77,1
14722,147,3,513.37,171.1233333333333,72,486,3,3,2,8,6.24294285084946,1.3862943611198906,3,New Customer,0,513.37,3
14723,10,11,2093.06,190.27818181818185,287,736,5,5,4,14,7.646860044315114,2.4849066497880004,1,Regular,0,2093.06,11
14724,590,1,345.25,345.24999999999994,40,590,1,1,2,4,5.847161057501548,0.6931471805599453,0,Lost,1,345.25,1
14725,25,4,1315.24,328.81,85,535,4,3,4,11,7.182534466078395,1.6094379124341003,1,Regular,0,1315.24,4
14726,655,1,124.75,124.75,15,655,1,1,1,3,4.8342958089798485,0.6931471805599453,0,Lost,1,124.75,1
14727,274,3,467.92999999999995,155.97666666666666,43,546,2,3,2,7,6.1504535035754895,1.3862943611198906,4,At Risk,1,467.92999999999995,3
14728,413,1,190.58,190.57999999999998,14,413,1,1,1,3,5.255305475954746,0.6931471805599453,0,Lost,1,190.58,1
14729,374,3,907.38,302.46,126,625,2,3,3,8,6.811662793256315,1.3862943611198906,4,At Risk,1,907.38,3
14730,1,8,2005.06,250.6325,317,277,5,4,4,13,7.60392787834377,2.1972245773362196,1,Regular,0,2005.06,8
14731,47,3,380.02,126.67333333333335,38,212,4,3,2,9,5.942851867187289,1.3862943611198906,3,New Customer,0,380.02,3
14732,8,19,5517.07,290.3721052631579,162,731,5,5,5,15,8.615783440452477,2.995732273553991,2,VIP,0,5517.07,19
14733,16,15,16184.97,1078.998,140,402,5,5,5,15,9.691900096600328,2.772588722239781,2,VIP,0,16184.97,15
14734,426,4,1056.42,264.10499999999996,48,551,1,3,3,7,6.963587257940615,1.6094379124341003,4,At Risk,1,1056.42,4
14735,4,46,12240.16,218.5742857142857,198,736,5,5,5,15,9.412559322817637,3.8501476017100584,2,VIP,0,12240.16,56
14736,485,2,401.08,200.54000000000002,70,485,1,2,2,5,5.996651073795282,1.0986122886681096,0,Lost,1,401.08,2
14737,4,4,3554.17,888.5425000000001,28,401,5,3,5,13,8.176158161065873,1.6094379124341003,1,Regular,0,3554.17,4
14738,43,9,1821.9,202.43333333333334,58,733,4,5,4,13,7.508183918538876,2.302585092994046,1,Regular,0,1821.9,9
14739,4,25,12287.5,491.5,129,737,5,5,5,15,9.4164191446638,3.258096538021482,2,VIP,0,12287.5,25
14740,197,11,4161.06,378.2781818181818,173,653,2,5,5,12,8.333765422995752,2.4849066497880004,2,VIP,1,4161.06,11
14741,12,7,1897.59,271.0842857142857,48,418,5,4,4,13,7.548866784394956,2.0794415416798357,1,Regular,0,1897.59,7
14742,435,1,579.85,579.8499999999999,34,435,1,1,2,4,6.364492547959484,0.6931471805599453,0,Lost,1,579.85,1
14743,593,1,50.48,50.48,3,593,1,1,1,3,3.941193382727926,0.6931471805599453,0,Lost,1,50.48,1
14744,16,14,3885.08,277.5057142857143,57,570,5,5,5,15,8.265156216447046,2.70805020110221,2,VIP,0,3885.08,14
14745,113,12,2571.81,214.31750000000002,74,638,3,5,4,12,7.852753965793014,2.5649493574615367,2,VIP,0,2571.81,12
14746,406,4,593.5,148.375,7,424,2,3,2,7,6.387720716130836,1.6094379124341003,4,At Risk,1,593.5,4
14747,249,1,328.2,328.19999999999993,18,249,2,1,2,5,5.796665468802915,0.6931471805599453,3,New Customer,1,328.2,1
14748,29,10,3152.32,315.232,129,645,4,5,5,14,8.056211145039065,2.3978952727983707,2,VIP,0,3152.32,10
14749,480,1,310.15,310.15000000000003,18,480,1,1,2,4,5.740275111015227,0.6931471805599453,0,Lost,1,310.15,1
14750,726,1,112.03,112.03,32,736,1,1,1,3,4.72765327020264,0.6931471805599453,0,Lost,1,112.03,1
14751,684,2,126.45,63.22500000000001,7,726,1,2,1,4,4.847724130822124,1.0986122886681096,0,Lost,1,126.45,2
14752,44,1,389.64,389.63999999999993,5,44,4,1,2,7,5.967786419753405,0.6931471805599453,3,New Customer,0,389.64,1
14753,87,2,869.51,434.755,45,461,3,2,3,8,6.769079246793036,1.0986122886681096,3,New Customer,0,869.51,2
14754,45,6,1550.48,258.41333333333336,110,691,4,4,4,12,7.346964593054462,1.9459101490553132,1,Regular,0,1550.48,6
14755,10,25,9972.550000000001,398.90200000000004,219,736,5,5,5,15,9.207691867783259,3.258096538021482,2,VIP,0,9972.550000000001,25
14756,15,3,2653.76,884.5866666666667,102,425,5,3,4,12,7.8841095341098955,1.3862943611198906,1,Regular,0,2653.76,3
14757,75,1,420.5,420.50000000000006,19,75,3,1,2,6,6.04381977744191,0.6931471805599453,3,New Customer,0,420.5,1
14758,145,7,2864.97,409.28142857142853,91,611,3,4,4,11,7.9606621407827385,2.0794415416798357,1,Regular,0,2864.97,7
14759,5,3,1625.97,541.99,92,233,5,3,4,12,7.394474668204541,1.3862943611198906,1,Regular,0,1625.97,3
14760,297,1,89.2,89.2,5,297,2,1,1,4,4.502029427068578,0.6931471805599453,0,Lost,1,89.2,1
14761,59,3,447.92,149.30666666666667,21,444,4,3,2,9,6.1068446981480555,1.3862943611198906,3,New Customer,0,447.92,3
14762,264,2,417.57,208.785,28,626,2,2,2,6,6.036844139980692,1.0986122886681096,3,New Customer,1,417.57,2
14764,47,1,278.3,278.3,6,47,4,1,1,6,5.632286472951131,0.6931471805599453,3,New Customer,0,278.3,1
14765,29,3,254.11,84.70333333333333,38,176,4,3,1,8,5.541694824693056,1.3862943611198906,3,New Customer,0,254.11,3
14766,8,11,6556.13,596.0118181818182,251,552,5,5,5,15,8.788308286207087,2.4849066497880004,2,VIP,0,6556.13,11
14767,474,1,382.81,382.80999999999995,18,474,1,1,2,4,5.95014763847127,0.6931471805599453,0,Lost,1,382.81,1
14768,17,2,192.60000000000002,96.30000000000001,4,127,5,2,1,8,5.265794174842477,1.0986122886681096,3,New Customer,0,192.60000000000002,2
14769,3,17,15771.88,927.7576470588236,834,724,5,5,5,15,9.666047288520918,2.8903717578961645,2,VIP,0,15771.88,17
14770,232,8,3637.64,454.70500000000004,152,652,2,4,5,11,8.199365264441436,2.1972245773362196,1,Regular,1,3637.64,8
14771,621,2,594.62,297.3099999999999,46,737,1,2,2,5,6.3896028798296856,1.0986122886681096,0,Lost,1,594.62,2
14772,112,1,139.26,139.26,9,112,3,1,1,5,4.943497843108764,0.6931471805599453,3,New Customer,0,139.26,1
14773,593,1,140.55,140.55,10,593,1,1,1,3,4.952653011557909,0.6931471805599453,0,Lost,1,140.55,1
14774,529,1,241.45,241.45,13,529,1,1,1,3,5.490795503551361,0.6931471805599453,0,Lost,1,241.45,1
14775,58,3,1418.46,472.82,57,372,4,3,4,11,7.258031796579747,1.3862943611198906,1,Regular,0,1418.46,3
14776,51,15,3708.3,247.21999999999994,68,446,4,5,5,14,8.21859845855403,2.772588722239781,2,VIP,0,3708.3,15
14777,404,1,307.56,307.56,16,404,2,1,2,5,5.731916313899973,0.6931471805599453,0,Lost,1,307.56,1
14778,127,2,730.86,365.42999999999995,34,309,3,2,3,8,6.595589238838791,1.0986122886681096,3,New Customer,0,730.86,2
14779,281,3,386.15,128.71666666666667,40,324,2,3,2,7,5.958812214832733,1.3862943611198906,4,At Risk,1,386.15,3
14780,55,2,447.68,223.84,26,79,4,2,2,8,6.106309938777023,1.0986122886681096,3,New Customer,0,447.68,2
14782,320,1,200.10000000000002,200.10000000000002,6,320,2,1,1,4,5.303802296778606,0.6931471805599453,0,Lost,1,200.10000000000002,1
14783,659,1,307.3,307.30000000000007,17,659,1,1,2,4,5.731073334892105,0.6931471805599453,0,Lost,1,307.3,1
14784,26,3,449.93,149.9766666666667,25,390,4,3,2,9,6.111312116813244,1.3862943611198906,3,New Customer,0,449.93,3
14785,10,2,77.4,38.7,2,15,5,2,1,8,4.361823927356363,1.0986122886681096,3,New Customer,0,77.4,2
14786,550,1,90.96,90.96000000000001,7,550,1,1,1,3,4.521353699894981,0.6931471805599453,0,Lost,1,90.96,1
14787,471,1,110.65,110.64999999999999,14,471,1,1,1,3,4.7153689782861665,0.6931471805599453,0,Lost,1,110.65,1
14788,7,3,1156.32,385.44000000000005,53,596,5,3,3,11,7.05386226630844,1.3862943611198906,1,Regular,0,1156.32,3
14789,29,1,197.64,197.64000000000001,6,29,4,1,1,6,5.2914941411999115,0.6931471805599453,3,New Customer,0,197.64,1
14790,17,10,2526.62,252.66199999999998,65,728,5,5,4,14,7.835033427512401,2.3978952727983707,1,Regular,0,2526.62,10
14791,607,1,303.63,303.63000000000005,19,607,1,1,2,4,5.719097925433975,0.6931471805599453,0,Lost,1,303.63,1
14792,64,1,6.2,6.2,2,64,3,1,1,5,1.9740810260220096,0.6931471805599453,3,New Customer,0,6.2,1
14793,21,2,625.9,312.95,39,535,4,2,3,9,6.440787038279923,1.0986122886681096,3,New Customer,0,625.9,2
14794,3,10,1953.9,195.39000000000001,85,487,5,5,4,14,7.578094320216074,2.3978952727983707,1,Regular,0,1953.9,10
14795,166,1,131.45000000000002,131.45,6,166,3,1,1,5,4.886205215718078,0.6931471805599453,3,New Customer,0,131.45000000000002,1
14796,1,27,10889.64,403.32000000000005,487,725,5,5,5,15,9.29565898371346,3.332204510175204,2,VIP,0,10889.64,27
14797,507,1,300.31,300.31,16,507,1,1,2,4,5.70813963509761,0.6931471805599453,0,Lost,1,300.31,1
14798,53,8,724.31,90.53875000000001,30,649,4,4,3,11,6.586599149672639,2.1972245773362196,1,Regular,0,724.31,8
14799,51,2,338.15,169.075,20,738,4,2,2,8,5.826442487392089,1.0986122886681096,3,New Customer,0,338.15,2
14800,48,17,7774.32,457.3129411764706,337,435,4,5,5,14,8.958709893756756,2.8903717578961645,2,VIP,0,7774.32,17
14801,61,1,193.14,193.13999999999996,56,61,3,1,1,5,5.26857954828408,0.6931471805599453,3,New Customer,0,193.14,1
14802,438,2,1502.98,751.49,1,438,1,2,4,7,7.315870206549027,1.0986122886681096,4,At Risk,1,1502.98,2
14803,162,3,845.55,281.84999999999997,35,292,3,3,3,9,6.741169266574241,1.3862943611198906,1,Regular,0,845.55,3
14804,9,1,353.27,353.27,12,9,5,1,2,8,5.8700593342813,0.6931471805599453,3,New Customer,0,353.27,1
14805,15,7,1104.64,157.80571428571426,88,622,5,4,3,12,7.008179631809018,2.0794415416798357,1,Regular,0,1104.64,7
14806,75,2,303.43,151.715,17,439,3,2,2,7,5.718441175664861,1.0986122886681096,3,New Customer,0,303.43,2
14807,391,2,519.29,259.645,37,650,2,2,2,6,6.254386348430604,1.0986122886681096,4,At Risk,1,519.29,2
14808,40,8,2741.17,342.64625,176,172,4,4,4,12,7.91650485674164,2.1972245773362196,1,Regular,0,2741.17,8
14809,621,2,686.76,343.38000000000005,18,621,1,2,3,6,6.533439939866189,1.0986122886681096,0,Lost,1,686.76,2
14810,41,13,2537.02,195.1553846153846,125,429,4,5,4,13,7.839139528463931,2.639057329615259,2,VIP,0,2537.02,13
14811,387,1,170.5,170.50000000000003,28,387,2,1,1,4,5.144583266605995,0.6931471805599453,0,Lost,1,170.5,1
14812,599,1,185.8,185.8,36,599,1,1,1,3,5.230038525794742,0.6931471805599453,0,Lost,1,185.8,1
14813,370,4,1090.87,272.71750000000003,110,611,2,3,3,8,6.995647101599072,1.6094379124341003,4,At Risk,1,1090.87,4
14814,581,1,160.46,160.45999999999998,28,581,1,1,1,3,5.08425743396687,0.6931471805599453,0,Lost,1,160.46,1
14815,37,2,778.5,389.25,53,68,4,2,3,9,6.658652688497831,1.0986122886681096,3,New Customer,0,778.5,2
14816,197,1,271.85,271.85,4,197,2,1,1,4,5.608922193632241,0.6931471805599453,3,New Customer,1,271.85,1
14817,200,7,3959.86,565.6942857142857,142,628,2,4,5,11,8.284216452387334,2.0794415416798357,1,Regular,1,3959.86,7
14818,74,6,1170.41,195.0683333333333,87,648,3,4,3,10,7.0659634304128245,1.9459101490553132,1,Regular,0,1170.41,6
14819,64,4,470.16,117.53999999999999,52,718,3,3,2,8,6.155197739090584,1.6094379124341003,3,New Customer,0,470.16,4
14820,21,9,1274.76,141.64,51,678,4,5,4,13,7.151297358439717,2.302585092994046,1,Regular,0,1274.76,9
14821,367,7,1286.45,183.77857142857144,65,676,2,4,4,10,7.160418796832339,2.0794415416798357,4,At Risk,1,1286.45,7
14822,485,1,157.70000000000002,157.70000000000002,9,485,1,1,1,3,5.0670156275323635,0.6931471805599453,0,Lost,1,157.70000000000002,1
14823,180,3,321.43,107.14333333333332,56,195,3,3,2,8,5.775886058412575,1.3862943611198906,3,New Customer,0,321.43,3
14824,10,10,4022.9100000000003,402.29100000000005,84,637,5,5,5,15,8.300009345724288,2.3978952727983707,2,VIP,0,4022.9100000000003,10
14825,4,24,4925.08,205.21166666666667,187,612,5,5,5,15,8.502298818905897,3.2188758248682006,2,VIP,0,4925.08,24
14826,582,2,385.2,192.6,10,695,1,2,2,5,5.956355369994414,1.0986122886681096,0,Lost,1,385.2,2
14828,197,13,9839.460000000001,756.8815384615383,72,733,2,5,5,12,9.194257736921127,2.639057329615259,2,VIP,1,9839.460000000001,13
14829,29,7,1692.84,241.8342857142857,77,436,4,4,4,12,7.434753419747681,2.0794415416798357,1,Regular,0,1692.84,7
14830,53,1,197.13,197.13,39,53,4,1,1,6,5.2889233809061675,0.6931471805599453,3,New Customer,0,197.13,1
14831,680,3,1676.57,558.8566666666666,67,738,1,3,4,8,7.425101596738257,1.3862943611198906,4,At Risk,1,1676.57,3
14832,630,1,322.69,322.69,1,630,1,1,2,4,5.779786267653029,0.6931471805599453,0,Lost,1,322.69,1
14833,499,1,94.8,94.8,7,499,1,1,1,3,4.562262684976815,0.6931471805599453,0,Lost,1,94.8,1
14834,18,7,2206.16,315.1657142857143,55,407,5,4,4,13,7.699461900230706,2.0794415416798357,1,Regular,0,2206.16,7
14835,529,2,297.0,148.5,1,617,1,2,2,5,5.697093486505405,1.0986122886681096,0,Lost,1,297.0,2
14836,10,3,102.44999999999999,34.15,5,30,5,3,1,9,4.639088404191552,1.3862943611198906,3,New Customer,0,102.44999999999999,3
14837,90,9,3460.32,384.48,171,685,3,5,5,13,8.149405298188219,2.302585092994046,1,Regular,0,3460.32,9
14838,423,2,773.6700000000001,386.83500000000004,69,737,1,2,3,6,6.652437132220425,1.0986122886681096,4,At Risk,1,773.6700000000001,2
14839,418,3,915.28,305.09333333333336,61,704,1,3,3,7,6.8203219948203735,1.3862943611198906,4,At Risk,1,915.28,3
14840,268,2,362.71,181.355,20,539,2,2,2,6,5.896356846803299,1.0986122886681096,3,New Customer,1,362.71,2
14841,53,14,7163.0,511.64285714285717,196,737,4,5,5,14,8.876823763180603,2.70805020110221,2,VIP,0,7163.0,14
14842,44,4,2824.69,706.1724999999999,128,308,4,3,4,11,7.946507861544517,1.6094379124341003,1,Regular,0,2824.69,4
14843,437,1,211.79999999999998,211.8,9,437,1,1,1,3,5.360352757467489,0.6931471805599453,0,Lost,1,211.79999999999998,1
14844,64,10,6702.43,670.243,158,607,3,5,5,13,8.810374614680837,2.3978952727983707,2,VIP,0,6702.43,10
14845,600,1,150.0,150.0,1,600,1,1,1,3,5.017279836814924,0.6931471805599453,0,Lost,1,150.0,1
14846,427,1,437.4,437.4,12,427,1,1,2,4,6.083131735633806,0.6931471805599453,0,Lost,1,437.4,1
14847,149,3,1348.95,449.65000000000003,56,565,3,3,4,10,7.2078228337095505,1.3862943611198906,1,Regular,0,1348.95,3
14848,405,1,310.56,310.56,11,405,2,1,2,5,5.741591936051748,0.6931471805599453,0,Lost,1,310.56,1
14849,22,43,15763.45,366.59186046511627,279,699,4,5,5,14,9.665512683961765,3.784189633918261,2,VIP,0,15763.45,43
14850,312,7,1794.01,256.28714285714284,129,568,2,4,4,10,7.492765871937502,2.0794415416798357,4,At Risk,1,1794.01,7
14851,23,3,829.4100000000001,276.47,38,631,4,3,3,10,6.721919554728325,1.3862943611198906,1,Regular,0,829.4100000000001,3
14852,58,18,6147.18,341.51,152,644,4,5,5,14,8.723911382043823,2.9444389791664403,2,VIP,0,6147.18,18
14853,24,5,1376.87,275.374,26,606,4,4,4,12,7.2282941075007,1.791759469228055,1,Regular,0,1376.87,5
14854,78,11,4322.86,392.9872727272727,170,687,3,5,5,13,8.371903800806631,2.4849066497880004,2,VIP,0,4322.86,11
14855,119,7,6520.3,931.4714285714284,168,611,3,4,5,12,8.782829021548919,2.0794415416798357,2,VIP,0,6520.3,7
14856,36,3,1311.3799999999999,437.1266666666667,65,57,4,3,4,11,7.179597561714504,1.3862943611198906,1,Regular,0,1311.3799999999999,3
14857,60,7,3651.851,521.693,170,635,3,4,5,12,8.203263237570312,2.0794415416798357,1,Regular,0,3651.851,7
14858,506,1,180.75,180.75,11,506,1,1,1,3,5.202632116413628,0.6931471805599453,0,Lost,1,180.75,1
14859,13,5,1705.64,341.12800000000004,51,555,5,4,4,13,7.442281804243372,1.791759469228055,1,Regular,0,1705.64,5
14860,19,1,170.32,170.32,11,19,5,1,1,7,5.14353315274717,0.6931471805599453,3,New Customer,0,170.32,1
14861,52,10,1380.73,138.07299999999998,62,732,4,5,4,13,7.231091616210209,2.3978952727983707,1,Regular,0,1380.73,10
14862,26,2,841.1999999999999,420.6,47,149,4,2,3,9,6.736017515727827,1.0986122886681096,3,New Customer,0,841.1999999999999,2
14863,29,1,266.76,266.76,11,29,4,1,1,6,5.590091056903071,0.6931471805599453,3,New Customer,0,266.76,1
14865,7,4,129.72,32.43000000000001,4,738,5,3,1,9,4.873057631111693,1.6094379124341003,3,New Customer,0,129.72,4
14866,11,19,20850.22,1097.38,40,471,5,5,5,15,9.945167738704566,2.995732273553991,2,VIP,0,20850.22,19
14867,186,16,2952.06,184.50375,67,734,3,5,4,12,7.99059719985786,2.833213344056216,2,VIP,1,2952.06,16
14868,3,12,4184.01,348.6675,132,420,5,5,5,15,8.339264372406982,2.5649493574615367,2,VIP,0,4184.01,12
14869,9,6,2804.24,467.3733333333333,187,724,5,4,4,13,7.939244375793947,1.9459101490553132,1,Regular,0,2804.24,6
14870,262,6,1838.95,306.4916666666667,43,684,2,4,4,10,7.51749367632077,1.9459101490553132,1,Regular,1,1838.95,6
14871,3,9,1258.97,139.88555555555558,123,739,5,5,4,14,7.138843190138263,2.302585092994046,1,Regular,0,1258.97,9
14872,484,3,816.6,272.2,34,633,1,3,3,7,6.70637321944944,1.3862943611198906,4,At Risk,1,816.6,3
14873,210,2,854.13,427.06499999999994,48,634,2,2,3,7,6.751253504162445,1.0986122886681096,3,New Customer,1,854.13,2
14874,535,1,116.18,116.18,6,535,1,1,1,3,4.7637112141166424,0.6931471805599453,0,Lost,1,116.18,1
14875,108,3,2862.4,954.1333333333336,88,442,3,3,4,10,7.959765008926227,1.3862943611198906,1,Regular,0,2862.4,3
14876,521,2,256.7,128.35000000000002,12,561,1,2,1,4,5.551796117658319,1.0986122886681096,0,Lost,1,256.7,2
14877,418,2,437.0,218.5,57,643,1,2,2,5,6.082218910376446,1.0986122886681096,4,At Risk,1,437.0,2
14878,13,25,4105.24,164.2096,159,657,5,5,5,15,8.320263046917932,3.258096538021482,2,VIP,0,4105.24,25
14879,685,1,185.06,185.06,27,685,1,1,1,3,5.226069202340413,0.6931471805599453,0,Lost,1,185.06,1
14880,77,3,706.19,235.39666666666673,45,289,3,3,3,9,6.561299370951966,1.3862943611198906,3,New Customer,0,706.19,3
14881,20,1,255.4,255.4,17,20,4,1,1,6,5.546738725046515,0.6931471805599453,3,New Customer,0,255.4,1
14882,27,14,3628.15,259.1535714285714,32,619,4,5,5,14,8.1967537400596,2.70805020110221,2,VIP,0,3628.15,14
14883,19,6,761.59,126.93166666666666,39,212,5,4,3,12,6.636720534303131,1.9459101490553132,1,Regular,0,761.59,6
14884,669,1,120.6,120.60000000000001,8,669,1,1,1,3,4.800736969532067,0.6931471805599453,0,Lost,1,120.6,1
14885,132,3,1598.12,532.7066666666667,24,466,3,3,4,10,7.377208756922391,1.3862943611198906,1,Regular,0,1598.12,3
14886,253,1,364.8,364.79999999999995,18,253,2,1,2,5,5.9020867359567655,0.6931471805599453,3,New Customer,1,364.8,1
14887,79,1,1862.0,1862.0,6,79,3,1,4,8,7.529943370601589,0.6931471805599453,3,New Customer,0,1862.0,1
14888,207,1,369.2,369.2,20,207,2,1,2,5,5.914043400139397,0.6931471805599453,3,New Customer,1,369.2,1
14889,336,1,135.9,135.9,10,336,2,1,1,4,4.919250732294404,0.6931471805599453,0,Lost,1,135.9,1
14890,254,3,817.25,272.4166666666667,55,660,2,3,3,8,6.70716791338129,1.3862943611198906,4,At Risk,1,817.25,3
14891,148,4,1106.73,276.6825,55,437,3,3,3,9,7.0100681553014015,1.6094379124341003,1,Regular,0,1106.73,4
14892,691,1,202.35000000000002,202.35000000000002,13,691,1,1,1,3,5.314928632353234,0.6931471805599453,0,Lost,1,202.35000000000002,1
14893,10,3,1809.6100000000001,603.2033333333334,98,618,5,3,4,12,7.501419084057128,1.3862943611198906,1,Regular,0,1809.6100000000001,3
14894,85,3,1492.81,497.6033333333334,39,738,3,3,4,10,7.30908518223715,1.3862943611198906,1,Regular,0,1492.81,3
14895,8,38,25119.54,661.0405263157895,441,729,5,5,5,15,10.131441117166368,3.6635616461296463,2,VIP,0,25119.54,38
14896,205,8,2092.42,261.5525,150,734,2,4,4,10,7.646554371211011,2.1972245773362196,1,Regular,1,2092.42,8
14897,8,8,3140.54,392.5675,94,724,5,4,5,14,8.05246840453291,2.1972245773362196,1,Regular,0,3140.54,8
14898,23,14,3507.81,250.55785714285713,185,736,4,5,5,14,8.163032227636762,2.70805020110221,2,VIP,0,3507.81,14
14899,395,1,1384.88,1384.88,126,395,2,1,4,7,7.234090595914997,0.6931471805599453,4,At Risk,1,1384.88,1
14900,522,1,13.919999999999998,13.919999999999998,1,522,1,1,1,3,2.7027025947756145,0.6931471805599453,0,Lost,1,13.919999999999998,1
14901,11,12,2289.65,190.80416666666667,103,499,5,5,4,14,7.7365908990673,2.5649493574615367,2,VIP,0,2289.65,12
14902,26,3,1035.6200000000001,345.20666666666665,51,554,4,3,3,10,6.943720699414746,1.3862943611198906,1,Regular,0,1035.6200000000001,3
14903,21,5,2810.63,562.126,227,279,4,4,4,12,7.941519665325918,1.791759469228055,1,Regular,0,2810.63,5
14904,2,4,1640.64,410.15999999999997,127,428,5,3,4,12,7.403451021151327,1.6094379124341003,1,Regular,0,1640.64,4
14905,158,8,1971.39,246.42374999999998,45,736,3,4,4,11,7.587001284371595,2.1972245773362196,1,Regular,0,1971.39,8
14906,445,1,68.44,68.44,1,445,1,1,1,3,4.240463070352095,0.6931471805599453,0,Lost,1,68.44,1
14907,3,16,6165.79,385.361875,153,602,5,5,5,15,8.726933722198309,2.833213344056216,2,VIP,0,6165.79,16
14908,74,2,381.9,190.95,14,463,3,2,2,7,5.947773858483249,1.0986122886681096,3,New Customer,0,381.9,2
14909,437,3,1404.68,468.22666666666663,61,663,1,3,4,8,7.248276450449636,1.3862943611198906,4,At Risk,1,1404.68,3
14910,3,4,434.35,108.5875,25,55,5,3,2,10,6.076150305274624,1.6094379124341003,3,New Customer,0,434.35,4
14911,1,46,29730.420199999626,743.6498241206031,2550,739,5,5,5,15,10.299959684780548,3.8501476017100584,2,VIP,0,295972.63,398
14912,17,6,1889.25,314.87499999999994,44,682,5,4,4,13,7.5444643744383795,1.9459101490553132,1,Regular,0,1889.25,6
14913,36,8,4073.13,509.14125,176,486,4,4,5,13,8.312412505948734,2.1972245773362196,1,Regular,0,4073.13,8
14915,91,11,1811.25,164.6590909090909,65,737,3,5,4,12,7.502324446180987,2.4849066497880004,1,Regular,0,1811.25,11
14916,71,8,3042.95,380.36875,113,618,3,4,5,12,8.020911293091087,2.1972245773362196,1,Regular,0,3042.95,8
14917,597,2,1123.75,561.8750000000001,29,597,1,2,3,6,7.025316067721282,1.0986122886681096,4,At Risk,1,1123.75,2
14918,116,9,5955.81,661.7566666666667,79,611,3,5,5,13,8.692290381870738,2.302585092994046,2,VIP,0,5955.81,9
14919,539,1,359.35,359.34999999999997,13,539,1,1,2,4,5.88707578137045,0.6931471805599453,0,Lost,1,359.35,1
14920,213,3,1607.17,535.7233333333335,90,565,2,3,4,9,7.382852165543834,1.3862943611198906,1,Regular,1,1607.17,3
14921,30,2,1316.07,658.0350000000001,78,201,4,2,4,10,7.1831648514317985,1.0986122886681096,1,Regular,0,1316.07,2
14922,394,2,843.74,421.87000000000006,49,508,2,2,3,7,6.739028887702491,1.0986122886681096,4,At Risk,1,843.74,2
14923,51,1,749.1,749.1,44,51,4,1,3,8,6.62020653097559,0.6931471805599453,3,New Customer,0,749.1,1
14924,246,3,931.01,310.33666666666664,30,639,2,3,3,8,6.837343544241763,1.3862943611198906,4,At Risk,1,931.01,3
14926,382,2,359.4,179.7,2,599,2,2,2,6,5.887214525734183,1.0986122886681096,4,At Risk,1,359.4,2
14927,397,1,308.2,308.2,20,397,2,1,2,5,5.733988316713267,0.6931471805599453,0,Lost,1,308.2,1
14928,628,1,223.91000000000003,223.91000000000003,21,628,1,1,1,3,5.41570032218308,0.6931471805599453,0,Lost,1,223.91000000000003,1
14929,32,2,836.69,418.34499999999997,34,422,4,2,3,9,6.730648103640738,1.0986122886681096,3,New Customer,0,836.69,2
14930,109,6,5246.63,874.4383333333334,213,607,3,4,5,12,8.565531825089687,1.9459101490553132,1,Regular,0,5246.63,6
14931,5,5,1257.68,251.536,30,241,5,4,4,13,7.137818831761513,1.791759469228055,1,Regular,0,1257.68,5
14932,366,2,1029.66,514.83,29,386,2,2,3,7,6.937954652712979,1.0986122886681096,4,At Risk,1,1029.66,2
14933,444,4,1770.0,442.5,1,444,1,3,4,8,7.479299637782834,1.6094379124341003,4,At Risk,1,1770.0,4
14934,82,5,3503.5,700.6999999999999,115,442,3,4,5,12,8.16180313594038,1.791759469228055,1,Regular,0,3503.5,5
14935,297,2,2849.83,1424.915,25,620,2,2,4,8,7.955365458934208,1.0986122886681096,4,At Risk,1,2849.83,2
14936,34,12,12410.81,1034.2341666666664,267,584,4,5,5,14,9.426403717684428,2.5649493574615367,2,VIP,0,12410.81,12
14937,57,3,1621.88,540.6266666666667,33,130,4,3,4,11,7.3919576276276855,1.3862943611198906,1,Regular,0,1621.88,3
14938,562,2,2322.43,1161.215,71,562,1,2,4,7,7.750799821107575,1.0986122886681096,4,At Risk,1,2322.43,2
14940,418,2,531.49,265.745,32,733,1,2,2,5,6.277564118064523,1.0986122886681096,4,At Risk,1,531.49,2
14941,579,1,182.1,182.09999999999997,7,579,1,1,1,3,5.2100324516804655,0.6931471805599453,0,Lost,1,182.1,1
14942,402,4,746.56,186.64000000000004,12,730,2,3,3,8,6.616814569602102,1.6094379124341003,4,At Risk,1,746.56,4
14943,663,1,107.62,107.62,5,663,1,1,1,3,4.687855552606699,0.6931471805599453,0,Lost,1,107.62,1
14944,30,19,9784.67,514.9826315789473,184,661,4,5,5,14,9.188674349637317,2.995732273553991,2,VIP,0,9784.67,19
14945,414,1,179.4,179.39999999999998,11,414,1,1,1,3,5.1951766076285235,0.6931471805599453,0,Lost,1,179.4,1
14946,14,1,100.9,100.9,3,14,5,1,1,7,4.623991940228679,0.6931471805599453,3,New Customer,0,100.9,1
14947,72,6,1049.79,174.965,47,625,3,4,3,10,6.957297541207289,1.9459101490553132,1,Regular,0,1049.79,6
14948,23,6,1101.97,183.66166666666666,56,219,4,4,3,11,7.005761820334205,1.9459101490553132,1,Regular,0,1101.97,6
14949,469,4,515.0,128.75000000000003,16,721,1,3,2,6,6.246106765481563,1.6094379124341003,4,At Risk,1,515.0,4
14950,19,1,371.2,371.2,19,19,5,1,2,8,5.91943134420815,0.6931471805599453,3,New Customer,0,371.2,1
14951,79,1,311.69,311.69000000000005,20,79,3,1,2,6,5.745212284419341,0.6931471805599453,3,New Customer,0,311.69,1
14952,60,32,17629.35,550.9171875,240,736,3,5,5,13,9.777377127718964,3.4965075614664802,2,VIP,0,17629.35,32
14953,25,4,1013.77,253.44250000000002,202,436,4,3,3,10,6.9224172648127835,1.6094379124341003,1,Regular,0,1013.77,4
14954,12,2,503.44,251.71999999999997,111,703,5,2,2,9,6.223448903087673,1.0986122886681096,3,New Customer,0,503.44,2
14955,726,1,163.77,163.76999999999998,30,733,1,1,1,3,5.10455056206934,0.6931471805599453,0,Lost,1,163.77,1
14956,421,1,1325.0,1325.0,4,421,1,1,4,6,7.189922170745808,0.6931471805599453,4,At Risk,1,1325.0,1
14957,253,2,333.29,166.64499999999998,27,645,2,2,2,6,5.812008879727072,1.0986122886681096,3,New Customer,1,333.29,2
14958,147,6,957.9399999999999,159.65666666666667,52,736,3,4,3,10,6.865828507754102,1.9459101490553132,1,Regular,0,957.9399999999999,6
14959,64,4,695.42,173.85499999999996,37,296,3,3,3,9,6.545952926608586,1.6094379124341003,1,Regular,0,695.42,4
14960,8,2,221.27,110.63499999999999,23,171,5,2,1,8,5.4038928590966755,1.0986122886681096,3,New Customer,0,221.27,2
14961,11,22,16410.15,745.9159090909092,328,736,5,5,5,15,9.70571626084869,3.1354942159291497,2,VIP,0,16410.15,22
14962,271,4,366.91,91.7275,14,584,2,3,2,7,5.90783834304059,1.6094379124341003,4,At Risk,1,366.91,4
14963,10,12,3164.48,263.70666666666665,304,526,5,5,5,15,8.06005998184702,2.5649493574615367,2,VIP,0,3164.48,12
14964,247,1,206.21,206.21,13,247,2,1,1,4,5.333732771768991,0.6931471805599453,3,New Customer,1,206.21,1
14965,96,2,599.0,299.5,80,96,3,2,2,7,6.396929655216146,1.0986122886681096,3,New Customer,0,599.0,2
14966,15,6,1115.8400000000001,185.97333333333336,125,724,5,4,3,12,7.01825854798562,1.9459101490553132,1,Regular,0,1115.8400000000001,6
14967,50,6,1982.6100000000001,330.435,22,736,4,4,4,12,7.592673695941251,1.9459101490553132,1,Regular,0,1982.6100000000001,6
14968,30,2,504.99,252.49499999999995,83,458,4,2,2,8,6.226516906246328,1.0986122886681096,3,New Customer,0,504.99,2
14969,704,1,906.23,906.23,13,704,1,1,3,5,6.810396001209797,0.6931471805599453,0,Lost,1,906.23,1
14970,68,12,4919.35,409.9458333333334,71,663,3,5,5,13,8.501134945167534,2.5649493574615367,2,VIP,0,4919.35,12
14971,35,3,1116.57,372.19000000000005,144,43,4,3,3,10,7.0189119643469615,1.3862943611198906,1,Regular,0,1116.57,3
14972,128,2,145.07,72.53499999999998,20,381,3,2,1,6,4.984085958862719,1.0986122886681096,3,New Customer,0,145.07,2
14973,107,3,1314.45,438.1499999999999,29,226,3,3,4,10,7.181934091396172,1.3862943611198906,1,Regular,0,1314.45,3
14974,37,1,114.39,114.39,17,37,4,1,1,6,4.748317695206576,0.6931471805599453,3,New Customer,0,114.39,1
14975,57,2,472.39,236.195,25,421,4,2,2,8,6.159919573071391,1.0986122886681096,3,New Customer,0,472.39,2
14976,57,7,790.86,112.98,47,327,4,4,3,11,6.674384608512411,2.0794415416798357,1,Regular,0,790.86,7
14977,726,1,31.929999999999996,31.929999999999996,4,726,1,1,1,3,3.4943840963882726,0.6931471805599453,0,Lost,1,31.929999999999996,1
14978,72,10,3142.14,314.21400000000006,175,591,3,5,5,13,8.052977579235382,2.3978952727983707,2,VIP,0,3142.14,10
14979,726,1,439.46,439.4599999999999,42,735,1,1,2,4,6.087819635350745,0.6931471805599453,0,Lost,1,439.46,1
14980,726,1,150.68,150.68,24,737,1,1,1,3,5.021773038506712,0.6931471805599453,0,Lost,1,150.68,1
14981,246,2,372.92,186.46,20,424,2,2,2,6,5.924041870790548,1.0986122886681096,3,New Customer,1,372.92,2
14982,572,1,237.78,237.78,39,572,1,1,1,3,5.475542625917242,0.6931471805599453,0,Lost,1,237.78,1
14983,689,1,183.20000000000002,183.20000000000005,30,689,1,1,1,3,5.216022123821206,0.6931471805599453,0,Lost,1,183.20000000000002,1
14984,19,6,1271.41,211.90166666666664,48,697,5,4,4,13,7.148668019007891,1.9459101490553132,1,Regular,0,1271.41,6
14985,198,2,296.75,148.375,78,358,2,2,2,6,5.696254208235409,1.0986122886681096,3,New Customer,1,296.75,2
14986,376,2,566.9,283.45000000000005,87,684,2,2,2,6,6.341945346883387,1.0986122886681096,4,At Risk,1,566.9,2
14987,16,8,1713.85,214.23125,4,737,5,4,4,13,7.447080892218029,2.1972245773362196,1,Regular,0,1713.85,8
14988,212,7,2066.6,295.2285714285714,171,602,2,4,4,10,7.6341437933218845,2.0794415416798357,1,Regular,1,2066.6,7
14989,662,1,342.4,342.40000000000003,18,662,1,1,2,4,5.838895948463375,0.6931471805599453,0,Lost,1,342.4,1
14990,612,2,305.42,152.70999999999998,41,730,1,2,2,5,5.724956709887608,1.0986122886681096,0,Lost,1,305.42,2
14991,430,1,314.67,314.66999999999996,21,430,1,1,2,4,5.754697364124307,0.6931471805599453,0,Lost,1,314.67,1
14992,442,1,210.5,210.5,27,442,1,1,1,3,5.354224998486333,0.6931471805599453,0,Lost,1,210.5,1
14993,564,1,36.13,36.129999999999995,9,564,1,1,1,3,3.614425268188989,0.6931471805599453,0,Lost,1,36.13,1
14994,382,5,960.63,192.12599999999998,233,623,2,4,3,9,6.8686297612976235,1.791759469228055,4,At Risk,1,960.63,5
14995,39,2,233.23000000000002,116.61500000000001,53,280,4,2,1,7,5.456303538604819,1.0986122886681096,3,New Customer,0,233.23000000000002,2
14996,481,2,442.28999999999996,221.14499999999998,37,481,1,2,2,5,6.094224183409496,1.0986122886681096,0,Lost,1,442.28999999999996,2
14997,46,4,776.5999999999999,194.15,36,656,4,3,3,10,6.656212253146229,1.6094379124341003,1,Regular,0,776.5999999999999,4
14998,170,4,770.73,192.6825,111,605,3,3,3,9,6.64863474791851,1.6094379124341003,1,Regular,0,770.73,4
14999,593,1,129.48000000000002,129.48,9,593,1,1,1,3,4.871219958312759,0.6931471805599453,0,Lost,1,129.48000000000002,1
15000,48,1,490.52,490.52000000000004,76,48,4,1,2,7,6.197502630519253,0.6931471805599453,3,New Customer,0,490.52,1
15001,394,2,230.85999999999999,115.42999999999998,44,394,2,2,1,5,5.446133741242256,1.0986122886681096,0,Lost,1,230.85999999999999,2
15002,116,9,4817.28,535.2533333333334,220,697,3,5,5,13,8.480172296886764,2.302585092994046,2,VIP,0,4817.28,9
15003,473,6,1060.7,176.7833333333333,253,682,1,4,3,8,6.967626676019528,1.9459101490553132,4,At Risk,1,1060.7,6
15004,147,1,1246.32,1246.3200000000002,154,147,3,1,3,7,7.128752528637921,0.6931471805599453,3,New Customer,0,1246.32,1
15005,16,46,14106.2,251.89642857142857,591,738,5,5,5,15,9.554440584332763,3.8501476017100584,2,VIP,0,14106.2,56
15006,51,2,825.14,412.57000000000005,165,453,4,2,3,9,6.716764250684336,1.0986122886681096,3,New Customer,0,825.14,2
15007,159,1,156.91,156.91000000000003,12,159,3,1,1,5,5.062025250478552,0.6931471805599453,3,New Customer,0,156.91,1
15008,480,2,360.0,179.99999999999997,6,638,1,2,2,5,5.8888779583328805,1.0986122886681096,0,Lost,1,360.0,2
15009,12,3,1261.78,420.5933333333333,148,25,5,3,4,12,7.141070918737701,1.3862943611198906,1,Regular,0,1261.78,3
15010,36,1,308.94,308.94,20,36,4,1,2,7,5.736378730359188,0.6931471805599453,3,New Customer,0,308.94,1
15011,396,2,416.6,208.3,17,417,2,2,2,6,6.034524036568429,1.0986122886681096,4,At Risk,1,416.6,2
15012,54,3,860.62,286.8733333333334,165,577,4,3,3,10,6.758814338200439,1.3862943611198906,1,Regular,0,860.62,3
15013,488,10,1641.3,164.13000000000002,177,678,1,5,4,10,7.403852977343515,2.3978952727983707,4,At Risk,1,1641.3,10
15014,43,2,260.17,130.085,29,176,4,2,1,7,5.56517153628838,1.0986122886681096,3,New Customer,0,260.17,2
15015,501,13,2365.02,181.92461538461538,158,725,1,5,4,10,7.768964497587981,2.639057329615259,4,At Risk,1,2365.02,13
15016,173,5,630.3,126.06000000000002,93,543,3,4,3,10,6.44778118537358,1.791759469228055,1,Regular,0,630.3,5
15017,34,1,125.58,125.58000000000001,20,34,4,1,1,6,4.840874519347159,0.6931471805599453,3,New Customer,0,125.58,1
15018,39,3,607.46,202.48666666666668,30,368,4,3,2,9,6.41093117485196,1.3862943611198906,3,New Customer,0,607.46,3
15019,267,1,266.0,265.99999999999994,64,267,2,1,1,4,5.58724865840025,0.6931471805599453,3,New Customer,1,266.0,1
15020,379,1,203.42,203.42,27,379,2,1,1,4,5.32017670090093,0.6931471805599453,0,Lost,1,203.42,1
15021,9,12,2783.83,231.98583333333332,355,498,5,5,4,14,7.93194210920565,2.5649493574615367,2,VIP,0,2783.83,12
15022,12,5,1186.09,237.21800000000002,115,677,5,4,3,12,7.079260213133854,1.791759469228055,1,Regular,0,1186.09,5
15023,3,20,12170.68,608.534,486,674,5,5,5,15,9.406867220825731,3.044522437723423,2,VIP,0,12170.68,20
15024,10,16,4075.51,254.719375,168,424,5,5,5,15,8.31299650918471,2.833213344056216,2,VIP,0,4075.51,16
15025,33,2,1013.09,506.5450000000001,132,568,4,2,3,9,6.921746937608874,1.0986122886681096,3,New Customer,0,1013.09,2
15026,80,5,1061.61,212.32200000000003,109,448,3,4,3,10,6.968483424851537,1.791759469228055,1,Regular,0,1061.61,5
15027,31,10,3195.6,319.55999999999995,69,624,4,5,5,14,8.069843023934553,2.3978952727983707,2,VIP,0,3195.6,10
15028,8,6,1157.71,192.95166666666668,65,394,5,4,3,12,7.055062596327388,1.9459101490553132,1,Regular,0,1157.71,6
15029,620,1,365.1,365.1,10,620,1,1,2,4,5.902906520126191,0.6931471805599453,0,Lost,1,365.1,1
15030,72,8,1979.91,247.48875,25,645,3,4,4,11,7.591311614066303,2.1972245773362196,1,Regular,0,1979.91,8
15031,4,14,3156.58,225.47000000000003,237,731,5,5,5,15,8.057561190404078,2.70805020110221,2,VIP,0,3156.58,14
15032,256,8,13780.65,1722.58125,39,729,2,4,5,11,9.531093276151351,2.1972245773362196,2,VIP,1,13780.65,8
15033,5,10,2586.67,258.66700000000003,315,329,5,5,4,14,7.8585131358985345,2.3978952727983707,1,Regular,0,2586.67,10
15034,16,14,8313.4,593.8142857142858,416,577,5,5,5,15,9.025744230274212,2.70805020110221,2,VIP,0,8313.4,14
15035,90,1,252.73000000000002,252.73000000000002,26,90,3,1,1,5,5.536270709515726,0.6931471805599453,3,New Customer,0,252.73000000000002,1
15036,72,3,465.55,155.1833333333333,107,180,3,3,2,8,6.145365195680031,1.3862943611198906,3,New Customer,0,465.55,3
15037,376,2,402.51,201.255,40,377,2,2,2,6,6.000201270550366,1.0986122886681096,4,At Risk,1,402.51,2
15038,59,9,1309.86,145.54000000000002,190,425,4,5,4,13,7.178438689350472,2.302585092994046,1,Regular,0,1309.86,9
15039,10,46,29730.420199999626,430.4454838709677,562,730,5,5,5,15,10.299959684780548,3.8501476017100584,2,VIP,0,40031.43,93
15040,542,1,7.49,7.49,1,542,1,1,1,3,2.138889000323256,0.6931471805599453,0,Lost,1,7.49,1
15041,170,2,294.02,147.00999999999996,98,444,3,2,2,7,5.687043150651903,1.0986122886681096,3,New Customer,0,294.02,2
15042,199,2,315.45,157.725,9,595,2,2,2,6,5.7571652512213145,1.0986122886681096,3,New Customer,1,315.45,2
15043,31,6,2873.7999999999997,478.96666666666664,39,533,4,4,4,12,7.963738385594287,1.9459101490553132,1,Regular,0,2873.7999999999997,6
15044,19,35,16204.33,462.9808571428572,344,723,5,5,5,15,9.693095479453461,3.58351893845611,2,VIP,0,16204.33,35
15045,152,2,735.66,367.83000000000004,11,258,3,2,3,8,6.602126456028984,1.0986122886681096,3,New Customer,0,735.66,2
15046,9,25,7812.389999999999,312.49559999999997,248,694,5,5,5,15,8.963594207556266,3.258096538021482,2,VIP,0,7812.389999999999,25
15047,270,1,343.62,343.61999999999995,22,270,2,1,2,5,5.842442360714953,0.6931471805599453,3,New Customer,1,343.62,1
15048,65,4,482.75,120.68749999999999,86,369,3,3,2,8,6.181568244343992,1.6094379124341003,3,New Customer,0,482.75,4
15049,274,1,121.17000000000002,121.17000000000002,3,274,2,1,1,4,4.8054135174159684,0.6931471805599453,3,New Customer,1,121.17000000000002,1
15050,25,5,4193.79,838.758,116,481,4,4,5,13,8.341598558053528,1.791759469228055,1,Regular,0,4193.79,5
15051,23,9,3935.16,437.24,226,738,4,5,5,14,8.277960907752442,2.302585092994046,2,VIP,0,3935.16,9
15052,319,1,215.78,215.78,27,319,2,1,1,4,5.378883014387604,0.6931471805599453,0,Lost,1,215.78,1
15053,5,3,697.79,232.5966666666667,49,282,5,3,3,11,6.549350267911373,1.3862943611198906,1,Regular,0,697.79,3
15054,12,2,302.1,151.05,105,40,5,2,2,9,5.714062784063757,1.0986122886681096,3,New Customer,0,302.1,2
15055,475,3,560.07,186.69000000000003,77,723,1,3,2,6,6.329845674922272,1.3862943611198906,4,At Risk,1,560.07,3
15056,520,1,133.45,133.45,6,520,1,1,1,3,4.901192382714874,0.6931471805599453,0,Lost,1,133.45,1
15057,275,5,3255.96,651.192,62,734,2,4,5,11,8.088549523960413,1.791759469228055,1,Regular,1,3255.96,5
15058,25,16,3410.03,213.12687499999998,232,653,4,5,5,14,8.134769577454728,2.833213344056216,2,VIP,0,3410.03,16
15059,41,19,3523.57,185.45105263157893,308,734,4,5,5,14,8.167513721989891,2.995732273553991,2,VIP,0,3523.57,19
15060,8,4,303.09,75.77250000000001,81,9,5,3,2,10,5.717323710222868,1.6094379124341003,3,New Customer,0,303.09,4
15061,4,46,29730.420199999626,1085.1851968503936,131,739,5,5,5,15,10.299959684780548,3.8501476017100584,2,VIP,0,137818.52,127
15062,71,8,2585.62,323.2025,98,610,3,4,4,11,7.858107283109296,2.1972245773362196,1,Regular,0,2585.62,8
15063,213,1,370.79999999999995,370.79999999999995,5,213,2,1,2,5,5.918356075287344,0.6931471805599453,3,New Customer,1,370.79999999999995,1
15064,410,4,1254.41,313.6025,75,717,2,3,4,9,7.135217491440363,1.6094379124341003,4,At Risk,1,1254.41,4
15065,38,5,3326.86,665.3720000000001,156,411,4,4,5,13,8.110084733748552,1.791759469228055,1,Regular,0,3326.86,5
15066,53,1,893.59,893.59,42,53,4,1,3,8,6.796365512756079,0.6931471805599453,3,New Customer,0,893.59,1
15067,78,5,3877.88,775.576,170,607,3,4,5,12,8.263301731153247,1.791759469228055,1,Regular,0,3877.88,5
15068,46,4,1176.85,294.2125,178,621,4,3,3,10,7.071446021638615,1.6094379124341003,1,Regular,0,1176.85,4
15069,179,1,1109.53,1109.5300000000002,70,179,3,1,3,7,7.012592657827759,0.6931471805599453,3,New Customer,0,1109.53,1
15070,373,3,843.25,281.08333333333337,26,724,2,3,3,8,6.738448659265677,1.3862943611198906,4,At Risk,1,843.25,3
15071,94,4,1455.56,363.8900000000001,41,571,3,3,4,10,7.283832770195709,1.6094379124341003,1,Regular,0,1455.56,4
15072,479,1,187.51999999999998,187.51999999999998,13,479,1,1,1,3,5.23920410205553,0.6931471805599453,0,Lost,1,187.51999999999998,1
15073,10,8,2788.02,348.50249999999994,115,682,5,4,4,13,7.93344555863082,2.1972245773362196,1,Regular,0,2788.02,8
15074,105,3,1566.33,522.11,63,468,3,3,4,10,7.357128813675071,1.3862943611198906,1,Regular,0,1566.33,3
15075,78,1,773.03,773.03,27,78,3,1,3,7,6.651610632528512,0.6931471805599453,3,New Customer,0,773.03,1
15076,173,3,1447.74,482.58,68,522,3,3,4,10,7.278449492127982,1.3862943611198906,1,Regular,0,1447.74,3
15077,495,2,2428.08,1214.04,28,730,1,2,4,7,7.795267863824162,1.0986122886681096,4,At Risk,1,2428.08,2
15078,7,46,17761.88,335.12981132075475,118,736,5,5,5,15,9.78486616556146,3.8501476017100584,2,VIP,0,17761.88,53
15079,213,11,3767.35,342.48636363636365,119,732,2,5,5,12,8.234392518855941,2.4849066497880004,2,VIP,1,3767.35,11
15080,428,2,546.25,273.125,31,502,1,2,2,5,6.304905736402972,1.0986122886681096,4,At Risk,1,546.25,2
15081,22,12,1965.72,163.81000000000003,75,536,4,5,4,13,7.5841224595020655,2.5649493574615367,1,Regular,0,1965.72,12
15082,669,1,93.35000000000001,93.35,6,669,1,1,1,3,4.54701127181456,0.6931471805599453,0,Lost,1,93.35000000000001,1
15083,257,1,88.2,88.19999999999999,5,257,2,1,1,4,4.490881039585964,0.6931471805599453,3,New Customer,1,88.2,1
15084,380,2,965.2,482.6,31,646,2,2,3,7,6.873370852120306,1.0986122886681096,4,At Risk,1,965.2,2
15085,726,1,347.54,347.53999999999996,9,730,1,1,2,4,5.853753001232496,0.6931471805599453,0,Lost,1,347.54,1
15086,565,2,218.53,109.26499999999999,10,625,1,2,1,4,5.391488897435831,1.0986122886681096,0,Lost,1,218.53,2
15087,282,1,306.94,306.94,15,282,2,1,2,5,5.7299049588017725,0.6931471805599453,3,New Customer,1,306.94,1
15088,21,2,1160.07,580.0349999999999,53,67,4,2,3,9,7.057097272731341,1.0986122886681096,1,Regular,0,1160.07,2
15089,10,6,2420.84,403.47333333333336,139,128,5,4,4,13,7.7922828608243835,1.9459101490553132,1,Regular,0,2420.84,6
15090,308,1,381.32,381.32,23,308,2,1,2,5,5.946257954269903,0.6931471805599453,3,New Customer,1,381.32,1
15091,68,3,1046.6100000000001,348.86999999999995,55,675,3,3,3,9,6.9542666582161,1.3862943611198906,1,Regular,0,1046.6100000000001,3
15092,215,3,776.46,258.81999999999994,39,463,2,3,3,8,6.656032195784612,1.3862943611198906,4,At Risk,1,776.46,3
15093,18,23,14326.11,622.8743478260869,104,732,5,5,5,15,9.569908825675023,3.1780538303479458,2,VIP,0,14326.11,23
15094,463,2,83.0,41.5,4,644,1,2,1,4,4.430816798843313,1.0986122886681096,0,Lost,1,83.0,2
15095,104,10,3141.64,314.16400000000004,90,688,3,5,5,13,8.052818489989162,2.3978952727983707,1,Regular,0,3141.64,10
15096,43,1,219.39000000000001,219.39,11,43,4,1,1,6,5.3953987041986,0.6931471805599453,3,New Customer,0,219.39000000000001,1
15097,4,3,908.35,302.7833333333333,59,583,5,3,3,11,6.812730058573027,1.3862943611198906,1,Regular,0,908.35,3
15098,182,3,29730.420199999626,13305.5,1,182,3,3,5,11,10.299959684780548,1.3862943611198906,1,Regular,1,39916.5,3
15099,84,1,410.48,410.48,23,84,3,1,2,6,6.019760416262829,0.6931471805599453,3,New Customer,0,410.48,1
15100,334,7,2894.7,413.5285714285714,11,701,2,4,4,10,7.970982156979451,2.0794415416798357,4,At Risk,1,2894.7,7
15101,9,6,1477.94,246.32333333333338,52,590,5,4,4,13,7.29908089393658,1.9459101490553132,1,Regular,0,1477.94,6
15102,531,2,554.67,277.33500000000004,26,547,1,2,2,5,6.320174592864931,1.0986122886681096,4,At Risk,1,554.67,2
15103,31,2,703.36,351.67999999999995,35,86,4,2,3,9,6.557289589092577,1.0986122886681096,3,New Customer,0,703.36,2
15104,197,2,1027.44,513.72,66,282,2,2,3,7,6.93579837000678,1.0986122886681096,3,New Customer,1,1027.44,2
15105,18,9,3094.91,343.87888888888887,129,627,5,5,5,15,8.037837164519642,2.302585092994046,1,Regular,0,3094.91,9
15106,18,5,1422.52,284.504,90,269,5,4,4,13,7.2608879564964575,1.791759469228055,1,Regular,0,1422.52,5
15107,311,9,940.35,104.48333333333333,32,452,2,5,3,10,6.847315015170721,2.302585092994046,4,At Risk,1,940.35,9
15108,142,4,1300.25,325.0625,50,228,3,3,4,10,7.171080619929179,1.6094379124341003,1,Regular,0,1300.25,4
15109,246,3,983.1,327.7,46,736,2,3,3,8,6.89172751790494,1.3862943611198906,4,At Risk,1,983.1,3
15110,24,6,1505.8500000000001,250.97500000000002,23,485,4,4,4,12,7.317776658171513,1.9459101490553132,1,Regular,0,1505.8500000000001,6
15111,29,5,2730.87,546.174,109,592,4,4,4,12,7.912741635371109,1.791759469228055,1,Regular,0,2730.87,5
15112,611,1,209.4,209.4,7,611,1,1,1,3,5.349010480863555,0.6931471805599453,0,Lost,1,209.4,1
15113,10,3,3609.33,1203.11,77,54,5,3,5,13,8.19155445989142,1.3862943611198906,1,Regular,0,3609.33,3
15114,30,12,3400.12,283.34333333333336,151,421,4,5,5,14,8.131860068124816,2.5649493574615367,2,VIP,0,3400.12,12
15115,18,2,531.85,265.925,35,733,5,2,2,9,6.2782399586669655,1.0986122886681096,3,New Customer,0,531.85,2
15116,18,4,1352.75,338.1875,37,205,5,3,4,12,7.2106337983152,1.6094379124341003,1,Regular,0,1352.75,4
15117,15,8,2485.9700000000003,310.74625000000003,89,634,5,4,4,13,7.818820381004473,2.1972245773362196,1,Regular,0,2485.9700000000003,8
15118,134,1,244.8,244.8,1,134,3,1,1,5,5.504518197131935,0.6931471805599453,3,New Customer,0,244.8,1
15119,246,1,266.4,266.4,14,246,2,1,1,4,5.588745664667843,0.6931471805599453,3,New Customer,1,266.4,1
15120,134,1,358.82,358.8199999999999,21,134,3,1,2,6,5.885603906408473,0.6931471805599453,3,New Customer,0,358.82,1
15121,50,2,457.72,228.86,28,289,4,2,2,8,6.12844000213506,1.0986122886681096,3,New Customer,0,457.72,2
15122,114,11,4497.47,408.86090909090905,155,619,3,5,5,13,8.411492617945306,2.4849066497880004,2,VIP,0,4497.47,11
15123,7,5,4656.17,931.234,149,634,5,4,5,14,8.44616324650336,1.791759469228055,1,Regular,0,4656.17,5
15124,23,4,450.82,112.70499999999997,30,652,4,3,2,9,6.113283870429076,1.6094379124341003,3,New Customer,0,450.82,4
15125,25,24,17024.87,709.3695833333333,151,618,4,5,5,14,9.742489231033671,3.2188758248682006,2,VIP,0,17024.87,24
15126,537,2,449.49,224.745,25,687,1,2,2,5,6.110335879243754,1.0986122886681096,0,Lost,1,449.49,2
15127,66,2,711.5,355.75,27,520,3,2,3,8,6.568779912142806,1.0986122886681096,3,New Customer,0,711.5,2
15128,60,5,1783.68,356.736,87,430,3,4,4,11,7.486994406433962,1.791759469228055,1,Regular,0,1783.68,5
15129,50,23,6860.18,298.2686956521739,86,610,4,5,5,14,8.83363471758943,3.1780538303479458,2,VIP,0,6860.18,23
15130,170,1,330.11,330.11000000000007,22,170,3,1,2,6,5.802450646452902,0.6931471805599453,3,New Customer,0,330.11,1
15131,395,1,80.28,80.28000000000002,7,395,2,1,1,4,4.397899983830172,0.6931471805599453,0,Lost,1,80.28,1
15132,18,5,977.9300000000001,195.58599999999998,49,263,5,4,3,12,6.886460138441978,1.791759469228055,1,Regular,0,977.9300000000001,5
15133,128,5,1806.9,361.38,45,521,3,4,4,11,7.499921229687969,1.791759469228055,1,Regular,0,1806.9,5
15134,15,10,1596.29,159.62899999999996,47,423,5,5,4,14,7.376063722211611,2.3978952727983707,1,Regular,0,1596.29,10
15135,239,2,305.68,152.84,17,556,2,2,2,6,5.725804858690694,1.0986122886681096,3,New Customer,1,305.68,2
15136,3,4,1286.7,321.67500000000007,61,96,5,3,4,12,7.160612960279738,1.6094379124341003,1,Regular,0,1286.7,4
15137,521,2,823.4,411.7,34,680,1,2,3,6,6.714655849016304,1.0986122886681096,4,At Risk,1,823.4,2
15138,394,1,502.52,502.52,31,394,2,1,2,5,6.221623433316097,0.6931471805599453,0,Lost,1,502.52,1
15139,240,2,178.96,89.48,13,337,2,2,1,5,5.192734603972972,1.0986122886681096,3,New Customer,1,178.96,2
15140,52,8,3243.69,405.46125,103,442,4,4,5,13,8.0847750929877,2.1972245773362196,1,Regular,0,3243.69,8
15141,458,7,1388.47,198.35285714285715,44,621,1,4,4,9,7.236677658449301,2.0794415416798357,4,At Risk,1,1388.47,7
15142,46,6,2619.92,436.65333333333336,115,501,4,4,4,12,7.87128068015632,1.9459101490553132,1,Regular,0,2619.92,6
15143,226,2,563.63,281.815,27,432,2,2,2,6,6.336170649370582,1.0986122886681096,3,New Customer,1,563.63,2
15144,8,29,12160.31,419.32103448275865,199,727,5,5,5,15,9.406014879980829,3.4011973816621555,2,VIP,0,12160.31,29
15145,4,4,1194.73,298.68250000000006,54,248,5,3,3,11,7.0865121565162825,1.6094379124341003,1,Regular,0,1194.73,4
15146,165,2,1327.16,663.58,90,291,3,2,4,9,7.1915498047067254,1.0986122886681096,1,Regular,0,1327.16,2
15147,240,1,623.5,623.5,28,240,2,1,3,6,6.436951329565632,0.6931471805599453,3,New Customer,1,623.5,1
15148,11,1,301.29,301.29,20,11,5,1,2,8,5.711386821516136,0.6931471805599453,3,New Customer,0,301.29,1
15149,134,5,1554.6100000000001,310.922,62,650,3,4,4,11,7.349623030648691,1.791759469228055,1,Regular,0,1554.6100000000001,5
15150,17,13,9001.08,692.3907692307693,495,544,5,5,5,15,9.105210940727408,2.639057329615259,2,VIP,0,9001.08,13
15151,423,2,2085.61,1042.8049999999998,56,510,1,2,4,7,7.643296018507768,1.0986122886681096,4,At Risk,1,2085.61,2
15152,10,14,5263.83,375.98785714285714,214,701,5,5,5,15,8.568804135347829,2.70805020110221,2,VIP,0,5263.83,14
15153,31,1,329.25,329.25,22,31,4,1,2,7,5.799849943402434,0.6931471805599453,3,New Customer,0,329.25,1
15154,75,3,1388.41,462.80333333333334,166,478,3,3,4,10,7.236634475584254,1.3862943611198906,1,Regular,0,1388.41,3
15155,383,1,383.96999999999997,383.97,24,383,2,1,2,5,5.95316540917378,0.6931471805599453,0,Lost,1,383.96999999999997,1
15156,1,3,961.49,320.4966666666666,51,34,5,3,3,11,6.869523676497577,1.3862943611198906,1,Regular,0,961.49,3
15157,4,5,2654.11,530.822,152,729,5,4,4,13,7.884241364079559,1.791759469228055,1,Regular,0,2654.11,5
15158,45,2,606.02,303.01000000000005,11,401,4,2,2,8,6.408561739445854,1.0986122886681096,3,New Customer,0,606.02,2
15159,2,34,22116.73,650.4920588235295,413,432,5,5,5,15,10.004134828308784,3.5553480614894135,2,VIP,0,22116.73,34
15160,357,4,589.27,147.3175,17,421,2,3,2,7,6.380580059339054,1.6094379124341003,4,At Risk,1,589.27,4
15161,388,1,119.92,119.91999999999999,33,388,2,1,1,4,4.795129169911258,0.6931471805599453,0,Lost,1,119.92,1
15162,726,1,312.9,312.9,12,731,1,1,2,4,5.749074463847908,0.6931471805599453,0,Lost,1,312.9,1
15163,18,2,304.47,152.23499999999996,29,192,5,2,2,9,5.721851574117079,1.0986122886681096,3,New Customer,0,304.47,2
15164,69,9,2068.92,229.88,243,690,3,5,4,12,7.635265238169592,2.302585092994046,1,Regular,0,2068.92,9
15165,373,1,975.5,975.5000000000002,27,373,2,1,3,6,6.8839747503167334,0.6931471805599453,4,At Risk,1,975.5,1
15166,468,1,167.16,167.15999999999997,12,468,1,1,1,3,5.124915907128641,0.6931471805599453,0,Lost,1,167.16,1
15167,321,5,1659.67,331.934,262,673,2,4,4,10,7.414976414378016,1.791759469228055,4,At Risk,1,1659.67,5
15168,26,1,106.56,106.56,5,26,4,1,1,6,4.678048831400664,0.6931471805599453,3,New Customer,0,106.56,1
15169,382,2,569.22,284.61,58,727,2,2,2,6,6.3460222512755795,1.0986122886681096,4,At Risk,1,569.22,2
15170,407,1,81.15,81.15,4,407,2,1,1,4,4.408546844483277,0.6931471805599453,0,Lost,1,81.15,1
15171,331,1,1289.5,1289.5,5,331,2,1,4,7,7.162785019158669,0.6931471805599453,4,At Risk,1,1289.5,1
15172,9,5,1624.05,324.81,106,237,5,4,4,13,7.393293863521244,1.791759469228055,1,Regular,0,1624.05,5
15173,381,7,1494.6,213.5142857142857,68,618,2,4,4,10,7.310282743102959,2.0794415416798357,4,At Risk,1,1494.6,7
15174,323,2,481.46,240.73000000000002,34,411,2,2,2,6,6.178898015788112,1.0986122886681096,4,At Risk,1,481.46,2
15175,72,1,224.14,224.14000000000004,23,72,3,1,1,5,5.416722430926658,0.6931471805599453,3,New Customer,0,224.14,1
15176,668,1,988.04,988.0400000000001,52,668,1,1,3,5,6.896734775698672,0.6931471805599453,0,Lost,1,988.04,1
15177,426,1,948.93,948.9300000000001,26,426,1,1,3,5,6.856388297669246,0.6931471805599453,4,At Risk,1,948.93,1
15178,260,1,40.5,40.5,3,260,2,1,1,4,3.725693427236653,0.6931471805599453,0,Lost,1,40.5,1
15179,18,13,7491.92,576.3015384615385,225,737,5,5,5,15,8.921713853675792,2.639057329615259,2,VIP,0,7491.92,13
15180,367,3,904.4300000000001,301.4766666666667,46,589,2,3,3,8,6.808409968979098,1.3862943611198906,4,At Risk,1,904.4300000000001,3
15181,66,5,1200.2,240.03999999999996,15,731,3,4,3,10,7.091076336109175,1.791759469228055,1,Regular,0,1200.2,5
15182,154,11,2998.952,272.63200000000006,78,657,3,5,5,13,8.006351567522245,2.4849066497880004,2,VIP,0,2998.952,11
15183,548,3,639.93,213.31000000000003,33,585,1,3,3,7,6.462920246589264,1.3862943611198906,4,At Risk,1,639.93,3
15184,29,4,689.95,172.48749999999995,72,724,4,3,3,10,6.538067462249494,1.6094379124341003,1,Regular,0,689.95,4
15185,70,1,310.62,310.62,21,70,3,1,2,6,5.741784496789209,0.6931471805599453,3,New Customer,0,310.62,1
15186,14,5,1403.2,280.64,29,697,5,4,4,13,7.247223024583149,1.791759469228055,1,Regular,0,1403.2,5
15187,2,16,4777.18,298.5737500000001,61,212,5,5,5,15,8.471814999842545,2.833213344056216,2,VIP,0,4777.18,16
15188,725,1,310.43,310.42999999999995,23,725,1,1,2,4,5.7411745938732635,0.6931471805599453,0,Lost,1,310.43,1
15189,1,46,17524.38,380.9647826086956,90,509,5,5,5,15,9.771405394977268,3.8501476017100584,2,VIP,0,17524.38,46
15190,434,1,834.4399999999999,834.4399999999999,40,434,1,1,3,5,6.727958532171293,0.6931471805599453,4,At Risk,1,834.4399999999999,1
15191,463,3,588.05,196.01666666666668,33,689,1,3,2,6,6.378511069692128,1.3862943611198906,4,At Risk,1,588.05,3
15192,120,5,1981.39,396.27799999999996,56,680,3,4,4,11,7.592058466471517,1.791759469228055,1,Regular,0,1981.39,5
15193,61,1,499.32,499.31999999999994,19,61,3,1,2,6,6.215247893709531,0.6931471805599453,3,New Customer,0,499.32,1
15194,3,28,12427.69,443.8460714285714,274,737,5,5,5,15,9.427762788765785,3.367295829986474,2,VIP,0,12427.69,28
15195,3,1,3861.0,3861.0,1,3,5,1,5,11,8.258940462988459,0.6931471805599453,1,Regular,0,3861.0,1
15196,433,2,316.25,158.125,34,727,1,2,2,5,5.759690106594497,1.0986122886681096,0,Lost,1,316.25,2
15197,11,6,1877.51,312.9183333333333,44,728,5,4,4,13,7.538234188396181,1.9459101490553132,1,Regular,0,1877.51,6
15198,92,5,571.35,114.27000000000001,28,690,3,4,2,9,6.349750692364485,1.791759469228055,1,Regular,0,571.35,5
15199,59,10,3122.4,312.24,17,576,4,5,5,14,8.046677431053745,2.3978952727983707,2,VIP,0,3122.4,10
15200,495,1,549.05,549.05,30,495,1,1,2,4,6.310009183185445,0.6931471805599453,0,Lost,1,549.05,1
15201,87,7,1842.95,263.27857142857147,44,611,3,4,4,11,7.51966528878146,2.0794415416798357,1,Regular,0,1842.95,7
15202,420,3,6001.49,2000.4966666666667,1,421,1,3,5,9,8.699929662121509,1.3862943611198906,4,At Risk,1,6001.49,3
15203,26,15,4400.18,293.3453333333334,150,731,4,5,5,14,8.389627965770218,2.772588722239781,2,VIP,0,4400.18,15
15204,357,1,316.58,316.58,9,357,2,1,2,5,5.760729755097951,0.6931471805599453,0,Lost,1,316.58,1
15205,85,2,653.24,326.62,37,127,3,2,3,8,6.483474256616332,1.0986122886681096,3,New Customer,0,653.24,2
15206,10,4,420.29999999999995,105.075,3,276,5,3,2,10,6.04334516898497,1.6094379124341003,3,New Customer,0,420.29999999999995,4
15207,416,3,683.9200000000001,227.97333333333336,19,547,1,3,3,7,6.5293020431207704,1.3862943611198906,4,At Risk,1,683.9200000000001,3
15208,1,6,970.52,161.7533333333333,27,424,5,4,3,12,6.878861855327155,1.9459101490553132,1,Regular,0,970.52,6
15209,726,1,178.98000000000002,178.97999999999996,13,730,1,1,1,3,5.192845733605803,0.6931471805599453,0,Lost,1,178.98000000000002,1
15210,225,3,1176.19,392.06333333333345,66,575,2,3,3,8,7.070885521589972,1.3862943611198906,4,At Risk,1,1176.19,3
15211,60,2,1277.48,638.74,52,365,3,2,4,9,7.153427151276853,1.0986122886681096,1,Regular,0,1277.48,2
15212,241,2,208.28,104.14000000000001,7,377,2,2,1,5,5.343673068268834,1.0986122886681096,3,New Customer,1,208.28,2
15213,319,2,328.35,164.175,22,330,2,2,2,6,5.797121015086702,1.0986122886681096,4,At Risk,1,328.35,2
15214,2,8,1661.44,207.68,109,243,5,4,4,13,7.416041681653177,2.1972245773362196,1,Regular,0,1661.44,8
15215,47,7,2422.43,346.06142857142856,85,613,4,4,4,12,7.792939171022606,2.0794415416798357,1,Regular,0,2422.43,7
15216,88,2,486.09,243.04499999999996,24,619,3,2,2,7,6.188448910936394,1.0986122886681096,3,New Customer,0,486.09,2
15217,563,1,426.24,426.24000000000007,28,563,1,1,2,4,6.057345916221495,0.6931471805599453,0,Lost,1,426.24,1
15218,11,22,11516.57,523.4804545454546,139,683,5,5,5,15,9.35162897449944,3.1354942159291497,2,VIP,0,11516.57,22
15219,176,2,685.45,342.725,26,649,3,2,3,8,6.531533389343614,1.0986122886681096,3,New Customer,0,685.45,2
15220,52,6,1778.96,296.4933333333333,110,281,4,4,4,12,7.484346171123521,1.9459101490553132,1,Regular,0,1778.96,6
15221,366,4,2465.4500000000003,616.3625000000001,21,638,2,3,4,9,7.810535148828345,1.6094379124341003,4,At Risk,1,2465.4500000000003,4
15222,319,11,3550.91,322.81,98,723,2,5,5,12,8.175240765953214,2.4849066497880004,2,VIP,1,3550.91,11
15223,226,5,1417.95,283.59000000000003,26,735,2,4,4,10,7.2576724404574895,1.791759469228055,1,Regular,1,1417.95,5
15224,358,5,871.36,174.27200000000002,24,693,2,4,3,9,6.771202182749025,1.791759469228055,4,At Risk,1,871.36,5
15225,234,1,409.40000000000003,409.4000000000001,23,234,2,1,2,5,6.01713229385656,0.6931471805599453,3,New Customer,1,409.40000000000003,1
15226,311,1,154.41,154.41,8,311,2,1,1,4,5.04606678592752,0.6931471805599453,0,Lost,1,154.41,1
15227,37,9,2488.4900000000002,276.49888888888887,86,634,4,5,4,13,7.819833149203312,2.302585092994046,1,Regular,0,2488.4900000000002,9
15228,66,6,5580.2699999999995,930.0450000000001,184,500,3,4,5,12,8.62717162804504,1.9459101490553132,1,Regular,0,5580.2699999999995,6
15229,586,1,160.5,160.50000000000003,9,586,1,1,1,3,5.084505142662711,0.6931471805599453,0,Lost,1,160.5,1
15230,239,2,429.6,214.8,23,241,2,2,2,6,6.065179584930263,1.0986122886681096,3,New Customer,1,429.6,2
15231,621,1,250.26,250.25999999999993,14,621,1,1,1,3,5.526488259576272,0.6931471805599453,0,Lost,1,250.26,1
15232,113,2,612.06,306.03000000000003,26,141,3,2,2,7,6.418462810428566,1.0986122886681096,3,New Customer,0,612.06,2
15233,401,1,59.400000000000006,59.400000000000006,1,401,2,1,1,4,4.100989104940769,0.6931471805599453,0,Lost,1,59.400000000000006,1
15234,277,1,197.0,197.00000000000006,14,277,2,1,1,4,5.288267030694535,0.6931471805599453,3,New Customer,1,197.0,1
15235,218,16,2937.81,183.61312500000003,161,389,2,5,4,11,7.985760016489754,2.833213344056216,2,VIP,1,2937.81,16
15236,299,1,321.05,321.04999999999995,15,299,2,1,2,5,5.7747068129929,0.6931471805599453,3,New Customer,1,321.05,1
15237,2,4,1412.32,353.08000000000004,94,227,5,3,4,12,7.253696825551129,1.6094379124341003,1,Regular,0,1412.32,4
15238,29,3,1071.99,357.33,49,184,4,3,3,10,6.978204422922778,1.3862943611198906,1,Regular,0,1071.99,3
15239,10,2,780.59,390.295,48,79,5,2,3,10,6.661330306378558,1.0986122886681096,3,New Customer,0,780.59,2
15240,45,12,4459.98,371.665,134,734,4,5,5,14,8.403123751818507,2.5649493574615367,2,VIP,0,4459.98,12
15241,67,11,3050.16,277.2872727272727,120,654,3,5,5,13,8.023277125163998,2.4849066497880004,2,VIP,0,3050.16,11
15242,422,1,302.04,302.04,4,422,1,1,2,4,5.713864809997713,0.6931471805599453,0,Lost,1,302.04,1
15243,74,2,927.2800000000001,463.64,56,435,3,2,3,8,6.833333411414558,1.0986122886681096,3,New Customer,0,927.2800000000001,2
15244,65,3,912.08,304.0266666666667,44,666,3,3,3,9,6.816823499976432,1.3862943611198906,1,Regular,0,912.08,3
15245,134,8,4610.84,576.355,72,595,3,4,5,12,8.43638218867962,2.1972245773362196,1,Regular,0,4610.84,8
15246,238,3,780.4,260.1333333333334,45,556,2,3,3,8,6.66108718262097,1.3862943611198906,4,At Risk,1,780.4,3
15247,122,3,976.06,325.3533333333333,13,537,3,3,3,9,6.884548062644319,1.3862943611198906,1,Regular,0,976.06,3
15248,411,3,1893.93,631.31,103,534,1,3,4,8,7.546937177520269,1.3862943611198906,4,At Risk,1,1893.93,3
15249,32,18,9266.0,514.7777777777778,304,623,4,5,5,14,9.134214981586691,2.9444389791664403,2,VIP,0,9266.0,18
15250,641,1,60.0,60.0,3,641,1,1,1,3,4.110873864173311,0.6931471805599453,0,Lost,1,60.0,1
15251,9,21,20324.54,967.835238095238,183,680,5,5,5,15,9.919633502328765,3.091042453358316,2,VIP,0,20324.54,21
15252,36,5,2103.41,420.6820000000001,106,612,4,4,4,12,7.6517904217936605,1.791759469228055,1,Regular,0,2103.41,5
15253,16,8,2055.09,256.88624999999996,102,587,5,4,4,13,7.628561399936054,2.1972245773362196,1,Regular,0,2055.09,8
15254,127,3,1088.35,362.7833333333333,64,561,3,3,3,9,6.993336467072343,1.3862943611198906,1,Regular,0,1088.35,3
15255,67,9,3729.42,414.38,137,737,3,5,5,13,8.22427610683509,2.302585092994046,1,Regular,0,3729.42,9
15256,149,2,170.4,85.19999999999999,6,562,3,2,1,6,5.1440000061636795,1.0986122886681096,3,New Customer,0,170.4,2
15257,283,2,685.9,342.95,11,414,2,2,3,7,6.5321887212198355,1.0986122886681096,4,At Risk,1,685.9,2
15258,169,2,623.16,311.58000000000004,32,217,3,2,3,8,6.4364067457583465,1.0986122886681096,3,New Customer,0,623.16,2
15259,513,4,1182.3799999999999,295.595,50,683,1,3,3,7,7.076130029643467,1.6094379124341003,4,At Risk,1,1182.3799999999999,4
15260,100,25,9188.23,367.5292,186,734,3,5,5,13,9.125787425114728,3.258096538021482,2,VIP,0,9188.23,25
15261,135,4,1508.0,377.0,87,435,3,3,4,10,7.319202458767849,1.6094379124341003,1,Regular,0,1508.0,4
15262,324,3,418.82,139.60666666666668,22,488,2,3,2,7,6.03982604798586,1.3862943611198906,4,At Risk,1,418.82,3
15263,107,1,156.51,156.50999999999996,12,107,3,1,1,5,5.059488948313644,0.6931471805599453,3,New Customer,0,156.51,1
15264,64,2,848.4,424.2,52,530,3,2,3,8,6.744530217879171,1.0986122886681096,3,New Customer,0,848.4,2
15265,151,4,3345.64,836.4099999999999,179,738,3,3,5,11,8.115712136418376,1.6094379124341003,1,Regular,0,3345.64,4
15266,338,5,852.21,170.442,38,702,2,4,3,9,6.749005707109851,1.791759469228055,4,At Risk,1,852.21,5
15267,22,5,1717.36,343.472,8,183,4,4,4,12,7.449125626576209,1.791759469228055,1,Regular,0,1717.36,5
15268,479,3,961.9000000000001,320.6333333333334,21,606,1,3,3,7,6.869949564246238,1.3862943611198906,4,At Risk,1,961.9000000000001,3
15269,24,3,1225.3600000000001,408.4533333333334,33,390,4,3,3,10,7.111805711239658,1.3862943611198906,1,Regular,0,1225.3600000000001,3
15270,16,21,8524.86,405.9457142857143,66,722,5,5,5,15,9.050859176829093,3.091042453358316,2,VIP,0,8524.86,21
15271,7,24,4709.54,196.23083333333332,369,491,5,5,5,15,8.45755783012022,3.2188758248682006,2,VIP,0,4709.54,24
15272,57,6,2085.48,347.5800000000001,257,663,4,4,4,12,7.643233714555521,1.9459101490553132,1,Regular,0,2085.48,6
15273,600,1,228.96,228.96,1,600,1,1,1,3,5.43790538075509,0.6931471805599453,0,Lost,1,228.96,1
15274,4,2,716.57,358.285,44,18,5,2,3,10,6.5758705038506235,1.0986122886681096,3,New Customer,0,716.57,2
15275,38,1,615.14,615.14,41,38,4,1,2,7,6.4234742104382585,0.6931471805599453,3,New Customer,0,615.14,1
15276,66,4,649.53,162.3825,160,435,3,3,3,9,6.477787415259625,1.6094379124341003,1,Regular,0,649.53,4
15277,47,2,476.34,238.17,23,425,4,2,2,8,6.168229025235398,1.0986122886681096,3,New Customer,0,476.34,2
15278,562,4,496.15999999999997,124.04,29,665,1,3,2,6,6.208911905877311,1.6094379124341003,4,At Risk,1,496.15999999999997,4
15279,355,5,1580.54,316.10799999999995,74,676,2,4,4,10,7.366154334869737,1.791759469228055,4,At Risk,1,1580.54,5
15280,172,3,406.21999999999997,135.40666666666664,48,571,3,3,2,8,6.009353579943722,1.3862943611198906,3,New Customer,0,406.21999999999997,3
15281,59,16,8543.57,533.973125,427,428,4,5,5,14,9.053051272457877,2.833213344056216,2,VIP,0,8543.57,16
15282,570,1,348.59,348.59000000000003,27,570,1,1,2,4,5.856761039253281,0.6931471805599453,0,Lost,1,348.59,1
15283,390,3,148.33,49.443333333333335,9,518,2,3,1,6,5.006158622069178,1.3862943611198906,0,Lost,1,148.33,3
15284,500,1,24.75,24.75,1,500,1,1,1,3,3.248434627109745,0.6931471805599453,0,Lost,1,24.75,1
15285,408,1,94.92,94.91999999999999,6,408,2,1,1,4,4.5635145107192585,0.6931471805599453,0,Lost,1,94.92,1
15286,50,1,240.55,240.55,3,50,4,1,1,6,5.4870764910004155,0.6931471805599453,3,New Customer,0,240.55,1
15287,22,5,856.03,171.20600000000005,23,738,4,4,3,11,6.753472923819396,1.791759469228055,1,Regular,0,856.03,5
15288,43,10,3883.13,388.313,128,665,4,5,5,14,8.264654299499902,2.3978952727983707,2,VIP,0,3883.13,10
15289,29,5,1593.09,318.61800000000005,67,622,4,4,4,12,7.37405831948775,1.791759469228055,1,Regular,0,1593.09,5
15290,5,26,10496.28,403.70307692307694,106,654,5,5,5,15,9.258871454967936,3.295836866004329,2,VIP,0,10496.28,26
15291,26,40,13846.56,346.16400000000004,116,737,4,5,5,14,9.53586432280995,3.713572066704308,2,VIP,0,13846.56,40
15292,201,1,180.94,180.94,24,201,2,1,1,4,5.203676962393915,0.6931471805599453,3,New Customer,1,180.94,1
15293,666,1,247.5,247.50000000000003,19,666,1,1,1,3,5.5154428455366835,0.6931471805599453,0,Lost,1,247.5,1
15294,411,1,233.35,233.35,15,411,1,1,1,3,5.456815724368715,0.6931471805599453,0,Lost,1,233.35,1
15295,654,1,217.23999999999998,217.23999999999998,50,654,1,1,1,3,5.3855953746550975,0.6931471805599453,0,Lost,1,217.23999999999998,1
15296,51,12,10342.83,861.9025,342,687,4,5,5,14,9.244145485668538,2.5649493574615367,2,VIP,0,10342.83,12
15297,10,3,641.94,213.98000000000002,30,64,5,3,3,11,6.466051407286527,1.3862943611198906,3,New Customer,0,641.94,3
15298,2,23,9459.37,411.2769565217392,199,731,5,5,5,15,9.154866773331808,3.1780538303479458,2,VIP,0,9459.37,23
15299,67,10,7991.54,799.1540000000001,9,697,3,5,5,13,8.986263885613372,2.3978952727983707,2,VIP,0,7991.54,10
15300,64,1,496.44,496.43999999999994,28,64,3,1,2,6,6.2094749463104435,0.6931471805599453,3,New Customer,0,496.44,1
15301,51,17,7603.4400000000005,447.2611764705883,231,450,4,5,5,14,8.936487566216204,2.8903717578961645,2,VIP,0,7603.4400000000005,17
15302,726,1,308.0,308.0,15,730,1,1,2,4,5.733341276897746,0.6931471805599453,0,Lost,1,308.0,1
15303,290,3,1224.18,408.0600000000001,63,684,2,3,3,8,7.110843050959893,1.3862943611198906,4,At Risk,1,1224.18,3
15304,61,9,919.5500000000001,102.17222222222223,8,422,3,5,3,11,6.824971317503215,2.302585092994046,1,Regular,0,919.5500000000001,9
15305,555,1,93.6,93.6,5,555,1,1,1,3,4.549657476057833,0.6931471805599453,0,Lost,1,93.6,1
15306,64,9,3484.73,387.1922222222222,123,659,3,5,5,13,8.15643277041254,2.302585092994046,1,Regular,0,3484.73,9
15307,96,1,205.3,205.3,12,96,3,1,1,5,5.329331420077207,0.6931471805599453,3,New Customer,0,205.3,1
15308,274,1,310.47,310.46999999999997,19,274,2,1,2,5,5.741303025403381,0.6931471805599453,3,New Customer,1,310.47,1
15309,611,4,797.96,199.49,49,735,1,3,3,7,6.683310881934879,1.6094379124341003,4,At Risk,1,797.96,4
15310,479,1,1634.64,1634.6399999999999,45,479,1,1,4,6,7.399789444048626,0.6931471805599453,4,At Risk,1,1634.64,1
15311,1,46,29730.420199999626,561.3998076923077,864,739,5,5,5,15,10.299959684780548,3.8501476017100584,2,VIP,0,116771.16,208
15312,75,12,2930.19,244.1825,118,724,3,5,4,12,7.983163762901939,2.5649493574615367,2,VIP,0,2930.19,12
15313,110,1,52.0,52.0,1,110,3,1,1,5,3.970291913552122,0.6931471805599453,3,New Customer,0,52.0,1
15314,199,3,820.4499999999999,273.4833333333333,49,428,2,3,3,8,6.711071071352346,1.3862943611198906,4,At Risk,1,820.4499999999999,3
15315,64,2,570.5,285.25000000000006,35,116,3,2,2,7,6.348264483234865,1.0986122886681096,3,New Customer,0,570.5,2
15316,327,1,165.0,165.0,1,327,2,1,1,4,5.111987788356544,0.6931471805599453,0,Lost,1,165.0,1
15317,677,1,129.75,129.75,5,677,1,1,1,3,4.873287102945032,0.6931471805599453,0,Lost,1,129.75,1
15318,4,1,312.62,312.62,33,4,5,1,2,8,5.748182061952885,0.6931471805599453,3,New Customer,0,312.62,1
15319,284,1,204.5,204.5,16,284,2,1,1,4,5.32544603393629,0.6931471805599453,3,New Customer,1,204.5,1
15320,44,1,267.13,267.13000000000005,36,44,4,1,1,6,5.591471937527057,0.6931471805599453,3,New Customer,0,267.13,1
15321,71,12,6709.7300000000005,559.1441666666667,242,675,3,5,5,13,8.811463016894713,2.5649493574615367,2,VIP,0,6709.7300000000005,12
15322,86,2,1390.86,695.4300000000001,76,476,3,2,4,9,7.238396261123746,1.0986122886681096,1,Regular,0,1390.86,2
15323,563,3,434.6,144.86666666666665,29,662,1,3,2,6,6.076724391058805,1.3862943611198906,0,Lost,1,434.6,3
15324,701,1,140.22000000000003,140.22000000000003,8,701,1,1,1,3,4.950318958088201,0.6931471805599453,0,Lost,1,140.22000000000003,1
15325,104,8,1602.01,200.25124999999997,164,661,3,4,4,11,7.379638390893277,2.1972245773362196,1,Regular,0,1602.01,8
15326,334,5,1700.52,340.104,94,738,2,4,4,10,7.43927724820629,1.791759469228055,4,At Risk,1,1700.52,5
15327,53,1,208.75,208.75,10,53,4,1,1,6,5.345916345347316,0.6931471805599453,3,New Customer,0,208.75,1
15328,408,1,107.24,107.24000000000001,8,408,2,1,1,4,4.684350983862532,0.6931471805599453,0,Lost,1,107.24,1
15329,39,11,2984.33,271.3027272727273,98,726,4,5,5,14,8.001465572480015,2.4849066497880004,2,VIP,0,2984.33,11
15330,32,2,714.96,357.47999999999996,10,61,4,2,3,9,6.5736242994783,1.0986122886681096,3,New Customer,0,714.96,2
15331,500,3,767.91,255.97,41,609,1,3,3,7,6.644973927545967,1.3862943611198906,4,At Risk,1,767.91,3
15332,366,6,6553.74,1092.2900000000002,113,513,2,4,5,11,8.787943731032811,1.9459101490553132,4,At Risk,1,6553.74,6
15333,208,1,1028.56,1028.56,16,208,2,1,3,6,6.936886805488385,0.6931471805599453,3,New Customer,1,1028.56,1
15334,157,3,351.67,117.22333333333334,67,173,3,3,2,8,5.8655327755013085,1.3862943611198906,3,New Customer,0,351.67,3
15335,54,1,173.97,173.97,34,54,4,1,1,6,5.164614530656529,0.6931471805599453,3,New Customer,0,173.97,1
15336,402,1,240.5,240.5,15,402,2,1,1,4,5.486869473092628,0.6931471805599453,0,Lost,1,240.5,1
15337,411,1,373.02,373.02,21,411,1,1,2,4,5.924309271920574,0.6931471805599453,0,Lost,1,373.02,1
15338,677,1,283.43,283.42999999999995,56,677,1,1,1,3,5.650487177597977,0.6931471805599453,0,Lost,1,283.43,1
15339,66,7,1827.84,261.12,162,669,3,4,4,11,7.511437165067319,2.0794415416798357,1,Regular,0,1827.84,7
15340,562,1,105.5,105.50000000000001,7,562,1,1,1,3,4.66814498514948,0.6931471805599453,0,Lost,1,105.5,1
15341,81,2,2402.7200000000003,1201.3600000000001,22,449,3,2,4,9,7.784772816325887,1.0986122886681096,1,Regular,0,2402.7200000000003,2
15342,130,1,406.09,406.09,24,130,3,1,2,6,6.0090342912180414,0.6931471805599453,3,New Customer,0,406.09,1
15343,87,1,364.5,364.5,21,87,3,1,2,6,5.901266279189834,0.6931471805599453,3,New Customer,0,364.5,1
15344,1,3,563.94,187.98,21,74,5,3,2,10,6.3367195308171205,1.3862943611198906,3,New Customer,0,563.94,3
15345,46,1,393.54,393.53999999999996,20,46,4,1,2,7,5.9777205293157225,0.6931471805599453,3,New Customer,0,393.54,1
15346,333,3,596.12,198.70666666666668,36,431,2,3,2,7,6.3921180982189245,1.3862943611198906,4,At Risk,1,596.12,3
15347,366,4,1363.6,340.90000000000003,29,438,2,3,4,9,7.2186166243813235,1.6094379124341003,4,At Risk,1,1363.6,4
15348,72,1,158.04,158.04,9,72,3,1,1,5,5.069155742908264,0.6931471805599453,3,New Customer,0,158.04,1
15349,158,2,473.81,236.90499999999997,65,187,3,2,2,7,6.1629147240133015,1.0986122886681096,3,New Customer,0,473.81,2
15350,373,2,663.25,331.6250000000001,26,383,2,2,3,7,6.498658584639923,1.0986122886681096,4,At Risk,1,663.25,2
15351,12,10,3738.29,373.829,201,433,5,5,5,15,8.226651032814573,2.3978952727983707,2,VIP,0,3738.29,10
15352,549,1,114.95,114.95,34,549,1,1,1,3,4.753159063701541,0.6931471805599453,0,Lost,1,114.95,1
15353,255,7,3175.95,453.70714285714286,274,738,2,4,5,11,8.06367689602795,2.0794415416798357,1,Regular,1,3175.95,7
15354,603,3,284.4,94.8,1,603,1,3,1,5,5.653891705042736,1.3862943611198906,0,Lost,1,284.4,3
15355,29,2,277.05,138.52500000000003,9,53,4,2,1,7,5.627800953633573,1.0986122886681096,3,New Customer,0,277.05,2
15356,31,13,3464.95,266.5346153846154,290,422,4,5,5,14,8.150742044320372,2.639057329615259,2,VIP,0,3464.95,13
15358,5,42,17050.41,405.96214285714285,359,733,5,5,5,15,9.74398817723959,3.7612001156935624,2,VIP,0,17050.41,42
15359,663,8,181.35,22.66875,10,694,1,4,1,6,5.205927917254689,2.1972245773362196,0,Lost,1,181.35,8
15360,40,1,427.93,427.92999999999995,13,40,4,1,2,7,6.061293735451147,0.6931471805599453,3,New Customer,0,427.93,1
15361,362,4,689.07,172.2675,10,543,2,3,3,8,6.536793041721038,1.6094379124341003,4,At Risk,1,689.07,4
15362,449,2,613.08,306.53999999999996,38,739,1,2,2,5,6.420125212819335,1.0986122886681096,4,At Risk,1,613.08,2
15363,373,2,1004.11,502.055,32,493,2,2,3,7,6.912852267239981,1.0986122886681096,4,At Risk,1,1004.11,2
15364,96,2,913.19,456.5950000000001,29,254,3,2,3,8,6.818038427312331,1.0986122886681096,3,New Customer,0,913.19,2
15365,26,13,4557.13,350.5484615384616,126,673,4,5,5,14,8.42466773068017,2.639057329615259,2,VIP,0,4557.13,13
15366,75,7,2389.08,341.29714285714283,86,652,3,4,4,11,7.779082117168702,2.0794415416798357,1,Regular,0,2389.08,7
15367,57,11,5081.33,461.9390909090909,214,729,4,5,5,14,8.533525096836854,2.4849066497880004,2,VIP,0,5081.33,11
15368,21,2,722.74,361.37,8,394,4,2,3,9,6.584432211866017,1.0986122886681096,3,New Customer,0,722.74,2
15369,492,11,6251.26,568.2963636363636,44,732,1,5,5,11,8.740698277368923,2.4849066497880004,4,At Risk,1,6251.26,11
15370,41,8,3739.01,467.37625,90,411,4,4,5,13,8.226843564201795,2.1972245773362196,1,Regular,0,3739.01,8
15371,662,1,59.400000000000006,59.400000000000006,1,662,1,1,1,3,4.100989104940769,0.6931471805599453,0,Lost,1,59.400000000000006,1
15372,137,8,6017.06,752.1324999999999,45,664,3,4,5,12,8.702520227230021,2.1972245773362196,2,VIP,0,6017.06,8
15373,8,17,3421.39,201.25823529411767,107,587,5,5,5,15,8.138094416397738,2.8903717578961645,2,VIP,0,3421.39,17
15374,129,2,307.32,153.66,8,625,3,2,2,7,5.731138204666056,1.0986122886681096,3,New Customer,0,307.32,2
15375,690,1,60.959999999999994,60.959999999999994,6,690,1,1,1,3,4.1264890155486675,0.6931471805599453,0,Lost,1,60.959999999999994,1
15376,40,3,1233.3600000000001,411.1199999999999,100,222,4,3,3,10,7.118307896116917,1.3862943611198906,1,Regular,0,1233.3600000000001,3
15377,383,4,1211.75,302.93749999999994,15,416,2,3,3,8,7.100645787125326,1.6094379124341003,4,At Risk,1,1211.75,4
15378,463,2,246.5,123.25,8,502,1,2,1,4,5.511410582008745,1.0986122886681096,0,Lost,1,246.5,2
15379,169,8,4877.84,609.73,177,401,3,4,5,12,8.492662765672868,2.1972245773362196,1,Regular,0,4877.84,8
15380,9,11,3479.0600000000004,316.2781818181819,27,738,5,5,5,15,8.154804813999199,2.4849066497880004,2,VIP,0,3479.0600000000004,11
15381,214,5,1890.5700000000002,378.114,20,583,2,4,4,10,7.545162451054191,1.791759469228055,1,Regular,1,1890.5700000000002,5
15382,15,12,13733.550000000001,1144.4624999999999,315,735,5,5,5,15,9.527669834978457,2.5649493574615367,2,VIP,0,13733.550000000001,12
15384,170,4,2027.79,506.9475000000001,83,593,3,3,4,10,7.615194835208677,1.6094379124341003,1,Regular,0,2027.79,4
15385,40,3,942.08,314.0266666666667,18,677,4,3,3,10,6.849151114666084,1.3862943611198906,1,Regular,0,942.08,3
15386,186,1,394.14,394.14,31,186,3,1,2,6,5.979240132485259,0.6931471805599453,3,New Customer,1,394.14,1
15387,492,1,468.65,468.65,20,492,1,1,2,4,6.151987736440525,0.6931471805599453,0,Lost,1,468.65,1
15388,270,1,140.54,140.54,10,270,2,1,1,4,4.952582362647639,0.6931471805599453,3,New Customer,1,140.54,1
15389,172,5,2733.8,546.76,2,682,3,4,4,11,7.913813586039639,1.791759469228055,1,Regular,0,2733.8,5
15390,396,2,1216.66,608.3300000000002,77,409,2,2,3,7,7.104686263160091,1.0986122886681096,4,At Risk,1,1216.66,2
15391,584,1,289.87,289.87,12,584,1,1,1,3,5.672876431960319,0.6931471805599453,0,Lost,1,289.87,1
15392,5,7,2911.62,415.94571428571425,100,432,5,4,4,13,7.976808298741926,2.0794415416798357,1,Regular,0,2911.62,7
15393,16,5,891.34,178.26799999999997,37,724,5,4,3,12,6.793847225874017,1.791759469228055,1,Regular,0,891.34,5
15394,10,11,5286.8,480.61818181818194,129,724,5,5,5,15,8.57315755933367,2.4849066497880004,2,VIP,0,5286.8,11
15395,326,1,107.45,107.45000000000002,7,326,2,1,1,4,4.6862892372728835,0.6931471805599453,0,Lost,1,107.45,1
15396,113,2,796.38,398.19,16,584,3,2,3,8,6.681331353117785,1.0986122886681096,3,New Customer,0,796.38,2
15397,290,1,94.0,94.0,6,290,2,1,1,4,4.553876891600541,0.6931471805599453,0,Lost,1,94.0,1
15398,16,2,1345.53,672.7650000000001,60,78,5,2,4,11,7.2052861919886055,1.0986122886681096,1,Regular,0,1345.53,2
15399,1,3,815.77,271.92333333333335,45,79,5,3,3,11,6.705357537478585,1.3862943611198906,1,Regular,0,815.77,3
15400,92,8,1302.3,162.78750000000002,16,561,3,4,4,11,7.172654788536674,2.1972245773362196,1,Regular,0,1302.3,8
15401,452,2,216.95000000000002,108.47499999999998,14,569,1,2,1,4,5.384265678684402,1.0986122886681096,0,Lost,1,216.95000000000002,2
15402,149,6,1830.54,305.09,79,592,3,4,4,11,7.512912422002219,1.9459101490553132,1,Regular,0,1830.54,6
15403,492,2,170.88,85.44,6,731,1,2,1,4,5.146796558906795,1.0986122886681096,0,Lost,1,170.88,2
15404,376,1,257.06,257.06,16,376,2,1,1,4,5.5531921160237,0.6931471805599453,0,Lost,1,257.06,1
15405,189,2,659.84,329.92,29,576,3,2,3,8,6.493511753062391,1.0986122886681096,3,New Customer,1,659.84,2
15406,31,4,975.87,243.96750000000003,108,453,4,3,3,10,6.884353582800518,1.6094379124341003,1,Regular,0,975.87,4
15407,34,4,1056.44,264.11,142,305,4,3,3,10,6.963606171722143,1.6094379124341003,1,Regular,0,1056.44,4
15408,264,1,267.18,267.18,34,264,2,1,1,4,5.591658396851496,0.6931471805599453,3,New Customer,1,267.18,1
15409,721,1,131.25,131.25,9,721,1,1,1,3,4.8846940707384086,0.6931471805599453,0,Lost,1,131.25,1
15410,84,10,4685.72,468.5720000000001,80,600,3,5,5,13,8.45248825643265,2.3978952727983707,2,VIP,0,4685.72,10
15411,26,4,1358.88,339.72,86,183,4,3,4,11,7.215151739543018,1.6094379124341003,1,Regular,0,1358.88,4
15412,171,1,190.53,190.53,10,171,3,1,1,5,5.25504445431457,0.6931471805599453,3,New Customer,0,190.53,1
15413,692,5,6798.72,1359.7440000000001,20,739,1,4,5,10,8.824636713845836,1.791759469228055,4,At Risk,1,6798.72,5
15414,10,3,774.9000000000001,258.3,37,242,5,3,3,11,6.654023645899904,1.3862943611198906,1,Regular,0,774.9000000000001,3
15415,313,1,572.8100000000001,572.81,46,313,2,1,2,5,6.3522983310705525,0.6931471805599453,4,At Risk,1,572.8100000000001,1
15416,65,7,4572.82,653.26,189,677,3,4,5,12,8.428104020944367,2.0794415416798357,1,Regular,0,4572.82,7
15417,85,1,508.8,508.80000000000007,28,85,3,1,2,6,6.234018491942015,0.6931471805599453,3,New Customer,0,508.8,1
15418,425,2,452.32,226.16,64,587,1,2,2,5,6.116598277864748,1.0986122886681096,4,At Risk,1,452.32,2
15419,25,1,135.86,135.85999999999999,8,25,4,1,1,6,4.918958505524352,0.6931471805599453,3,New Customer,0,135.86,1
15420,434,6,743.0,123.83333333333333,52,734,1,4,3,8,6.612041034833092,1.9459101490553132,4,At Risk,1,743.0,6
15421,59,10,3805.34,380.534,170,732,4,5,5,14,8.244423376498858,2.3978952727983707,2,VIP,0,3805.34,10
15422,323,7,1619.97,231.42428571428576,80,671,2,4,4,10,7.390780014470032,2.0794415416798357,4,At Risk,1,1619.97,7
15423,38,3,266.89,88.96333333333332,13,621,4,3,1,8,5.590576448492924,1.3862943611198906,3,New Customer,0,266.89,3
15424,254,3,597.78,199.26,33,463,2,3,2,7,6.394894251854076,1.3862943611198906,4,At Risk,1,597.78,3
15425,400,4,1944.57,486.1425,114,664,2,3,4,9,7.573310272245073,1.6094379124341003,4,At Risk,1,1944.57,4
15426,19,9,2615.39,290.59888888888895,327,586,5,5,4,14,7.869550784034195,2.302585092994046,1,Regular,0,2615.39,9
15427,33,3,1483.14,494.38000000000005,233,47,4,3,4,11,7.302590758900265,1.3862943611198906,1,Regular,0,1483.14,3
15428,15,4,762.75,190.68750000000006,39,722,5,3,3,11,6.638240510485805,1.6094379124341003,1,Regular,0,762.75,4
15429,27,2,397.35,198.675,77,75,4,2,2,8,5.987331015826375,1.0986122886681096,3,New Customer,0,397.35,2
15430,468,2,954.75,477.37499999999994,36,528,1,2,3,6,6.862496372576522,1.0986122886681096,4,At Risk,1,954.75,2
15431,503,1,153.24,153.24,2,503,1,1,1,3,5.038509830862235,0.6931471805599453,0,Lost,1,153.24,1
15432,23,2,320.76,160.38,16,541,4,2,2,8,5.773805926024342,1.0986122886681096,3,New Customer,0,320.76,2
15433,214,2,533.3,266.65,40,267,2,2,2,6,6.2809574789637255,1.0986122886681096,3,New Customer,1,533.3,2
15434,8,11,2567.06,233.36909090909086,82,684,5,5,4,14,7.850906029022887,2.4849066497880004,2,VIP,0,2567.06,11
15435,22,1,149.29,149.29000000000002,29,22,4,1,1,6,5.012566760946003,0.6931471805599453,3,New Customer,0,149.29,1
15436,12,3,1122.53,374.17666666666673,243,234,5,3,3,11,7.024230793538577,1.3862943611198906,1,Regular,0,1122.53,3
15437,262,2,393.45,196.72499999999997,56,641,2,2,2,6,5.977492389541099,1.0986122886681096,3,New Customer,1,393.45,2
15438,131,1,156.57999999999998,156.57999999999998,25,131,3,1,1,5,5.059933265817542,0.6931471805599453,3,New Customer,0,156.57999999999998,1
15439,405,4,1269.05,317.26249999999993,49,654,2,3,4,9,7.1468115487563955,1.6094379124341003,4,At Risk,1,1269.05,4
15440,55,3,383.68,127.89333333333333,50,209,4,3,2,9,5.952411819844281,1.3862943611198906,3,New Customer,0,383.68,3
15441,396,3,1254.21,418.0700000000001,45,730,2,3,4,9,7.135058168244959,1.3862943611198906,4,At Risk,1,1254.21,3
15442,249,1,594.0,594.0,2,249,2,1,2,5,6.38856140554563,0.6931471805599453,3,New Customer,1,594.0,1
15443,2,14,5175.93,369.7092857142857,408,643,5,5,5,15,8.55196749546608,2.70805020110221,2,VIP,0,5175.93,14
15444,9,2,1418.26,709.1300000000001,191,40,5,2,4,11,7.257890888001,1.0986122886681096,1,Regular,0,1418.26,2
15445,264,2,284.5,142.25,12,590,2,2,1,5,5.654242029096065,1.0986122886681096,3,New Customer,1,284.5,2
15446,377,3,406.95,135.65,90,726,2,3,2,7,6.011144617874809,1.3862943611198906,4,At Risk,1,406.95,3
15447,331,5,492.88,98.576,27,625,2,4,2,8,6.202292572699543,1.791759469228055,4,At Risk,1,492.88,5
15448,313,2,788.81,394.405,49,674,2,2,3,7,6.671792410205668,1.0986122886681096,4,At Risk,1,788.81,2
15449,26,3,974.52,324.84000000000003,47,262,4,3,3,10,6.882970662159506,1.3862943611198906,1,Regular,0,974.52,3
15450,30,1,429.84,429.84,30,30,4,1,2,7,6.0657367914825695,0.6931471805599453,3,New Customer,0,429.84,1
15451,434,2,233.21,116.60499999999999,56,599,1,2,1,4,5.45621814880031,1.0986122886681096,0,Lost,1,233.21,2
15452,30,6,1799.1100000000001,299.85166666666663,158,511,4,4,4,12,7.49560305312816,1.9459101490553132,1,Regular,0,1799.1100000000001,6
15453,2,7,1388.37,198.3385714285714,169,188,5,4,4,13,7.236605685971544,2.0794415416798357,1,Regular,0,1388.37,7
15454,362,2,307.69,153.84499999999997,35,618,2,2,2,6,5.732337537073475,1.0986122886681096,0,Lost,1,307.69,2
15455,598,1,38.25,38.25,2,598,1,1,1,3,3.6699514442284173,0.6931471805599453,0,Lost,1,38.25,1
15456,283,10,2119.27,211.927,128,731,2,5,4,11,7.6592987180472205,2.3978952727983707,1,Regular,1,2119.27,10
15457,262,1,237.07,237.07,56,262,2,1,1,4,5.472564748074418,0.6931471805599453,3,New Customer,1,237.07,1
15458,25,2,370.43999999999994,185.21999999999997,13,402,4,2,2,8,5.917387343711666,1.0986122886681096,3,New Customer,0,370.43999999999994,2
15459,417,2,202.82999999999998,101.415,6,497,1,2,1,4,5.3172863130956385,1.0986122886681096,0,Lost,1,202.82999999999998,2
15460,354,1,216.76,216.76,53,354,2,1,1,4,5.383393538903156,0.6931471805599453,0,Lost,1,216.76,1
15461,461,2,429.7,214.85,1,632,1,2,2,5,6.065411792060065,1.0986122886681096,0,Lost,1,429.7,2
15462,94,4,737.05,184.2625,32,446,3,3,3,9,6.604011572983006,1.6094379124341003,1,Regular,0,737.05,4
15463,29,1,126.14,126.14,7,29,4,1,1,6,4.845288841508263,0.6931471805599453,3,New Customer,0,126.14,1
15464,338,1,1048.85,1048.85,155,338,2,1,3,6,6.956402575803658,0.6931471805599453,4,At Risk,1,1048.85,1
15465,20,32,12655.65,395.4890625,94,730,4,5,5,14,9.445938047727795,3.4965075614664802,2,VIP,0,12655.65,32
15466,85,4,1571.01,392.7525,211,737,3,3,4,10,7.360110334292074,1.6094379124341003,1,Regular,0,1571.01,4
15467,9,3,524.88,174.96,41,152,5,3,2,10,6.265073049828404,1.3862943611198906,3,New Customer,0,524.88,3
15468,51,3,1430.48,476.82666666666665,80,393,4,3,4,11,7.266464153081855,1.3862943611198906,1,Regular,0,1430.48,3
15469,50,3,874.25,291.4166666666667,38,439,4,3,3,10,6.774509559834775,1.3862943611198906,1,Regular,0,874.25,3
15470,576,1,63.419999999999995,63.419999999999995,4,576,1,1,1,3,4.165424143903053,0.6931471805599453,0,Lost,1,63.419999999999995,1
15471,2,3,1316.56,438.8533333333333,122,551,5,3,4,12,7.18353682017553,1.3862943611198906,1,Regular,0,1316.56,3
15472,113,1,371.56,371.5600000000001,76,113,3,1,2,6,5.920398098674122,0.6931471805599453,3,New Customer,0,371.56,1
15473,14,8,2046.0,255.75,5,445,5,4,4,13,7.624130585661289,2.1972245773362196,1,Regular,0,2046.0,8
15474,596,1,163.1,163.1,19,596,1,1,1,3,5.100475998096045,0.6931471805599453,0,Lost,1,163.1,1
15475,77,1,454.10999999999996,454.10999999999996,29,77,3,1,2,6,6.120539147973894,0.6931471805599453,3,New Customer,0,454.10999999999996,1
15476,380,4,2209.98,552.4949999999999,67,442,2,3,4,9,7.701191135135846,1.6094379124341003,4,At Risk,1,2209.98,4
15477,650,1,368.4,368.4,2,650,1,1,2,4,5.911880067765139,0.6931471805599453,0,Lost,1,368.4,1
15478,40,3,2024.98,674.9933333333332,53,575,4,3,4,11,7.613808813091591,1.3862943611198906,1,Regular,0,2024.98,3
15479,726,1,147.4,147.4,9,733,1,1,1,3,4.99991133073328,0.6931471805599453,0,Lost,1,147.4,1
15480,116,5,6279.0,1255.8,199,676,3,4,5,12,8.745125259462244,1.791759469228055,1,Regular,0,6279.0,5
15481,401,1,1993.34,1993.3400000000001,38,401,2,1,4,7,7.598068447520948,0.6931471805599453,4,At Risk,1,1993.34,1
15482,16,19,14592.56,768.0294736842106,74,737,5,5,5,15,9.588335614494607,2.995732273553991,2,VIP,0,14592.56,19
15483,161,10,862.2,86.22,216,684,3,5,3,11,6.760646413943925,2.3978952727983707,1,Regular,0,862.2,10
15484,1,6,4656.0,776.0,180,734,5,4,5,14,8.446126742982377,1.9459101490553132,1,Regular,0,4656.0,6
15485,30,7,5771.51,824.5014285714286,80,738,4,4,5,13,8.660862273578818,2.0794415416798357,1,Regular,0,5771.51,7
15486,527,1,102.0,102.0,1,527,1,1,1,3,4.634728988229636,0.6931471805599453,0,Lost,1,102.0,1
15487,680,1,231.32,231.32000000000002,14,680,1,1,1,3,5.448115731636431,0.6931471805599453,0,Lost,1,231.32,1
15488,93,5,431.92,86.384,10,583,3,4,2,9,6.070552953426946,1.791759469228055,1,Regular,0,431.92,5
15489,23,8,2419.61,302.45125,75,693,4,4,4,12,7.791774853503108,2.1972245773362196,1,Regular,0,2419.61,8
15490,430,1,217.6,217.6,22,430,1,1,1,3,5.387243575742438,0.6931471805599453,0,Lost,1,217.6,1
15491,95,6,3100.09,516.6816666666667,108,236,3,4,5,12,8.039508941575132,1.9459101490553132,1,Regular,0,3100.09,6
15492,28,2,659.4599999999999,329.7299999999999,32,74,4,2,3,9,6.492936561946857,1.0986122886681096,3,New Customer,0,659.4599999999999,2
15493,33,9,4314.9800000000005,479.4422222222222,289,655,4,5,5,14,8.370079692446993,2.302585092994046,2,VIP,0,4314.9800000000005,9
15494,21,5,3780.05,756.01,307,729,4,4,5,13,8.237757027818308,1.791759469228055,1,Regular,0,3780.05,5
15495,379,1,246.5,246.5,20,379,2,1,1,4,5.511410582008745,0.6931471805599453,0,Lost,1,246.5,1
15496,631,1,146.14000000000001,146.14000000000001,22,631,1,1,1,3,4.9913845145041185,0.6931471805599453,0,Lost,1,146.14000000000001,1
15497,18,9,8657.39,961.9322222222222,66,721,5,5,5,15,9.066284072032474,2.302585092994046,2,VIP,0,8657.39,9
15498,3,44,26039.58,591.8086363636363,597,723,5,5,5,15,10.167411369499955,3.8066624897703196,2,VIP,0,26039.58,44
15499,724,1,161.6,161.59999999999997,40,724,1,1,1,3,5.0912931971137105,0.6931471805599453,0,Lost,1,161.6,1
15500,8,4,1131.56,282.89000000000004,64,81,5,3,3,11,7.032235836086242,1.6094379124341003,1,Regular,0,1131.56,4
15501,405,2,402.5,201.24999999999997,64,416,2,2,2,6,6.000176487710004,1.0986122886681096,4,At Risk,1,402.5,2
15502,16,14,13993.47,999.5335714285712,231,555,5,5,5,15,9.546417530564346,2.70805020110221,2,VIP,0,13993.47,14
15503,363,2,267.15,133.57500000000002,112,727,2,2,1,5,5.591546525428934,1.0986122886681096,0,Lost,1,267.15,2
15504,81,4,423.85,105.9625,42,666,3,3,2,8,6.05173616544955,1.6094379124341003,3,New Customer,0,423.85,4
15505,53,5,3610.96,722.192,90,155,4,4,5,13,8.192005840278435,1.791759469228055,1,Regular,0,3610.96,5
15506,23,6,2040.03,340.00499999999994,180,478,4,4,4,12,7.621209861378939,1.9459101490553132,1,Regular,0,2040.03,6
15507,172,1,492.36,492.36000000000007,41,172,3,1,2,6,6.201239130683238,0.6931471805599453,3,New Customer,0,492.36,1
15508,189,6,1000.27,166.71166666666667,78,235,3,4,3,10,6.909024473214282,1.9459101490553132,1,Regular,1,1000.27,6
15509,380,1,166.51,166.50999999999996,26,380,2,1,1,4,5.1210430509755955,0.6931471805599453,0,Lost,1,166.51,1
15510,331,1,250.0,250.0,1,331,2,1,1,4,5.5254529391317835,0.6931471805599453,0,Lost,1,250.0,1
15511,12,5,909.23,181.846,117,85,5,4,3,12,6.813697314828437,1.791759469228055,1,Regular,0,909.23,5
15512,156,4,331.58,82.89500000000001,29,676,3,3,2,8,5.806880432659768,1.6094379124341003,3,New Customer,0,331.58,4
15513,33,35,27750.55,792.872857142857,278,695,4,5,5,14,10.231046973470557,3.58351893845611,2,VIP,0,27750.55,35
15514,12,18,6598.55,366.5861111111111,171,735,5,5,5,15,8.794756743871849,2.9444389791664403,2,VIP,0,6598.55,18
15515,387,1,171.81,171.80999999999997,7,387,2,1,1,4,5.1521927250659,0.6931471805599453,0,Lost,1,171.81,1
15516,45,3,62.43,20.81,15,47,4,3,1,8,4.149936935645806,1.3862943611198906,3,New Customer,0,62.43,3
15517,233,1,267.03,267.03000000000003,27,233,2,1,1,4,5.591098914544516,0.6931471805599453,3,New Customer,1,267.03,1
15518,64,15,4218.94,281.26266666666663,250,720,3,5,5,13,8.347576188919502,2.772588722239781,2,VIP,0,4218.94,15
15519,383,2,344.61,172.305,34,446,2,2,2,6,5.845310971696471,1.0986122886681096,4,At Risk,1,344.61,2
15520,2,1,343.5,343.5,18,2,5,1,2,8,5.842094090453713,0.6931471805599453,3,New Customer,0,343.5,1
15521,40,16,7106.69,444.16812500000003,186,704,4,5,5,14,8.868932575492861,2.833213344056216,2,VIP,0,7106.69,16
15522,33,2,398.84,199.42000000000002,47,88,4,2,2,8,5.991064467086642,1.0986122886681096,3,New Customer,0,398.84,2
15523,84,16,17359.99,1084.9993749999999,65,737,3,5,5,13,9.761981014238096,2.833213344056216,2,VIP,0,17359.99,16
15524,25,2,591.4,295.7,9,607,4,2,2,8,6.384182082393644,1.0986122886681096,3,New Customer,0,591.4,2
15525,2,4,1295.7,323.92499999999995,152,383,5,3,4,12,7.167577854554839,1.6094379124341003,1,Regular,0,1295.7,4
15526,33,2,148.44,74.22,4,33,4,2,1,7,5.006894974480533,1.0986122886681096,3,New Customer,0,148.44,2
15527,19,23,5575.64,242.41913043478257,226,724,5,5,5,15,8.626341723472278,3.1780538303479458,2,VIP,0,5575.64,23
15528,254,1,229.33,229.32999999999998,26,254,2,1,1,4,5.4395130632148145,0.6931471805599453,3,New Customer,1,229.33,1
15529,23,12,5111.95,425.99583333333334,451,394,4,5,5,14,8.539531816037465,2.5649493574615367,2,VIP,0,5111.95,12
15530,22,5,1813.72,362.744,111,513,4,4,4,12,7.503686464825663,1.791759469228055,1,Regular,0,1813.72,5
15531,8,2,2007.44,1003.7199999999998,196,30,5,2,4,11,7.605113580313547,1.0986122886681096,1,Regular,0,2007.44,2
15532,25,10,3771.9,377.19000000000005,417,549,4,5,5,14,8.235599215504934,2.3978952727983707,2,VIP,0,3771.9,10
15533,19,3,807.57,269.19,73,89,5,3,3,11,6.695267255355902,1.3862943611198906,1,Regular,0,807.57,3
15534,726,1,162.25,162.25,8,726,1,1,1,3,5.09528276815654,0.6931471805599453,0,Lost,1,162.25,1
15535,173,6,1087.82,181.3033333333333,88,449,3,4,3,10,6.992849820014987,1.9459101490553132,1,Regular,0,1087.82,6
15536,409,1,259.09,259.09,16,409,2,1,1,4,5.561027724964261,0.6931471805599453,0,Lost,1,259.09,1
15537,163,1,110.92,110.92000000000002,24,163,3,1,1,5,4.717784330357226,0.6931471805599453,3,New Customer,0,110.92,1
15538,538,6,3358.3999999999996,559.7333333333333,3,664,1,4,5,10,8.119517665582903,1.9459101490553132,4,At Risk,1,3358.3999999999996,6
15539,7,1,538.46,538.46,41,7,5,1,2,8,6.290568639224737,0.6931471805599453,3,New Customer,0,538.46,1
15540,11,2,460.68,230.34,31,376,5,2,2,9,6.134872010402711,1.0986122886681096,3,New Customer,0,460.68,2
15541,114,1,85.13000000000001,85.13,29,114,3,1,1,5,4.455857782801083,0.6931471805599453,3,New Customer,0,85.13000000000001,1
15542,512,3,918.45,306.15,212,738,1,3,3,7,6.823775665186862,1.3862943611198906,4,At Risk,1,918.45,3
15543,288,2,242.84,121.42000000000002,50,460,2,2,1,5,5.496512272498282,1.0986122886681096,3,New Customer,1,242.84,2
15544,9,20,8162.43,408.1215,175,680,5,5,5,15,9.00741970277598,3.044522437723423,2,VIP,0,8162.43,20
15545,54,2,428.05,214.02499999999998,78,371,4,2,2,8,6.06157346225313,1.0986122886681096,3,New Customer,0,428.05,2
15546,607,2,1079.1000000000001,539.55,6,607,1,2,3,6,6.984808908424428,1.0986122886681096,4,At Risk,1,1079.1000000000001,2
15547,7,26,10154.39,390.55346153846153,652,733,5,5,5,15,9.225759878003778,3.295836866004329,2,VIP,0,10154.39,26
15548,596,1,158.09,158.08999999999997,23,596,1,1,1,3,5.069470079817148,0.6931471805599453,0,Lost,1,158.09,1
15549,77,8,2345.96,293.245,139,697,3,4,4,11,7.76087615267213,2.1972245773362196,1,Regular,0,2345.96,8
15550,4,12,2218.8,184.9,166,736,5,5,4,14,7.70517238071788,2.5649493574615367,2,VIP,0,2218.8,12
15551,37,7,1710.08,244.29714285714286,117,550,4,4,4,12,7.444880029082028,2.0794415416798357,1,Regular,0,1710.08,7
15552,217,2,252.52,126.26,29,623,2,2,1,5,5.535442715382666,1.0986122886681096,3,New Customer,1,252.52,2
15553,60,1,437.23,437.23,51,60,3,1,2,6,6.082743886707506,0.6931471805599453,3,New Customer,0,437.23,1
15554,278,1,217.2,217.2,14,278,2,1,1,4,5.38541207339897,0.6931471805599453,3,New Customer,1,217.2,1
15555,12,36,12112.35,336.45416666666665,667,734,5,5,5,15,9.402063429175437,3.6109179126442243,2,VIP,0,12112.35,36
15556,24,1,279.77,279.77,31,24,4,1,1,6,5.637535828837275,0.6931471805599453,3,New Customer,0,279.77,1
15557,29,1,473.65000000000003,473.65,16,29,4,1,2,7,6.162577690327808,0.6931471805599453,3,New Customer,0,473.65000000000003,1
15558,639,1,214.13,214.13000000000002,23,639,1,1,1,3,5.371242496562593,0.6931471805599453,0,Lost,1,214.13,1
15559,568,1,1109.4,1109.3999999999999,62,568,1,1,3,5,7.01247558975254,0.6931471805599453,4,At Risk,1,1109.4,1
15560,398,2,153.52,76.75999999999999,10,398,2,2,1,5,5.040323537798081,1.0986122886681096,0,Lost,1,153.52,2
15561,12,8,1934.3899999999999,241.79875,65,664,5,4,4,13,7.568064135542929,2.1972245773362196,1,Regular,0,1934.3899999999999,8
15562,352,3,673.3800000000001,224.46000000000004,32,726,2,3,3,8,6.513793750257388,1.3862943611198906,4,At Risk,1,673.3800000000001,3
15563,22,7,2867.0,409.57142857142856,179,681,4,4,4,12,7.961370201719511,2.0794415416798357,1,Regular,0,2867.0,7
15564,463,2,70.74000000000001,35.370000000000005,4,676,1,2,1,4,4.273048472104136,1.0986122886681096,0,Lost,1,70.74000000000001,2
15565,50,2,173.16,86.58000000000001,8,71,4,2,1,7,5.159974416926292,1.0986122886681096,3,New Customer,0,173.16,2
15566,393,2,227.87,113.93500000000002,9,724,2,2,1,5,5.4331541567702475,1.0986122886681096,0,Lost,1,227.87,2
15567,19,1,186.01,186.01000000000002,7,19,5,1,1,7,5.231162091360629,0.6931471805599453,3,New Customer,0,186.01,1
15568,3,3,758.29,252.76333333333332,27,73,5,3,3,11,6.6323837861074395,1.3862943611198906,1,Regular,0,758.29,3
15569,104,10,3586.35,358.635,123,650,3,5,5,13,8.185169047347047,2.3978952727983707,2,VIP,0,3586.35,10
15570,7,25,9311.04,372.44160000000005,442,621,5,5,5,15,9.13906346549464,3.258096538021482,2,VIP,0,9311.04,25
15571,12,14,4051.63,289.40214285714285,442,734,5,5,5,15,8.307121332058914,2.70805020110221,2,VIP,0,4051.63,14
15572,5,10,4068.67,406.867,259,604,5,5,5,15,8.31131719406831,2.3978952727983707,2,VIP,0,4068.67,10
15573,32,5,1207.18,241.436,181,729,4,4,3,11,7.096870374016893,1.791759469228055,1,Regular,0,1207.18,5
15574,178,6,1518.7,253.11666666666665,191,464,3,4,4,11,7.326268225939559,1.9459101490553132,1,Regular,0,1518.7,6
15575,620,1,30.1,30.1,3,620,1,1,1,3,3.4372078191851885,0.6931471805599453,0,Lost,1,30.1,1
15576,38,1,940.6700000000001,940.6700000000001,43,38,4,1,3,8,6.8476548947291755,0.6931471805599453,3,New Customer,0,940.6700000000001,1
15577,151,5,397.98,79.59599999999999,58,726,3,4,2,9,5.988911290320265,1.791759469228055,3,New Customer,0,397.98,5
15578,162,1,127.1,127.1,13,162,3,1,1,5,4.852811208902689,0.6931471805599453,3,New Customer,0,127.1,1
15579,69,5,1302.5,260.5,140,432,3,4,4,11,7.172808233373557,1.791759469228055,1,Regular,0,1302.5,5
15580,377,8,1381.19,172.64874999999998,150,671,2,4,4,10,7.231424476788119,2.1972245773362196,4,At Risk,1,1381.19,8
15581,121,38,7794.59,205.12078947368423,542,738,3,5,5,13,8.961313468172147,3.6635616461296463,2,VIP,0,7794.59,38
15582,25,3,682.9100000000001,227.63666666666668,39,220,4,3,3,10,6.527826330017913,1.3862943611198906,3,New Customer,0,682.9100000000001,3
15583,376,1,107.86,107.86000000000001,37,376,2,1,1,4,4.690062653006054,0.6931471805599453,0,Lost,1,107.86,1
15584,24,6,1277.5,212.91666666666666,174,671,4,4,4,12,7.153442794731241,1.9459101490553132,1,Regular,0,1277.5,6
15585,177,1,455.3,455.29999999999995,31,177,3,1,2,6,6.123150487933357,0.6931471805599453,3,New Customer,0,455.3,1
15586,593,3,1139.1,379.7,30,701,1,3,3,7,7.038871256839674,1.3862943611198906,4,At Risk,1,1139.1,3
15587,50,7,1522.0800000000002,217.4399999999999,3,492,4,4,4,12,7.3284898794210696,2.0794415416798357,1,Regular,0,1522.0800000000002,7
15588,678,1,579.6,579.6,4,678,1,1,2,4,6.36406205159053,0.6931471805599453,0,Lost,1,579.6,1
15589,256,3,478.53000000000003,159.51,28,311,2,3,2,7,6.172806457538428,1.3862943611198906,4,At Risk,1,478.53000000000003,3
15590,382,5,1496.6,299.32,75,607,2,4,4,10,7.311619105723327,1.791759469228055,4,At Risk,1,1496.6,5
15591,583,3,217.9,72.63333333333334,6,674,1,3,1,5,5.388615004528817,1.3862943611198906,0,Lost,1,217.9,3
15592,47,1,388.58,388.58,24,47,4,1,2,7,5.965069235748451,0.6931471805599453,3,New Customer,0,388.58,1
15593,71,1,199.8,199.8,5,71,3,1,1,5,5.302309387817574,0.6931471805599453,3,New Customer,0,199.8,1
15594,16,5,1771.78,354.35600000000005,85,235,5,4,4,13,7.48030421490088,1.791759469228055,1,Regular,0,1771.78,5
15595,488,1,357.6,357.6,4,488,1,1,2,4,5.8822075611710325,0.6931471805599453,0,Lost,1,357.6,1
15596,101,9,3130.04,347.78222222222223,82,500,3,5,5,13,8.049120496715895,2.302585092994046,1,Regular,0,3130.04,9
15597,35,2,563.37,281.685,35,575,4,2,2,8,6.335710064774309,1.0986122886681096,3,New Customer,0,563.37,2
15598,53,2,548.02,274.01,32,428,4,2,2,8,6.308134870718474,1.0986122886681096,3,New Customer,0,548.02,2
15599,27,3,1250.06,416.68666666666667,77,446,4,3,4,11,7.131746470947484,1.3862943611198906,1,Regular,0,1250.06,3
15600,428,4,1199.31,299.8275,55,594,1,3,3,7,7.090335135747115,1.6094379124341003,4,At Risk,1,1199.31,4
15601,11,30,14960.12,498.67066666666665,310,738,5,5,5,15,9.613210115036287,3.4339872044851463,2,VIP,0,14960.12,30
15602,8,16,3230.51,201.90687499999999,62,738,5,5,5,15,8.080704799236303,2.833213344056216,2,VIP,0,3230.51,16
15603,79,2,88.48,44.24,4,648,3,2,1,6,4.494015136621929,1.0986122886681096,3,New Customer,0,88.48,2
15604,52,1,216.39,216.39,17,52,4,1,1,6,5.381692975469088,0.6931471805599453,3,New Customer,0,216.39,1
15605,36,9,1936.8,215.2,80,694,4,5,4,13,7.5693085879509034,2.302585092994046,1,Regular,0,1936.8,9
15606,61,17,5230.99,307.70529411764704,84,647,3,5,5,13,8.562546981820223,2.8903717578961645,2,VIP,0,5230.99,17
15607,337,9,1708.97,189.88555555555556,95,701,2,5,4,11,7.444231105483161,2.302585092994046,4,At Risk,1,1708.97,9
15608,28,5,1785.98,357.196,93,416,4,4,4,12,7.488282323154996,1.791759469228055,1,Regular,0,1785.98,5
15609,184,1,298.48,298.48,16,184,3,1,2,6,5.702047637362485,0.6931471805599453,3,New Customer,1,298.48,1
15610,52,1,112.46000000000001,112.46,6,52,4,1,1,6,4.731450351898421,0.6931471805599453,3,New Customer,0,112.46000000000001,1
15611,10,26,2997.28,115.27999999999999,43,683,5,5,5,15,8.00579406989851,3.295836866004329,2,VIP,0,2997.28,26
15612,36,2,195.15,97.575,4,62,4,2,1,7,5.278879672655561,1.0986122886681096,3,New Customer,0,195.15,2
15613,610,1,433.71999999999997,433.72,27,610,1,1,2,4,6.074702145678038,0.6931471805599453,0,Lost,1,433.71999999999997,1
15614,438,4,3147.36,786.84,73,627,1,3,5,9,8.054636961321624,1.6094379124341003,4,At Risk,1,3147.36,4
15615,10,46,21373.97,454.7653191489362,292,737,5,5,5,15,9.969975890295204,3.8501476017100584,2,VIP,0,21373.97,47
15616,438,1,317.11,317.11,13,438,1,1,2,4,5.762397234916117,0.6931471805599453,0,Lost,1,317.11,1
15617,396,3,828.5500000000001,276.18333333333334,41,507,2,3,3,8,6.720883385089365,1.3862943611198906,4,At Risk,1,828.5500000000001,3
15618,33,4,776.851,194.21275000000006,39,137,4,3,3,10,6.656534989127213,1.6094379124341003,1,Regular,0,776.851,4
15619,11,1,336.40000000000003,336.40000000000003,3,11,5,1,2,8,5.821269170111868,0.6931471805599453,3,New Customer,0,336.40000000000003,1
15620,57,4,1942.36,485.59000000000003,114,410,4,3,4,11,7.57217371270921,1.6094379124341003,1,Regular,0,1942.36,4
15621,4,4,1293.03,323.2575,11,22,5,3,4,12,7.165516658717914,1.6094379124341003,1,Regular,0,1293.03,4
15622,43,17,7852.61,461.91823529411755,331,646,4,5,5,14,8.968728577678917,2.8903717578961645,2,VIP,0,7852.61,17
15623,141,8,2437.05,304.6312500000001,91,729,3,4,4,11,7.798953818444536,2.1972245773362196,1,Regular,0,2437.05,8
15624,117,4,588.13,147.0325,26,256,3,3,2,8,6.3786468723710446,1.6094379124341003,1,Regular,0,588.13,4
15625,104,9,3236.4,359.6,106,542,3,5,5,13,8.08252581749986,2.302585092994046,1,Regular,0,3236.4,9
15626,75,3,1067.52,355.8400000000001,73,421,3,3,3,9,6.9740297924127574,1.3862943611198906,1,Regular,0,1067.52,3
15627,457,2,566.9,283.45,23,523,1,2,2,5,6.341945346883387,1.0986122886681096,4,At Risk,1,566.9,2
15628,5,17,5652.26,332.4858823529412,136,726,5,5,5,15,8.639987648895538,2.8903717578961645,2,VIP,0,5652.26,17
15629,450,4,2240.9,560.2250000000001,39,533,1,3,4,8,7.715078999604354,1.6094379124341003,4,At Risk,1,2240.9,4
15630,45,3,1481.4,493.8,76,644,4,3,4,11,7.30141767497115,1.3862943611198906,1,Regular,0,1481.4,3
15631,642,1,596.67,596.6700000000001,39,642,1,1,2,4,6.393038762166311,0.6931471805599453,0,Lost,1,596.67,1
15632,16,8,3285.31,410.66375000000005,107,275,5,4,5,14,8.097520633770152,2.1972245773362196,1,Regular,0,3285.31,8
15633,509,13,4352.46,334.8046153846154,77,731,1,5,5,11,8.378726210216813,2.639057329615259,4,At Risk,1,4352.46,13
15634,17,2,554.65,277.32500000000005,34,383,5,2,2,9,6.3201385996316555,1.0986122886681096,3,New Customer,0,554.65,2
15635,396,1,100.35,100.35,2,396,2,1,1,4,4.6185798728980085,0.6931471805599453,0,Lost,1,100.35,1
15636,90,4,1444.58,361.1450000000001,39,570,3,3,4,10,7.276265904096536,1.6094379124341003,1,Regular,0,1444.58,4
15637,53,5,797.59,159.518,37,724,4,4,3,11,6.682847672637373,1.791759469228055,1,Regular,0,797.59,5
15638,379,6,2265.2,377.5333333333333,20,610,2,4,4,10,7.725859698946466,1.9459101490553132,4,At Risk,1,2265.2,6
15639,134,3,1065.08,355.02666666666664,61,605,3,3,3,9,6.971743648814227,1.3862943611198906,1,Regular,0,1065.08,3
15640,4,29,23957.58,826.1234482758621,303,725,5,5,5,15,10.084081785030715,3.4011973816621555,2,VIP,0,23957.58,29
15641,105,12,5345.55,445.46250000000003,249,733,3,5,5,13,8.584206772065448,2.5649493574615367,2,VIP,0,5345.55,12
15642,726,1,105.78000000000002,105.78000000000003,6,730,1,1,1,3,4.67077064307204,0.6931471805599453,0,Lost,1,105.78000000000002,1
15643,192,3,664.0,221.33333333333334,31,282,2,3,3,8,6.499787040655854,1.3862943611198906,3,New Customer,1,664.0,3
15644,166,4,813.0,203.24999999999997,166,261,3,3,3,9,6.70196036600254,1.6094379124341003,1,Regular,0,813.0,4
15645,19,3,1055.17,351.7233333333333,59,425,5,3,3,11,6.962404436158021,1.3862943611198906,1,Regular,0,1055.17,3
15646,158,5,974.61,194.92200000000005,65,410,3,4,3,10,6.883062916391735,1.791759469228055,1,Regular,0,974.61,5
15647,415,1,169.0,169.0,11,415,1,1,1,3,5.135798437050262,0.6931471805599453,0,Lost,1,169.0,1
15648,204,2,657.35,328.67500000000007,23,267,2,2,3,7,6.489736704802353,1.0986122886681096,3,New Customer,1,657.35,2
15649,336,4,2170.35,542.5875,8,387,2,3,4,9,7.6831043729138635,1.6094379124341003,4,At Risk,1,2170.35,4
15650,522,2,553.88,276.94,33,629,1,2,2,5,6.318751874152122,1.0986122886681096,4,At Risk,1,553.88,2
15651,37,5,1259.06,251.81200000000004,52,596,4,4,4,12,7.138914617859392,1.791759469228055,1,Regular,0,1259.06,5
15652,91,5,1420.34,284.06800000000004,93,485,3,4,4,11,7.25935536759809,1.791759469228055,1,Regular,0,1420.34,5
15653,93,2,877.4399999999999,438.71999999999997,4,116,3,2,3,8,6.7781476070590925,1.0986122886681096,3,New Customer,0,877.4399999999999,2
15654,9,2,922.53,461.26500000000004,15,26,5,2,3,10,6.828203284222655,1.0986122886681096,3,New Customer,0,922.53,2
15655,243,1,560.67,560.6700000000001,34,243,2,1,2,5,6.330914488818843,0.6931471805599453,3,New Customer,1,560.67,1
15656,45,4,748.5,187.125,46,284,4,3,3,10,6.619406317542652,1.6094379124341003,1,Regular,0,748.5,4
15657,23,1,30.0,30.0,1,23,4,1,1,6,3.4339872044851463,0.6931471805599453,3,New Customer,0,30.0,1
15658,190,8,2423.4700000000003,302.93375000000003,79,737,2,4,4,10,7.793368222783556,2.1972245773362196,1,Regular,1,2423.4700000000003,8
15659,44,3,532.49,177.49666666666667,14,653,4,3,2,9,6.279440326423679,1.3862943611198906,3,New Customer,0,532.49,3
15660,25,15,2812.99,187.53266666666664,73,672,4,5,4,13,7.94235868400775,2.772588722239781,2,VIP,0,2812.99,15
15661,317,8,1215.95,151.99374999999995,27,579,2,4,3,9,7.104103007509184,2.1972245773362196,4,At Risk,1,1215.95,8
15662,661,2,283.73,141.865,12,738,1,2,1,4,5.6515413628105104,1.0986122886681096,0,Lost,1,283.73,2
15663,106,1,138.14,138.14,9,106,3,1,1,5,4.935480620495495,0.6931471805599453,3,New Customer,0,138.14,1
15664,51,4,1254.03,313.5075000000001,54,650,4,3,4,11,7.134914755662649,1.6094379124341003,1,Regular,0,1254.03,4
15665,168,5,4015.12,803.024,163,635,3,4,5,12,8.29807154140324,1.791759469228055,1,Regular,0,4015.12,5
15666,472,2,632.9399999999999,316.46999999999997,62,495,1,2,3,6,6.451954312734866,1.0986122886681096,4,At Risk,1,632.9399999999999,2
15667,40,1,301.32,301.32000000000005,13,40,4,1,2,7,5.711486059041233,0.6931471805599453,3,New Customer,0,301.32,1
15668,218,1,76.32000000000001,76.32000000000001,1,218,2,1,1,4,4.34795265434013,0.6931471805599453,3,New Customer,1,76.32000000000001,1
15669,40,4,684.34,171.085,31,264,4,3,3,10,6.529915065486092,1.6094379124341003,1,Regular,0,684.34,4
15670,297,2,325.2,162.60000000000002,19,556,2,2,2,6,5.787510690186913,1.0986122886681096,3,New Customer,1,325.2,2
15671,19,7,2657.13,379.59000000000003,52,271,5,4,4,13,7.885378147031288,2.0794415416798357,1,Regular,0,2657.13,7
15672,725,1,45.300000000000004,45.300000000000004,3,725,1,1,1,3,3.8351419610921886,0.6931471805599453,0,Lost,1,45.300000000000004,1
15673,88,9,6414.79,712.7544444444444,177,655,3,5,5,13,8.766517418337374,2.302585092994046,2,VIP,0,6414.79,9
15674,73,13,6948.2300000000005,534.4792307692308,262,731,3,5,5,13,8.846386141054115,2.639057329615259,2,VIP,0,6948.2300000000005,13
15675,81,4,542.04,135.51000000000002,32,404,3,3,2,8,6.297182982045862,1.6094379124341003,1,Regular,0,542.04,4
15676,19,3,3435.76,1145.2533333333333,191,284,5,3,5,13,8.142284446073054,1.3862943611198906,1,Regular,0,3435.76,3
15677,49,3,1305.63,435.21000000000004,63,464,4,3,4,11,7.175206582498185,1.3862943611198906,1,Regular,0,1305.63,3
15678,53,3,1893.89,631.2966666666666,77,523,4,3,4,11,7.5469160683383025,1.3862943611198906,1,Regular,0,1893.89,3
15679,24,4,781.28,195.32000000000002,98,183,4,3,3,10,6.6622127327244485,1.6094379124341003,1,Regular,0,781.28,4
15680,9,10,4507.58,450.758,155,738,5,5,5,15,8.413737527043374,2.3978952727983707,2,VIP,0,4507.58,10
15681,25,14,2989.7,213.55,48,564,4,5,5,14,8.003262752696768,2.70805020110221,2,VIP,0,2989.7,14
15682,599,2,318.24,159.11999999999998,25,687,1,2,2,5,5.765943171007808,1.0986122886681096,0,Lost,1,318.24,2
15683,117,2,524.54,262.27,25,474,3,2,2,7,6.2644263054030525,1.0986122886681096,3,New Customer,0,524.54,2
15684,547,3,173.95,57.98333333333334,9,735,1,3,1,5,5.164500218813697,1.3862943611198906,0,Lost,1,173.95,3
15685,450,1,55.980000000000004,55.98,17,450,1,1,1,3,4.0427003290697625,0.6931471805599453,0,Lost,1,55.980000000000004,1
15686,420,1,90.0,90.0,1,420,1,1,1,3,4.51085950651685,0.6931471805599453,0,Lost,1,90.0,1
15687,9,9,2993.1,332.56666666666666,119,330,5,5,5,15,8.004398964555403,2.302585092994046,1,Regular,0,2993.1,9
15688,419,1,190.57,190.57,26,419,1,1,1,3,5.25525327707701,0.6931471805599453,0,Lost,1,190.57,1
15689,120,3,521.03,173.67666666666665,20,618,3,3,2,8,6.2577250574955965,1.3862943611198906,3,New Customer,0,521.03,3
15690,4,2,239.76,119.88,19,101,5,2,1,8,5.48380058667957,1.0986122886681096,3,New Customer,0,239.76,2
15691,252,4,571.3,142.825,12,733,2,3,2,7,6.349663329415057,1.6094379124341003,4,At Risk,1,571.3,4
15692,28,1,191.04,191.03999999999996,12,28,4,1,1,6,5.25770368366274,0.6931471805599453,3,New Customer,0,191.04,1
15693,659,1,37.5,37.5,1,659,1,1,1,3,3.6506582412937387,0.6931471805599453,0,Lost,1,37.5,1
15694,1,24,10810.81,450.45041666666674,55,732,5,5,5,15,9.288394334174967,3.2188758248682006,2,VIP,0,10810.81,24
15695,267,4,1131.04,282.76,55,682,2,3,3,8,7.031776593827884,1.6094379124341003,4,At Risk,1,1131.04,4
15696,33,13,3906.57,300.50538461538457,163,684,4,5,5,14,8.270670976402608,2.639057329615259,2,VIP,0,3906.57,13
15697,690,1,246.75,246.75,14,690,1,1,1,3,5.5124201732100975,0.6931471805599453,0,Lost,1,246.75,1
15698,624,1,46.2,46.2,2,624,1,1,1,3,3.85439389259151,0.6931471805599453,0,Lost,1,46.2,1
15699,18,1,309.65,309.6499999999999,18,18,5,1,2,8,5.738666876509702,0.6931471805599453,3,New Customer,0,309.65,1
15700,172,2,696.68,348.3399999999999,85,173,3,2,3,8,6.54776054491873,1.0986122886681096,3,New Customer,0,696.68,2
15701,2,4,1542.14,385.53499999999997,193,111,5,3,4,12,7.34157458058683,1.6094379124341003,1,Regular,0,1542.14,4
15702,476,2,140.39000000000001,70.195,30,682,1,2,1,4,4.951522029603749,1.0986122886681096,0,Lost,1,140.39000000000001,2
15703,265,1,211.5,211.5,5,265,2,1,1,4,5.358941988364472,0.6931471805599453,3,New Customer,1,211.5,1
15704,140,6,3817.96,636.3266666666667,129,583,3,4,5,12,8.247733413224605,1.9459101490553132,1,Regular,0,3817.96,6
15705,201,1,143.1,143.10000000000002,6,201,2,1,1,4,4.970507503005476,0.6931471805599453,3,New Customer,1,143.1,1
15706,64,4,1060.56,265.14,50,116,3,3,3,9,6.967494803332995,1.6094379124341003,1,Regular,0,1060.56,4
15707,35,4,945.58,236.39499999999995,126,86,4,3,3,10,6.852855489000475,1.6094379124341003,1,Regular,0,945.58,4
15708,41,9,4378.72,486.5244444444445,135,426,4,5,5,14,8.384740074386439,2.302585092994046,2,VIP,0,4378.72,9
15709,284,2,327.85,163.925,26,589,2,2,2,6,5.79560171974736,1.0986122886681096,3,New Customer,1,327.85,2
15710,417,1,898.87,898.8699999999999,110,417,1,1,3,5,6.802250308446763,0.6931471805599453,4,At Risk,1,898.87,1
15711,557,2,420.25,210.125,25,685,1,2,2,5,6.043226481666571,1.0986122886681096,0,Lost,1,420.25,2
15712,9,12,3472.4100000000003,289.3675,86,739,5,5,5,15,8.152892099332306,2.5649493574615367,2,VIP,0,3472.4100000000003,12
15713,143,4,1010.79,252.69750000000002,48,724,3,3,3,9,6.919476318432833,1.6094379124341003,1,Regular,0,1010.79,4
15714,12,5,784.8100000000001,156.96200000000002,45,556,5,4,3,12,6.666715032927835,1.791759469228055,1,Regular,0,784.8100000000001,5
15715,556,5,658.02,131.604,33,620,1,4,3,8,6.490753883055643,1.791759469228055,4,At Risk,1,658.02,5
15716,146,11,3056.81,277.8918181818182,188,733,3,5,5,13,8.025454252446236,2.4849066497880004,2,VIP,0,3056.81,11
15717,234,5,607.0,121.4,17,593,2,4,2,8,6.410174881966167,1.791759469228055,4,At Risk,1,607.0,5
15718,540,1,293.79,293.79,18,540,1,1,2,4,5.686263238437263,0.6931471805599453,0,Lost,1,293.79,1
15719,33,31,10223.06,329.7761290322581,449,739,4,5,5,14,9.232499045144698,3.4657359027997265,2,VIP,0,10223.06,31
15720,24,2,741.92,370.96000000000004,152,550,4,2,3,9,6.610588367319141,1.0986122886681096,3,New Customer,0,741.92,2
15721,12,1,507.08,507.08,80,12,5,1,2,8,6.230638915494719,0.6931471805599453,3,New Customer,0,507.08,1
15722,36,11,5258.1,478.00909090909096,91,640,4,5,5,14,8.567715188430428,2.4849066497880004,2,VIP,0,5258.1,11
15723,365,4,947.65,236.9125,108,574,2,3,3,8,6.8550399213101425,1.6094379124341003,4,At Risk,1,947.65,4
15724,201,3,310.85,103.61666666666667,17,401,2,3,2,7,5.742522302972132,1.3862943611198906,3,New Customer,1,310.85,3
15725,15,1,415.25,415.25,32,15,5,1,2,8,6.031286041294654,0.6931471805599453,3,New Customer,0,415.25,1
15726,390,1,321.91,321.91,23,390,2,1,2,5,5.777373646625042,0.6931471805599453,0,Lost,1,321.91,1
15727,17,15,9445.51,629.7006666666667,426,685,5,5,5,15,9.153400640105943,2.772588722239781,2,VIP,0,9445.51,15
15728,380,2,544.6,272.3,10,444,2,2,2,6,6.301886106529253,1.0986122886681096,4,At Risk,1,544.6,2
15729,213,3,192.55,64.18333333333334,10,403,2,3,1,6,5.265535877023657,1.3862943611198906,3,New Customer,1,192.55,3
15730,66,5,1726.58,345.31600000000003,102,431,3,4,4,11,7.454476864265657,1.791759469228055,1,Regular,0,1726.58,5
15731,554,1,125.3,125.3,8,554,1,1,1,3,4.838660029356445,0.6931471805599453,0,Lost,1,125.3,1
15732,212,10,1682.07,168.20700000000002,53,674,2,5,4,11,7.4283747857204,2.3978952727983707,1,Regular,1,1682.07,10
15733,283,1,162.3,162.3,10,283,2,1,1,4,5.095588999976419,0.6931471805599453,3,New Customer,1,162.3,1
15734,115,4,2263.3,565.825,36,547,3,3,4,10,7.725020939378476,1.6094379124341003,1,Regular,0,2263.3,4
15735,421,1,327.68,327.68,19,421,1,1,2,4,5.795084633062987,0.6931471805599453,0,Lost,1,327.68,1
15736,435,2,1815.72,907.8600000000002,95,435,1,2,4,7,7.504787956356413,1.0986122886681096,4,At Risk,1,1815.72,2
15737,15,8,1205.1200000000001,150.64000000000001,60,243,5,4,3,12,7.095163874824649,2.1972245773362196,1,Regular,0,1205.1200000000001,8
15738,19,41,13372.970000000001,326.16999999999996,70,729,5,5,5,15,9.50106555945304,3.7376696182833684,2,VIP,0,13372.970000000001,41
15739,66,1,449.12,449.12,8,66,3,1,2,6,6.109514213881797,0.6931471805599453,3,New Customer,0,449.12,1
15740,49,1,154.88,154.88000000000002,9,49,4,1,1,6,5.049086480470509,0.6931471805599453,3,New Customer,0,154.88,1
15741,458,2,208.62,104.31,11,619,1,2,1,4,5.345296367742032,1.0986122886681096,0,Lost,1,208.62,2
15742,619,1,156.87,156.86999999999998,41,619,1,1,1,3,5.061771909543635,0.6931471805599453,0,Lost,1,156.87,1
15743,16,4,784.46,196.11500000000004,59,185,5,3,3,11,6.666269533420063,1.6094379124341003,1,Regular,0,784.46,4
15744,78,1,34.8,34.8,3,78,3,1,1,5,3.5779478934066544,0.6931471805599453,3,New Customer,0,34.8,1
15745,19,4,1094.59,273.6475,57,236,5,3,3,11,6.999048309928502,1.6094379124341003,1,Regular,0,1094.59,4
15746,134,1,196.88,196.88000000000002,28,134,3,1,1,5,5.287660786359508,0.6931471805599453,3,New Customer,0,196.88,1
15747,13,9,2562.61,284.7344444444444,116,691,5,5,4,14,7.849171700387013,2.302585092994046,1,Regular,0,2562.61,9
15748,40,3,614.7600000000001,204.92000000000007,34,449,4,3,2,9,6.422857277226062,1.3862943611198906,3,New Customer,0,614.7600000000001,3
15749,235,3,29730.420199999626,14844.766666666668,5,332,2,3,5,10,10.299959684780548,1.3862943611198906,1,Regular,1,44534.3,3
15750,3,18,6797.191,377.6217222222223,389,738,5,5,5,15,8.824411826360333,2.9444389791664403,2,VIP,0,6797.191,18
15751,461,11,1380.44,125.49454545454546,90,733,1,5,4,10,7.230881712367113,2.4849066497880004,4,At Risk,1,1380.44,11
15752,40,9,4207.54,467.50444444444446,359,458,4,5,5,14,8.344871073180538,2.302585092994046,2,VIP,0,4207.54,9
15753,305,1,79.2,79.2,1,305,2,1,1,4,4.384523514872469,0.6931471805599453,0,Lost,1,79.2,1
15754,51,9,3037.61,337.51222222222225,114,655,4,5,5,14,8.019155452993521,2.302585092994046,1,Regular,0,3037.61,9
15755,10,17,5993.12,352.5364705882353,281,736,5,5,5,15,8.69853426769623,2.8903717578961645,2,VIP,0,5993.12,17
15756,61,4,532.96,133.24,160,249,3,3,2,8,6.280320929787532,1.6094379124341003,1,Regular,0,532.96,4
15757,66,6,2940.36,490.05999999999995,162,547,3,4,4,11,7.986627338407268,1.9459101490553132,1,Regular,0,2940.36,6
15758,25,1,205.25,205.25,9,25,4,1,1,6,5.32908902521479,0.6931471805599453,3,New Customer,0,205.25,1
15759,218,7,830.9300000000001,118.70428571428572,10,738,2,4,3,9,6.7237483026663085,2.0794415416798357,1,Regular,1,830.9300000000001,7
15760,631,2,13916.34,6958.17,1,631,1,2,5,8,9.540890823673994,1.0986122886681096,4,At Risk,1,13916.34,2
15761,443,1,143.05,143.05,5,443,1,1,1,3,4.970160461530537,0.6931471805599453,0,Lost,1,143.05,1
15762,65,2,583.75,291.875,37,77,3,2,2,7,6.371184405464288,1.0986122886681096,3,New Customer,0,583.75,2
15763,32,2,1086.92,543.4600000000002,58,78,4,2,3,9,6.992022895300703,1.0986122886681096,3,New Customer,0,1086.92,2
15764,88,8,4503.08,562.885,187,478,3,4,5,12,8.412738931651127,2.1972245773362196,1,Regular,0,4503.08,8
15765,667,1,370.63,370.63,25,667,1,1,2,4,5.917898735650893,0.6931471805599453,0,Lost,1,370.63,1
15766,64,3,831.06,277.02,21,682,3,3,3,9,6.723904553605634,1.3862943611198906,1,Regular,0,831.06,3
15768,116,34,15601.09,458.85558823529414,437,737,3,5,5,13,9.65516015862284,3.5553480614894135,2,VIP,0,15601.09,34
15769,7,46,29730.420199999626,1928.3547826086956,26,729,5,5,5,15,10.299959684780548,3.8501476017100584,2,VIP,0,88704.32,46
15770,613,1,321.45,321.45000000000005,18,613,1,1,2,4,5.7759480854563865,0.6931471805599453,0,Lost,1,321.45,1
15771,604,3,1006.54,335.5133333333333,26,694,1,3,3,7,6.915266995265976,1.3862943611198906,4,At Risk,1,1006.54,3
15772,418,1,280.88,280.88,16,418,1,1,1,3,5.641481448458822,0.6931471805599453,0,Lost,1,280.88,1
15773,6,2,774.52,387.26000000000005,46,409,5,2,3,10,6.653533772097066,1.0986122886681096,3,New Customer,0,774.52,2
15774,69,6,1329.94,221.65666666666667,88,656,3,4,4,11,7.1936407384909735,1.9459101490553132,1,Regular,0,1329.94,6
15775,245,2,150.5,75.25,9,632,2,2,1,5,5.020585624949424,1.0986122886681096,3,New Customer,1,150.5,2
15776,133,1,241.62,241.61999999999998,18,133,3,1,1,5,5.491496433342773,0.6931471805599453,3,New Customer,0,241.62,1
15777,241,7,1762.61,251.80142857142854,29,569,2,4,4,10,7.475118123687712,2.0794415416798357,1,Regular,1,1762.61,7
15778,431,1,307.95,307.95,17,431,1,1,2,4,5.733179451506989,0.6931471805599453,0,Lost,1,307.95,1
15779,463,2,124.08000000000001,62.040000000000006,8,532,1,2,1,4,4.82895353258964,1.0986122886681096,0,Lost,1,124.08000000000001,2
15780,184,3,475.28000000000003,158.42666666666665,26,358,3,3,2,8,6.166005916582974,1.3862943611198906,3,New Customer,1,475.28000000000003,3
15781,25,3,345.46,115.15333333333335,20,306,4,3,2,9,5.847767371850795,1.3862943611198906,3,New Customer,0,345.46,3
15782,10,4,4014.1,1003.5250000000001,51,430,5,3,5,13,8.297817532670948,1.6094379124341003,1,Regular,0,4014.1,4
15783,11,1,246.3,246.3,14,11,5,1,1,7,5.510602174527371,0.6931471805599453,3,New Customer,0,246.3,1
15784,468,2,848.3299999999999,424.16499999999996,33,672,1,2,3,6,6.744447803369461,1.0986122886681096,4,At Risk,1,848.3299999999999,2
15785,33,16,5969.93,373.120625,102,724,4,5,5,14,8.694657973148848,2.833213344056216,2,VIP,0,5969.93,16
15786,46,5,8514.82,1702.964,358,537,4,4,5,13,9.049680889106098,1.791759469228055,1,Regular,0,8514.82,5
15787,26,3,948.05,316.01666666666665,156,61,4,3,3,10,6.855461484261003,1.3862943611198906,1,Regular,0,948.05,3
15788,509,1,221.82999999999998,221.83000000000004,14,509,1,1,1,3,5.406409148898877,0.6931471805599453,0,Lost,1,221.82999999999998,1
15789,358,6,1962.01,327.0016666666666,110,624,2,4,4,10,7.58223428850699,1.9459101490553132,4,At Risk,1,1962.01,6
15790,10,1,220.85,220.85,34,10,5,1,1,7,5.402001477824919,0.6931471805599453,3,New Customer,0,220.85,1
15791,44,5,3608.34,721.668,121,642,4,4,5,13,8.191280209127546,1.791759469228055,1,Regular,0,3608.34,5
15792,400,2,933.84,466.91999999999996,57,619,2,2,3,7,6.8403753916508245,1.0986122886681096,4,At Risk,1,933.84,2
15793,15,8,2399.57,299.94625,12,738,5,4,4,13,7.783461488137377,2.1972245773362196,1,Regular,0,2399.57,8
15794,726,2,777.0,388.50000000000006,15,737,1,2,3,6,6.656726524178391,1.0986122886681096,0,Lost,1,777.0,2
15795,150,8,1979.8700000000001,247.48375000000001,111,691,3,4,4,11,7.591291421122726,2.1972245773362196,1,Regular,0,1979.8700000000001,8
15796,1,17,5175.83,304.46058823529415,138,618,5,5,5,15,8.551948178812031,2.8903717578961645,2,VIP,0,5175.83,17
15797,113,6,2821.08,470.18,12,681,3,4,4,11,7.945229480699816,1.9459101490553132,1,Regular,0,2821.08,6
15798,493,3,1535.37,511.78999999999996,73,682,1,3,4,8,7.3371777701160505,1.3862943611198906,4,At Risk,1,1535.37,3
15799,76,4,1424.29,356.0725,143,418,3,3,4,10,7.26213058076958,1.6094379124341003,1,Regular,0,1424.29,4
15800,107,7,1242.58,177.51142857142855,198,618,3,4,3,10,7.125749595713687,2.0794415416798357,1,Regular,0,1242.58,7
15801,46,3,1063.95,354.65000000000003,61,110,4,3,3,10,6.97068312868461,1.3862943611198906,1,Regular,0,1063.95,3
15802,143,1,451.42,451.42,1,143,3,1,2,6,6.11461095192969,0.6931471805599453,3,New Customer,0,451.42,1
15803,51,4,1929.66,482.415,48,676,4,3,4,11,7.565617192352807,1.6094379124341003,1,Regular,0,1929.66,4
15804,1,13,4206.39,323.5684615384615,170,199,5,5,5,15,8.344597781932357,2.639057329615259,2,VIP,0,4206.39,13
15805,23,30,10189.23,339.641,337,729,4,5,5,14,9.229184697110231,3.4339872044851463,2,VIP,0,10189.23,30
15806,46,3,784.58,261.52666666666664,24,277,4,3,3,10,6.666422298467717,1.3862943611198906,1,Regular,0,784.58,3
15807,50,5,1817.52,363.504,85,666,4,4,4,12,7.505778262441902,1.791759469228055,1,Regular,0,1817.52,5
15808,306,21,18409.93,876.6633333333333,348,738,2,5,5,12,9.820699788975132,3.091042453358316,2,VIP,1,18409.93,21
15809,36,7,1274.44,182.06285714285715,51,535,4,4,4,12,7.15104649609911,2.0794415416798357,1,Regular,0,1274.44,7
15810,79,8,2999.04,374.88,89,673,3,4,5,12,8.006380900894692,2.1972245773362196,1,Regular,0,2999.04,8
15811,22,7,3890.52,555.7885714285713,205,388,4,4,5,13,8.266555105792635,2.0794415416798357,1,Regular,0,3890.52,7
15812,107,12,5201.47,433.45583333333343,87,724,3,5,5,13,8.55688879179273,2.5649493574615367,2,VIP,0,5201.47,12
15813,208,2,1303.9099999999999,651.9549999999999,40,240,2,2,4,8,7.173889351861321,1.0986122886681096,4,At Risk,1,1303.9099999999999,2
15814,17,6,2634.44,439.0733333333333,83,603,5,4,4,13,7.876805429957567,1.9459101490553132,1,Regular,0,2634.44,6
15815,64,5,2100.6,420.12,33,260,3,4,4,11,7.65045423837133,1.791759469228055,1,Regular,0,2100.6,5
15816,542,2,144.14999999999998,72.075,11,542,1,2,1,4,4.977767690470639,1.0986122886681096,0,Lost,1,144.14999999999998,2
15817,421,3,2766.4,922.1333333333333,133,543,1,3,4,8,7.925663530235284,1.3862943611198906,4,At Risk,1,2766.4,3
15818,588,1,340.5,340.5,11,588,1,1,2,4,5.833347679010845,0.6931471805599453,0,Lost,1,340.5,1
15819,49,10,3934.79,393.479,182,632,4,5,5,14,8.277866903090251,2.3978952727983707,2,VIP,0,3934.79,10
15820,320,1,206.98,206.98,17,320,2,1,1,4,5.337441921232086,0.6931471805599453,0,Lost,1,206.98,1
15821,44,2,570.96,285.47999999999996,57,61,4,2,2,8,6.349069058864647,1.0986122886681096,3,New Customer,0,570.96,2
15822,3,6,1840.06,306.6766666666667,46,733,5,4,4,13,7.5180967716851645,1.9459101490553132,1,Regular,0,1840.06,6
15823,372,3,3897.17,1299.0566666666666,155,731,2,3,5,10,8.268262491225299,1.3862943611198906,4,At Risk,1,3897.17,3
15824,453,2,890.94,445.47,24,532,1,2,3,6,6.793398865743655,1.0986122886681096,4,At Risk,1,890.94,2
15825,172,1,532.94,532.94,20,172,3,1,2,6,6.2802834730968256,0.6931471805599453,3,New Customer,0,532.94,1
15826,56,4,2598.28,649.5699999999999,100,568,4,3,4,11,7.862989762582375,1.6094379124341003,1,Regular,0,2598.28,4
15827,73,28,3794.07,135.5025,124,701,3,5,5,13,8.24145813498241,3.367295829986474,2,VIP,0,3794.07,28
15828,375,1,1108.82,1108.82,74,375,2,1,3,6,7.011953118994512,0.6931471805599453,4,At Risk,1,1108.82,1
15829,99,2,636.14,318.0699999999999,44,141,3,2,3,8,6.456989411643809,1.0986122886681096,3,New Customer,0,636.14,2
15830,38,1,576.0,576.0,39,38,4,1,2,7,6.3578422665081,0.6931471805599453,3,New Customer,0,576.0,1
15831,58,3,801.76,267.25333333333333,63,324,4,3,3,10,6.688055790070482,1.3862943611198906,1,Regular,0,801.76,3
15832,254,1,836.79,836.7900000000001,54,254,2,1,3,6,6.7307674724187825,0.6931471805599453,3,New Customer,1,836.79,1
15833,726,1,80.4,80.4,5,738,1,1,1,3,4.399375273008495,0.6931471805599453,0,Lost,1,80.4,1
15834,70,7,3772.9900000000002,538.9985714285715,333,424,3,4,5,12,8.235888076216453,2.0794415416798357,1,Regular,0,3772.9900000000002,7
15835,44,4,954.09,238.5225,47,331,4,3,3,10,6.861805576878038,1.6094379124341003,1,Regular,0,954.09,4
15836,50,1,137.37,137.37,10,50,4,1,1,6,4.929931256681293,0.6931471805599453,3,New Customer,0,137.37,1
15837,65,2,777.01,388.505,52,486,3,2,3,8,6.656739377566224,1.0986122886681096,3,New Customer,0,777.01,2
15838,11,34,29730.420199999626,2181.264705882353,61,725,5,5,5,15,10.299959684780548,3.5553480614894135,2,VIP,0,74163.0,34
15839,33,3,1048.49,349.49666666666667,56,148,4,3,3,10,6.9560596108684605,1.3862943611198906,1,Regular,0,1048.49,3
15840,59,2,355.56,177.77999999999997,26,173,4,2,2,8,5.876502528638301,1.0986122886681096,3,New Customer,0,355.56,2
15841,73,9,2742.41,304.71222222222224,60,730,3,5,4,12,7.916956951149568,2.302585092994046,1,Regular,0,2742.41,9
15842,393,2,548.8,274.4,24,528,2,2,2,6,6.309554575731145,1.0986122886681096,4,At Risk,1,548.8,2
15843,304,1,118.95000000000002,118.95000000000002,8,304,2,1,1,4,4.787074989285704,0.6931471805599453,0,Lost,1,118.95000000000002,1
15844,46,1,130.73999999999998,130.73999999999998,11,46,4,1,1,6,4.880830283212546,0.6931471805599453,3,New Customer,0,130.73999999999998,1
15845,18,11,4426.28,402.38909090909095,129,682,5,5,5,15,8.395540678981433,2.4849066497880004,2,VIP,0,4426.28,11
15846,385,1,107.01,107.01000000000002,27,385,2,1,1,4,4.682223815430383,0.6931471805599453,0,Lost,1,107.01,1
15847,38,5,822.57,164.51399999999998,39,642,4,4,3,11,6.713648549040965,1.791759469228055,1,Regular,0,822.57,5
15848,622,1,139.94,139.94,34,622,1,1,1,3,4.948334267898876,0.6931471805599453,0,Lost,1,139.94,1
15850,19,6,1058.72,176.4533333333333,269,726,5,4,3,12,6.965760001268711,1.9459101490553132,1,Regular,0,1058.72,6
15851,527,1,109.73,109.73,8,527,1,1,1,3,4.707094805710017,0.6931471805599453,0,Lost,1,109.73,1
15852,187,3,257.26,85.75333333333333,31,527,3,3,1,7,5.553966829418505,1.3862943611198906,3,New Customer,1,257.26,3
15853,52,1,110.8,110.80000000000001,29,52,4,1,1,6,4.716711560720999,0.6931471805599453,3,New Customer,0,110.8,1
15854,4,21,5583.81,265.89571428571423,168,730,5,5,5,15,8.627805691229005,3.091042453358316,2,VIP,0,5583.81,21
15855,137,6,1052.72,175.45333333333335,72,476,3,4,3,10,6.9600820391599045,1.9459101490553132,1,Regular,0,1052.72,6
15856,4,46,29730.420199999626,658.0834615384615,384,736,5,5,5,15,10.299959684780548,3.8501476017100584,2,VIP,0,34220.340000000004,52
15857,19,2,570.48,285.24,21,430,5,2,2,9,6.348229486996957,1.0986122886681096,3,New Customer,0,570.48,2
15858,16,13,3960.37,304.64384615384614,273,730,5,5,5,15,8.284345204014263,2.639057329615259,2,VIP,0,3960.37,13
15859,432,1,438.46,438.4599999999999,22,432,1,1,2,4,6.085546700469121,0.6931471805599453,0,Lost,1,438.46,1
15860,41,17,2505.21,147.36529411764707,249,734,4,5,4,13,7.8265269308277645,2.8903717578961645,2,VIP,0,2505.21,17
15861,12,12,4401.79,366.81583333333333,452,680,5,5,5,15,8.389993709864745,2.5649493574615367,2,VIP,0,4401.79,12
15862,8,13,2928.29,225.25307692307692,417,723,5,5,4,14,7.982515351827566,2.639057329615259,2,VIP,0,2928.29,13
15863,26,5,358.7,71.73999999999998,74,723,4,4,2,10,5.885270350701578,1.791759469228055,3,New Customer,0,358.7,5
15864,22,7,2180.76,311.5371428571429,18,381,4,4,4,12,7.687887169509484,2.0794415416798357,1,Regular,0,2180.76,7
15865,41,5,2248.92,449.784,119,703,4,4,4,12,7.718649939010796,1.791759469228055,1,Regular,0,2248.92,5
15866,101,1,230.53,230.53,43,101,3,1,1,5,5.444709454763107,0.6931471805599453,3,New Customer,0,230.53,1
15867,5,31,9063.95,292.3854838709678,547,725,5,5,5,15,9.112170607453939,3.4657359027997265,2,VIP,0,9063.95,31
15868,583,1,94.53,94.53,4,583,1,1,1,3,4.559440334281917,0.6931471805599453,0,Lost,1,94.53,1
15869,277,3,323.65999999999997,107.88666666666667,29,626,2,3,2,7,5.7827784808826985,1.3862943611198906,3,New Customer,1,323.65999999999997,3
15870,33,4,862.61,215.6525,127,446,4,3,3,10,6.761121278008535,1.6094379124341003,1,Regular,0,862.61,4
15871,437,1,33.099999999999994,33.099999999999994,5,437,1,1,1,3,3.529297384289471,0.6931471805599453,0,Lost,1,33.099999999999994,1
15872,15,4,795.68,198.92000000000002,164,550,5,3,3,11,6.680453092519068,1.6094379124341003,1,Regular,0,795.68,4
15873,500,4,313.91999999999996,78.47999999999999,3,501,1,3,2,6,5.752318638316266,1.6094379124341003,4,At Risk,1,313.91999999999996,4
15874,64,21,11284.76,537.3695238095238,262,701,3,5,5,13,9.331297033018553,3.091042453358316,2,VIP,0,11284.76,21
15875,646,1,111.72,111.72,18,646,1,1,1,3,4.724906867590425,0.6931471805599453,0,Lost,1,111.72,1
15876,409,2,1449.1399999999999,724.5699999999999,11,448,2,2,4,8,7.27941538247794,1.0986122886681096,4,At Risk,1,1449.1399999999999,2
15877,2,2,493.28,246.64000000000001,122,18,5,2,2,9,6.20310215823599,1.0986122886681096,3,New Customer,0,493.28,2
15878,562,2,330.77,165.38499999999996,47,734,1,2,2,5,5.804441957755378,1.0986122886681096,0,Lost,1,330.77,2
15879,404,4,1157.3,289.32500000000005,171,722,2,3,3,8,7.0547086919383,1.6094379124341003,4,At Risk,1,1157.3,4
15880,369,1,686.5600000000001,686.56,95,369,2,1,3,6,6.5331490984599565,0.6931471805599453,4,At Risk,1,686.5600000000001,1
15881,312,5,501.39000000000004,100.278,26,364,2,4,2,8,6.219376710497294,1.791759469228055,4,At Risk,1,501.39000000000004,5
15882,199,8,1495.98,186.9975,49,729,2,4,4,10,7.3112050242769415,2.1972245773362196,1,Regular,1,1495.98,8
15883,2,2,396.48,198.23999999999998,42,33,5,2,2,9,5.9851446183631625,1.0986122886681096,3,New Customer,0,396.48,2
15884,432,2,249.70000000000002,124.85000000000001,14,736,1,2,1,4,5.524257005164248,1.0986122886681096,0,Lost,1,249.70000000000002,2
15885,93,15,1951.82,130.12133333333333,83,688,3,5,4,12,7.577029760730524,2.772588722239781,2,VIP,0,1951.82,15
15886,60,4,1052.8700000000001,263.2175,58,598,3,3,3,9,6.960224381835903,1.6094379124341003,1,Regular,0,1052.8700000000001,4
15887,407,3,1027.15,342.3833333333334,27,556,2,3,3,8,6.935516349767528,1.3862943611198906,4,At Risk,1,1027.15,3
15888,81,3,429.16,143.0533333333333,33,527,3,3,2,8,6.064157232501422,1.3862943611198906,3,New Customer,0,429.16,3
15889,157,8,1806.28,225.78500000000003,256,730,3,4,4,11,7.499578231548967,2.1972245773362196,1,Regular,0,1806.28,8
15890,395,5,535.65,107.13,10,605,2,4,2,8,6.285346112927534,1.791759469228055,4,At Risk,1,535.65,5
15891,227,1,524.52,524.52,60,227,2,1,2,5,6.2643882485842175,0.6931471805599453,3,New Customer,1,524.52,1
15892,669,1,128.2,128.2,38,669,1,1,1,3,4.861361591348501,0.6931471805599453,0,Lost,1,128.2,1
15893,482,1,305.28000000000003,305.28000000000003,1,482,1,1,2,4,5.724499716244923,0.6931471805599453,0,Lost,1,305.28000000000003,1
15894,253,2,420.29,210.145,35,369,2,2,2,6,6.043321432648199,1.0986122886681096,3,New Customer,1,420.29,2
15895,150,1,179.17,179.17000000000002,11,150,3,1,1,5,5.1939008496276085,0.6931471805599453,3,New Customer,0,179.17,1
15897,194,2,222.05,111.025,17,194,2,2,1,5,5.407395961574274,1.0986122886681096,3,New Customer,1,222.05,2
15898,1,25,5596.31,223.85240000000002,281,728,5,5,5,15,8.630041404171932,3.258096538021482,2,VIP,0,5596.31,25
15899,369,1,112.5,112.5,4,369,2,1,1,4,4.7318028369214575,0.6931471805599453,0,Lost,1,112.5,1
15900,24,4,900.4,225.10000000000002,100,563,4,3,3,10,6.803949110256548,1.6094379124341003,1,Regular,0,900.4,4
15901,17,7,703.22,100.46000000000001,145,544,5,4,3,12,6.557090807340088,2.0794415416798357,1,Regular,0,703.22,7
15902,380,1,145.01,145.01000000000005,18,380,2,1,1,4,4.983675112513472,0.6931471805599453,0,Lost,1,145.01,1
15903,10,12,8939.84,744.9866666666667,58,695,5,5,5,15,9.098384823485164,2.5649493574615367,2,VIP,0,8939.84,12
15904,8,1,164.68,164.67999999999998,30,8,5,1,1,7,5.110058217087329,0.6931471805599453,3,New Customer,0,164.68,1
15905,543,1,114.69,114.69000000000001,22,543,1,1,1,3,4.750914200040797,0.6931471805599453,0,Lost,1,114.69,1
15906,20,10,2555.64,255.56400000000002,143,451,4,5,4,13,7.846449175391078,2.3978952727983707,1,Regular,0,2555.64,10
15907,4,3,967.45,322.48333333333335,175,210,5,3,3,11,6.875696855288249,1.3862943611198906,1,Regular,0,967.45,3
15908,491,2,764.57,382.285,37,512,1,2,3,6,6.640620654418016,1.0986122886681096,4,At Risk,1,764.57,2
15909,174,1,191.94,191.93999999999997,7,174,3,1,1,5,5.262379259742407,0.6931471805599453,3,New Customer,0,191.94,1
15910,1,15,2681.8,178.7866666666667,394,688,5,5,4,14,7.894616304225583,2.772588722239781,2,VIP,0,2681.8,15
15911,624,8,1702.34,212.79250000000002,162,730,1,4,4,9,7.440346308416306,2.1972245773362196,4,At Risk,1,1702.34,8
15912,178,9,1074.7,119.41111111111111,83,729,3,5,3,11,6.98072689143796,2.302585092994046,1,Regular,0,1074.7,9
15913,534,1,6.300000000000001,6.300000000000001,1,534,1,1,1,3,1.9878743481543455,0.6931471805599453,0,Lost,1,6.300000000000001,1
15914,378,2,205.99,102.99499999999999,13,378,2,2,1,5,5.332670482919699,1.0986122886681096,0,Lost,1,205.99,2
15915,402,1,429.21,429.21,105,402,2,1,2,5,6.064273461565794,0.6931471805599453,0,Lost,1,429.21,1
15916,16,13,3427.17,263.6284615384615,227,729,5,5,5,15,8.139781870086647,2.639057329615259,2,VIP,0,3427.17,13
15917,248,5,560.63,112.126,127,737,2,4,2,8,6.330843270088287,1.791759469228055,4,At Risk,1,560.63,5
15918,191,3,582.88,194.29333333333332,49,632,2,3,2,7,6.369695482262378,1.3862943611198906,3,New Customer,1,582.88,3
15919,20,2,910.61,455.30500000000006,103,369,4,2,3,9,6.8152122670349256,1.0986122886681096,3,New Customer,0,910.61,2
15920,154,9,571.64,63.515555555555565,93,725,3,5,2,10,6.350257247017716,2.302585092994046,1,Regular,0,571.64,9
15921,173,4,802.11,200.52750000000003,69,641,3,3,3,9,6.688491690866365,1.6094379124341003,1,Regular,0,802.11,4
15922,373,1,739.0,739.0,11,373,2,1,3,6,6.606650186198215,0.6931471805599453,4,At Risk,1,739.0,1
15923,373,1,254.16,254.16000000000003,21,373,2,1,1,4,5.541890799373754,0.6931471805599453,0,Lost,1,254.16,1
15924,726,1,102.82,102.82000000000001,14,731,1,1,1,3,4.642658630399083,0.6931471805599453,0,Lost,1,102.82,1
15925,194,1,207.15,207.14999999999998,12,194,2,1,1,4,5.3382589736409845,0.6931471805599453,3,New Customer,1,207.15,1
15926,542,1,134.44,134.44,7,542,1,1,1,3,4.90852873782488,0.6931471805599453,0,Lost,1,134.44,1
15927,647,1,123.39,123.38999999999999,13,647,1,1,1,3,4.8234217912218735,0.6931471805599453,0,Lost,1,123.39,1
15928,656,1,293.53,293.53000000000003,11,656,1,1,2,4,5.685380865475649,0.6931471805599453,0,Lost,1,293.53,1
15929,644,1,594.0,594.0,1,644,1,1,2,4,6.38856140554563,0.6931471805599453,0,Lost,1,594.0,1
15930,67,1,426.63,426.63000000000005,21,67,3,1,2,6,6.058258335716989,0.6931471805599453,3,New Customer,0,426.63,1
15931,428,1,239.9,239.89999999999998,14,428,1,1,1,3,5.484381909620826,0.6931471805599453,0,Lost,1,239.9,1
15932,4,8,2495.87,311.98375000000004,93,289,5,4,4,13,7.822793226449505,2.1972245773362196,1,Regular,0,2495.87,8
15933,21,3,1107.46,369.1533333333334,63,87,4,3,3,10,7.010726943606016,1.3862943611198906,1,Regular,0,1107.46,3
15934,418,2,2190.66,1095.33,29,430,1,2,4,7,7.692414526548134,1.0986122886681096,4,At Risk,1,2190.66,2
15935,239,2,416.86,208.43,12,242,2,2,2,6,6.035146448194105,1.0986122886681096,3,New Customer,1,416.86,2
15936,379,2,282.79,141.39499999999998,16,468,2,2,1,5,5.648234528023389,1.0986122886681096,0,Lost,1,282.79,2
15937,64,1,145.35,145.35,7,64,3,1,1,5,4.986001013137895,0.6931471805599453,3,New Customer,0,145.35,1
15938,112,9,734.81,81.64555555555556,27,557,3,5,3,11,6.600971933227955,2.302585092994046,1,Regular,0,734.81,9
15939,90,16,9060.39,566.274375,52,375,3,5,5,13,9.111777808902684,2.833213344056216,2,VIP,0,9060.39,16
15940,311,1,35.8,35.8,1,311,2,1,1,4,3.6054978451748854,0.6931471805599453,0,Lost,1,35.8,1
15941,637,1,405.0,405.0,6,637,1,1,2,4,6.0063531596017325,0.6931471805599453,0,Lost,1,405.0,1
15942,134,1,337.44,337.43999999999994,14,134,3,1,2,6,5.8243468240563,0.6931471805599453,3,New Customer,0,337.44,1
15943,650,2,271.28999999999996,135.64499999999998,12,678,1,2,1,4,5.606867674804115,1.0986122886681096,0,Lost,1,271.28999999999996,2
15944,277,4,2164.24,541.0600000000001,25,726,2,3,4,9,7.680286488796148,1.6094379124341003,4,At Risk,1,2164.24,4
15945,365,4,827.27,206.81750000000002,24,738,2,4,3,9,6.719339188186985,1.6094379124341003,4,At Risk,1,827.27,4
15946,503,3,2304.18,768.06,25,634,1,3,4,8,7.742914043488088,1.3862943611198906,4,At Risk,1,2304.18,3
15947,83,1,1708.24,1708.24,29,83,3,1,4,8,7.443804106257556,0.6931471805599453,3,New Customer,0,1708.24,1
15948,8,3,1509.0900000000001,503.03000000000003,63,425,5,3,4,12,7.319924530681809,1.3862943611198906,1,Regular,0,1509.0900000000001,3
15949,17,2,364.72,182.36,12,71,5,2,2,9,5.901868013296226,1.0986122886681096,3,New Customer,0,364.72,2
15950,32,10,7180.71,718.071,225,683,4,5,5,14,8.879292795246196,2.3978952727983707,2,VIP,0,7180.71,10
15951,9,3,1013.17,337.72333333333336,44,381,5,3,3,11,6.921825822958919,1.3862943611198906,1,Regular,0,1013.17,3
15952,34,4,806.57,201.64249999999998,65,225,4,4,3,11,6.694029738646186,1.6094379124341003,1,Regular,0,806.57,4
15953,15,18,3669.5499999999997,203.8638888888889,102,736,5,5,5,15,8.208096793580383,2.9444389791664403,2,VIP,0,3669.5499999999997,18
15954,589,1,190.75,190.74999999999997,20,589,1,1,1,3,5.256192440247365,0.6931471805599453,0,Lost,1,190.75,1
15955,24,22,8658.36,393.5618181818182,222,654,4,5,5,14,9.06639609582321,3.1354942159291497,2,VIP,0,8658.36,22
15956,551,2,617.6,308.8,18,727,1,2,2,5,6.42745886025097,1.0986122886681096,4,At Risk,1,617.6,2
15957,32,3,930.1,310.03333333333336,121,421,4,3,3,10,6.836366682894484,1.3862943611198906,1,Regular,0,930.1,3
15958,74,4,492.99,123.24750000000002,50,551,3,4,2,9,6.202515274068052,1.6094379124341003,3,New Customer,0,492.99,4
15959,682,3,579.49,193.1633333333334,58,682,1,3,2,6,6.363872574460713,1.3862943611198906,0,Lost,1,579.49,3
15960,374,4,410.95,102.7375,24,435,2,4,2,8,6.020901982761599,1.6094379124341003,4,At Risk,1,410.95,4
15961,379,1,451.28999999999996,451.28999999999996,42,379,2,1,2,5,6.114323567019841,0.6931471805599453,0,Lost,1,451.28999999999996,1
15962,449,1,295.83,295.83,43,449,1,1,2,4,5.693159584352287,0.6931471805599453,0,Lost,1,295.83,1
15963,20,2,470.76,235.38000000000002,26,45,4,2,2,8,6.156470381692249,1.0986122886681096,3,New Customer,0,470.76,2
15964,663,1,272.96000000000004,272.96,20,663,1,1,1,3,5.612982110329704,0.6931471805599453,0,Lost,1,272.96000000000004,1
15965,17,13,3013.09,231.77615384615385,202,737,5,5,5,15,8.011053239390918,2.639057329615259,2,VIP,0,3013.09,13
15966,451,1,426.53000000000003,426.53000000000003,27,451,1,1,2,4,6.058024461353231,0.6931471805599453,0,Lost,1,426.53000000000003,1
15967,23,12,3041.6,253.4666666666667,316,738,4,5,5,14,8.020467692029028,2.5649493574615367,2,VIP,0,3041.6,12
15968,388,1,418.05,418.04999999999995,70,388,2,1,2,5,6.037990244544916,0.6931471805599453,0,Lost,1,418.05,1
15969,3,5,1127.05,225.41,31,522,5,4,3,12,7.0282457573167605,1.791759469228055,1,Regular,0,1127.05,5
15970,304,2,1017.32,508.66,19,599,2,2,3,7,6.925909489562179,1.0986122886681096,4,At Risk,1,1017.32,2
15971,18,18,5902.83,327.935,12,732,5,5,5,15,8.683356571827812,2.9444389791664403,2,VIP,0,5902.83,18
15972,456,5,1810.27,362.054,104,600,1,4,4,9,7.501783535671927,1.791759469228055,4,At Risk,1,1810.27,5
15973,367,3,988.44,329.48,8,429,2,3,3,8,6.8971391265189474,1.3862943611198906,4,At Risk,1,988.44,3
15974,39,7,3442.15,491.7357142857143,141,289,4,4,5,13,8.14414202904651,2.0794415416798357,1,Regular,0,3442.15,7
15975,84,1,371.01,371.01,24,84,3,1,2,6,5.91892073563227,0.6931471805599453,3,New Customer,0,371.01,1
15976,165,6,1746.6399999999999,291.1066666666666,265,551,3,4,4,11,7.466021585348187,1.9459101490553132,1,Regular,0,1746.6399999999999,6
15977,17,2,1054.73,527.365,48,39,5,2,3,10,6.961987749755856,1.0986122886681096,3,New Customer,0,1054.73,2
15978,77,3,3279.42,1093.14,107,644,3,3,5,11,8.095726741961132,1.3862943611198906,1,Regular,0,3279.42,3
15979,603,1,329.22,329.21999999999997,22,603,1,1,2,4,5.799759099003687,0.6931471805599453,0,Lost,1,329.22,1
15980,89,7,6593.68,941.9542857142857,101,556,3,4,5,12,8.794018542366926,2.0794415416798357,2,VIP,0,6593.68,7
15981,25,21,9362.77,445.8461904761905,151,621,4,5,5,14,9.14460326615622,3.091042453358316,2,VIP,0,9362.77,21
15982,605,1,324.51,324.51,45,605,1,1,2,4,5.7853931831429195,0.6931471805599453,0,Lost,1,324.51,1
15983,22,8,3958.8199999999997,494.85249999999996,137,733,4,4,5,13,8.283953848669983,2.1972245773362196,1,Regular,0,3958.8199999999997,8
15984,3,30,8759.32,291.9773333333333,458,738,5,5,5,15,9.07798771294361,3.4339872044851463,2,VIP,0,8759.32,30
15985,123,7,2715.28,387.8971428571428,50,561,3,4,4,11,7.907018576148396,2.0794415416798357,1,Regular,0,2715.28,7
15986,30,2,354.42,177.21,25,382,4,2,2,8,5.87330018875734,1.0986122886681096,3,New Customer,0,354.42,2
15987,12,8,1682.13,210.26625,143,379,5,4,4,13,7.428410434226137,2.1972245773362196,1,Regular,0,1682.13,8
15988,19,3,770.09,256.69666666666666,114,657,5,3,3,11,6.647805098268246,1.3862943611198906,1,Regular,0,770.09,3
15989,376,2,372.51,186.255,81,737,2,2,2,6,5.922944777976174,1.0986122886681096,4,At Risk,1,372.51,2
15990,44,7,2010.05,287.15000000000003,117,650,4,4,4,12,7.60641225271568,2.0794415416798357,1,Regular,0,2010.05,7
15991,534,1,150.55,150.55,6,534,1,1,1,3,5.020915603503812,0.6931471805599453,0,Lost,1,150.55,1
15992,4,3,896.6,298.8666666666666,53,454,5,3,3,11,6.799724534768432,1.3862943611198906,1,Regular,0,896.6,3
15993,9,7,2797.57,399.65285714285716,335,44,5,4,4,13,7.93686385141862,2.0794415416798357,1,Regular,0,2797.57,7
15994,55,3,1202.18,400.7266666666667,93,636,4,3,3,10,7.092723330716997,1.3862943611198906,1,Regular,0,1202.18,3
15995,414,1,696.19,696.1900000000002,108,414,1,1,3,5,6.547057970456371,0.6931471805599453,4,At Risk,1,696.19,1
15996,88,7,1686.9,240.9857142857143,140,397,3,4,4,11,7.431240431694882,2.0794415416798357,1,Regular,0,1686.9,7
15998,37,16,8308.34,519.27125,682,739,4,5,5,14,9.025135462312697,2.833213344056216,2,VIP,0,8308.34,16
15999,726,1,20.4,20.4,1,736,1,1,1,3,3.0633909220278057,0.6931471805599453,0,Lost,1,20.4,1
16000,3,3,12393.7,4131.233333333333,9,3,5,3,5,13,9.4250242408686,1.3862943611198906,1,Regular,0,12393.7,3
16001,381,1,583.39,583.39,29,381,2,1,2,5,6.37056856816272,0.6931471805599453,4,At Risk,1,583.39,1
16002,625,1,169.21,169.20999999999998,42,625,1,1,1,3,5.137032968819882,0.6931471805599453,0,Lost,1,169.21,1
16003,30,10,5613.83,561.383,146,736,4,5,5,14,8.63316659066791,2.3978952727983707,2,VIP,0,5613.83,10
16004,475,5,2146.39,429.27799999999996,63,683,1,4,4,9,7.672008430194929,1.791759469228055,4,At Risk,1,2146.39,5
16005,12,10,2436.22,243.622,315,450,5,5,4,14,7.79861332447886,2.3978952727983707,1,Regular,0,2436.22,10
16006,211,2,347.17,173.585,75,388,2,2,2,6,5.852690866241513,1.0986122886681096,3,New Customer,1,347.17,2
16007,48,7,3075.14,439.30571428571426,337,543,4,4,5,13,8.031430843243916,2.0794415416798357,1,Regular,0,3075.14,7
16008,24,15,5384.13,358.942,63,631,4,5,5,14,8.591396730431873,2.772588722239781,2,VIP,0,5384.13,15
16009,22,4,992.71,248.17750000000004,68,160,4,4,3,11,6.9014454135860985,1.6094379124341003,1,Regular,0,992.71,4
16010,246,11,1724.06,156.73272727272726,122,412,2,5,4,11,7.453017111469255,2.4849066497880004,1,Regular,1,1724.06,11
16011,8,29,5880.46,202.77448275862074,181,739,5,5,5,15,8.679560309391226,3.4011973816621555,2,VIP,0,5880.46,29
16012,35,5,2989.79,597.9580000000001,207,530,4,4,5,13,8.00329284553317,1.791759469228055,1,Regular,0,2989.79,5
16013,4,46,29730.420199999626,683.8861904761904,54,732,5,5,5,15,10.299959684780548,3.8501476017100584,2,VIP,0,57446.44,84
16014,38,5,1130.27,226.054,219,678,4,4,3,11,7.0310961744158655,1.791759469228055,1,Regular,0,1130.27,5
16015,4,3,705.39,235.13,146,49,5,3,3,11,6.560167492904158,1.3862943611198906,1,Regular,0,705.39,3
16016,3,11,2533.94,230.35818181818183,181,402,5,5,4,14,7.837925247106123,2.4849066497880004,2,VIP,0,2533.94,11
16017,47,5,1553.83,310.766,99,704,4,4,4,12,7.349121493878105,1.791759469228055,1,Regular,0,1553.83,5
16018,39,4,698.13,174.5325,48,732,4,4,3,11,6.5498367049130675,1.6094379124341003,1,Regular,0,698.13,4
16019,47,27,17465.85,646.8833333333333,256,725,4,5,5,14,9.768060077769146,3.332204510175204,2,VIP,0,17465.85,27
16020,17,3,851.01,283.67,42,65,5,3,3,11,6.747598263849638,1.3862943611198906,1,Regular,0,851.01,3
16021,395,2,532.25,266.125,117,545,2,2,2,6,6.27899035735146,1.0986122886681096,4,At Risk,1,532.25,2
16022,260,1,628.28,628.2800000000002,68,260,2,1,3,6,6.4445763086835,0.6931471805599453,3,New Customer,1,628.28,1
16023,46,3,719.81,239.93666666666664,90,266,4,3,3,10,6.58037557967181,1.3862943611198906,3,New Customer,0,719.81,3
16024,12,3,484.2,161.40000000000003,78,412,5,3,2,10,6.184561177069895,1.3862943611198906,3,New Customer,0,484.2,3
16025,30,1,439.65999999999997,439.65999999999997,28,30,4,1,2,7,6.0882736030360425,0.6931471805599453,3,New Customer,0,439.65999999999997,1
16026,43,1,236.09,236.09,30,43,4,1,1,6,5.468439815884993,0.6931471805599453,3,New Customer,0,236.09,1
16027,92,15,2048.36,136.55733333333333,20,700,3,5,4,12,7.62528282826746,2.772588722239781,2,VIP,0,2048.36,15
16028,596,1,82.2,82.2,5,596,1,1,1,3,4.421247347827163,0.6931471805599453,0,Lost,1,82.2,1
16029,39,46,29730.420199999626,1142.141495327103,57,732,4,5,5,14,10.299959684780548,3.8501476017100584,2,VIP,0,122209.14,107
16030,310,1,331.24,331.24,28,310,2,1,2,5,5.805857599322498,0.6931471805599453,3,New Customer,1,331.24,1
16031,92,2,548.94,274.47,91,247,3,2,2,7,6.30980918136658,1.0986122886681096,3,New Customer,0,548.94,2
16032,456,6,1970.45,328.40833333333336,130,523,1,4,4,9,7.586524591596127,1.9459101490553132,4,At Risk,1,1970.45,6
16033,6,27,10836.13,401.3381481481482,605,485,5,5,5,15,9.29073347979088,3.332204510175204,2,VIP,0,10836.13,27
16034,196,6,928.72,154.78666666666666,43,409,2,4,3,9,6.834883465546227,1.9459101490553132,1,Regular,1,928.72,6
16035,560,1,217.73,217.73000000000002,21,560,1,1,1,3,5.387838092486448,0.6931471805599453,0,Lost,1,217.73,1
16036,87,4,2556.84,639.21,120,620,3,4,4,11,7.846918431316224,1.6094379124341003,1,Regular,0,2556.84,4
16037,270,5,1509.34,301.86800000000005,62,649,2,4,4,10,7.320090070025923,1.791759469228055,4,At Risk,1,1509.34,5
16038,8,3,471.78000000000003,157.26,24,202,5,3,2,10,6.158630164012735,1.3862943611198906,3,New Customer,0,471.78000000000003,3
16039,424,2,456.4,228.2,27,628,1,2,2,5,6.125558281588681,1.0986122886681096,4,At Risk,1,456.4,2
16040,65,7,2416.9,345.27142857142854,95,610,3,4,4,11,7.790654673826565,2.0794415416798357,1,Regular,0,2416.9,7
16041,31,3,3166.4,1055.4666666666667,6,141,4,3,5,12,8.060666341057626,1.3862943611198906,1,Regular,0,3166.4,3
16042,22,8,2265.12,283.14,88,454,4,4,4,12,7.725824396937778,2.1972245773362196,1,Regular,0,2265.12,8
16043,38,8,1856.5900000000001,232.07375,56,482,4,4,4,12,7.52703522763887,2.1972245773362196,1,Regular,0,1856.5900000000001,8
16044,435,1,340.84000000000003,340.84,19,435,1,1,2,4,5.83434279133577,0.6931471805599453,0,Lost,1,340.84000000000003,1
16045,120,8,3434.9300000000003,429.36625000000004,111,499,3,4,5,12,8.14204291037043,2.1972245773362196,1,Regular,0,3434.9300000000003,8
16046,562,1,235.78,235.78000000000003,22,562,1,1,1,3,5.46713143998349,0.6931471805599453,0,Lost,1,235.78,1
16047,682,1,107.14,107.14,1,682,1,1,1,3,4.683426683953859,0.6931471805599453,0,Lost,1,107.14,1
16048,373,4,1075.23,268.80750000000006,30,550,2,4,3,9,6.9812194725263,1.6094379124341003,4,At Risk,1,1075.23,4
16049,40,6,1899.68,316.6133333333334,383,516,4,4,4,12,7.549966995862329,1.9459101490553132,1,Regular,0,1899.68,6
16050,174,3,300.7,100.23333333333333,19,401,3,3,2,8,5.709433146165015,1.3862943611198906,3,New Customer,0,300.7,3
16051,682,1,188.44,188.44,12,682,1,1,1,3,5.244072351695641,0.6931471805599453,0,Lost,1,188.44,1
16052,54,1,362.06,362.05999999999995,34,54,4,1,2,7,5.894568109862285,0.6931471805599453,3,New Customer,0,362.06,1
16053,33,6,3634.84,605.8066666666667,169,611,4,4,5,13,8.198595449928707,1.9459101490553132,1,Regular,0,3634.84,6
16054,145,4,2111.88,527.97,109,617,3,4,4,11,7.655807224711368,1.6094379124341003,1,Regular,0,2111.88,4
16055,221,1,134.8,134.8,8,221,2,1,1,4,4.911183215124596,0.6931471805599453,3,New Customer,1,134.8,1
16056,45,1,664.85,664.85,66,45,4,1,3,8,6.501064419948154,0.6931471805599453,3,New Customer,0,664.85,1
16057,16,10,3854.85,385.485,175,701,5,5,5,15,8.257346754558858,2.3978952727983707,2,VIP,0,3854.85,10
16058,406,1,62.7,62.7,2,406,2,1,1,4,4.154184562578117,0.6931471805599453,0,Lost,1,62.7,1
16059,66,12,3217.77,268.1475,233,569,3,5,5,13,8.076754577984975,2.5649493574615367,2,VIP,0,3217.77,12
16060,401,3,541.95,180.65,22,494,2,3,2,7,6.29701723466291,1.3862943611198906,4,At Risk,1,541.95,3
16061,431,1,89.65,89.65,3,431,1,1,1,3,4.50700593720086,0.6931471805599453,0,Lost,1,89.65,1
16062,10,8,2863.45,357.93125000000003,134,536,5,5,4,14,7.960131638643054,2.1972245773362196,1,Regular,0,2863.45,8
16063,260,1,335.32,335.32000000000005,23,260,2,1,2,5,5.818063087688587,0.6931471805599453,3,New Customer,1,335.32,1
16064,725,1,111.0,111.0,17,725,1,1,1,3,4.718498871295094,0.6931471805599453,0,Lost,1,111.0,1
16065,365,8,2382.62,297.8275,214,463,2,5,4,11,7.776375619507197,2.1972245773362196,4,At Risk,1,2382.62,8
16066,17,5,1521.87,304.3740000000001,77,124,5,4,4,13,7.328351991405618,1.791759469228055,1,Regular,0,1521.87,5
16067,563,3,3395.29,1131.7633333333335,60,675,1,3,5,9,8.13043893836719,1.3862943611198906,4,At Risk,1,3395.29,3
16068,594,1,122.93,122.93,34,594,1,1,1,3,4.819716890076783,0.6931471805599453,0,Lost,1,122.93,1
16069,418,1,457.7,457.7,25,418,1,1,2,4,6.128396401603126,0.6931471805599453,0,Lost,1,457.7,1
16070,22,2,852.15,426.075,32,32,4,2,3,9,6.748935381973274,1.0986122886681096,3,New Customer,0,852.15,2
16071,45,4,1076.8,269.2,62,655,4,4,3,11,6.982677205499396,1.6094379124341003,1,Regular,0,1076.8,4
16072,288,4,4328.89,1082.2225,414,549,2,4,5,11,8.3732974165168,1.6094379124341003,4,At Risk,1,4328.89,4
16073,297,1,122.39999999999999,122.39999999999999,1,297,2,1,1,4,4.8154311114712876,0.6931471805599453,0,Lost,1,122.39999999999999,1
16074,390,1,265.25,265.24999999999994,23,390,2,1,1,4,5.584435717023635,0.6931471805599453,0,Lost,1,265.25,1
16075,503,2,736.9300000000001,368.46500000000003,41,564,1,2,3,6,6.6038489691533275,1.0986122886681096,4,At Risk,1,736.9300000000001,2
16076,3,10,2234.73,223.473,71,209,5,5,4,14,7.712323075642278,2.3978952727983707,1,Regular,0,2234.73,10
16077,626,1,2300.4,2300.4,8,626,1,1,4,6,7.741272912389358,0.6931471805599453,4,At Risk,1,2300.4,1
16078,284,2,362.99,181.495,39,669,2,2,2,6,5.897126394731892,1.0986122886681096,3,New Customer,1,362.99,2
16079,17,3,1352.0,450.66666666666674,18,40,5,3,4,12,7.210079628170788,1.3862943611198906,1,Regular,0,1352.0,3
16080,82,4,602.5600000000001,150.64,29,450,3,4,2,9,6.40284545564545,1.6094379124341003,1,Regular,0,602.5600000000001,4
16081,56,8,4460.18,557.5225,235,675,4,5,5,14,8.403168584011615,2.1972245773362196,1,Regular,0,4460.18,8
16082,670,1,106.75,106.75,16,670,1,1,1,3,4.6798137289838575,0.6931471805599453,0,Lost,1,106.75,1
16083,101,4,2351.42,587.8550000000001,61,389,3,4,4,11,7.7631998645051095,1.6094379124341003,1,Regular,0,2351.42,4
16084,299,1,436.18,436.18,38,299,2,1,2,5,6.0803450096018565,0.6931471805599453,3,New Customer,1,436.18,1
16085,23,12,2343.53,195.29416666666665,259,688,4,5,4,13,7.759840234353084,2.5649493574615367,2,VIP,0,2343.53,12
16086,59,10,2864.9900000000002,286.499,66,737,4,5,4,13,7.960669119198499,2.3978952727983707,1,Regular,0,2864.9900000000002,10
16087,389,5,1739.92,347.984,6,690,2,4,4,10,7.462168988109326,1.791759469228055,4,At Risk,1,1739.92,5
16088,576,2,1437.43,718.715,3,592,1,2,4,7,7.271307520007092,1.0986122886681096,4,At Risk,1,1437.43,2
16089,386,2,271.44,135.72,42,509,2,2,1,5,5.607418406373117,1.0986122886681096,0,Lost,1,271.44,2
16090,624,1,205.91,205.91000000000003,18,624,1,1,1,3,5.33228391611131,0.6931471805599453,0,Lost,1,205.91,1
16091,155,2,315.06,157.53,16,199,3,2,2,7,5.755932068980957,1.0986122886681096,3,New Customer,0,315.06,2
16092,115,6,1587.94,264.65666666666664,60,579,3,4,4,11,7.370822406226574,1.9459101490553132,1,Regular,0,1587.94,6
16093,107,1,17.0,17.0,1,107,3,1,1,5,2.8903717578961645,0.6931471805599453,3,New Customer,0,17.0,1
16094,12,11,3695.56,335.96,101,602,5,5,5,15,8.215157936435828,2.4849066497880004,2,VIP,0,3695.56,11
16095,456,1,447.05,447.05000000000007,30,456,1,1,2,4,6.104904833330228,0.6931471805599453,0,Lost,1,447.05,1
16096,264,4,1584.97,396.2425,58,645,2,4,4,10,7.368951486505174,1.6094379124341003,4,At Risk,1,1584.97,4
16097,240,1,185.04999999999998,185.05,10,240,2,1,1,4,5.226015454792631,0.6931471805599453,3,New Customer,1,185.04999999999998,1
16098,88,14,4448.1,317.7214285714286,83,725,3,5,5,13,8.400457107514553,2.70805020110221,2,VIP,0,4448.1,14
16099,50,7,1573.2,224.74285714285708,44,647,4,4,4,12,7.36150248570835,2.0794415416798357,1,Regular,0,1573.2,7
16100,463,1,582.64,582.64,37,463,1,1,2,4,6.3692843543958215,0.6931471805599453,0,Lost,1,582.64,1
16101,71,4,3229.16,807.29,153,562,3,4,5,12,8.08028695059357,1.6094379124341003,1,Regular,0,3229.16,4
16102,42,3,1842.14,614.0466666666667,41,129,4,3,4,11,7.519225917888408,1.3862943611198906,1,Regular,0,1842.14,3
16103,7,22,6191.71,281.4413636363637,111,701,5,5,5,15,8.731128072778827,3.1354942159291497,2,VIP,0,6191.71,22
16104,62,9,2778.61,308.7344444444444,187,734,3,5,4,12,7.930065909073649,2.302585092994046,1,Regular,0,2778.61,9
16105,249,5,2386.19,477.238,92,604,2,4,4,10,7.7778722209926245,1.791759469228055,1,Regular,1,2386.19,5
16106,66,1,108.38,108.38,6,66,3,1,1,5,4.694828057918627,0.6931471805599453,3,New Customer,0,108.38,1
16107,18,7,3204.1600000000003,457.7371428571428,16,183,5,4,5,14,8.072517290105589,2.0794415416798357,1,Regular,0,3204.1600000000003,7
16108,85,4,2235.92,558.98,124,631,3,4,4,11,7.712855198669154,1.6094379124341003,1,Regular,0,2235.92,4
16109,219,3,939.48,313.16,30,699,2,3,3,8,6.846390383230553,1.3862943611198906,4,At Risk,1,939.48,3
16110,45,4,1819.27,454.81750000000005,343,522,4,4,4,12,7.5067401207161755,1.6094379124341003,1,Regular,0,1819.27,4
16111,428,1,562.48,562.48,72,428,1,1,2,4,6.334131840392106,0.6931471805599453,0,Lost,1,562.48,1
16112,143,4,195.73999999999998,48.935,15,339,3,4,1,8,5.281883060084612,1.6094379124341003,3,New Customer,0,195.73999999999998,4
16113,183,1,161.38,161.38,30,183,3,1,1,5,5.089939267434301,0.6931471805599453,3,New Customer,1,161.38,1
16114,171,1,135.75000000000003,135.75000000000003,8,171,3,1,1,5,4.918154441302091,0.6931471805599453,3,New Customer,0,135.75000000000003,1
16115,10,12,2575.14,214.59500000000003,230,575,5,5,4,14,7.854047433573542,2.5649493574615367,2,VIP,0,2575.14,12
16116,212,1,612.78,612.7800000000001,34,212,2,1,2,5,6.419636557751217,0.6931471805599453,3,New Customer,1,612.78,1
16117,190,3,654.4,218.1333333333333,64,592,2,3,3,8,6.485245736264714,1.3862943611198906,3,New Customer,1,654.4,3
16118,653,1,4376.25,4376.249999999999,41,653,1,1,5,7,8.384175952306427,0.6931471805599453,4,At Risk,1,4376.25,1
16119,8,8,1720.81,215.10125000000002,37,724,5,5,4,14,7.451131342082467,2.1972245773362196,1,Regular,0,1720.81,8
16120,59,6,3056.91,509.4849999999999,84,422,4,4,5,13,8.025486955055253,1.9459101490553132,1,Regular,0,3056.91,6
16121,57,5,1477.09,295.418,256,566,4,4,4,12,7.29850599275302,1.791759469228055,1,Regular,0,1477.09,5
16122,73,6,1001.34,166.89,28,425,3,4,3,10,6.9100925454456235,1.9459101490553132,1,Regular,0,1001.34,6
16123,52,1,307.78,307.78000000000003,16,52,4,1,2,7,5.732629049213781,0.6931471805599453,3,New Customer,0,307.78,1
16124,317,4,1772.49,443.1225,63,733,2,4,4,10,7.480704635629976,1.6094379124341003,4,At Risk,1,1772.49,4
16125,367,14,4587.65,327.6892857142857,168,725,2,5,5,12,8.431341142146454,2.70805020110221,2,VIP,1,4587.65,14
16126,29,15,14646.800000000001,976.4533333333333,144,737,4,5,5,14,9.592045432520008,2.772588722239781,2,VIP,0,14646.800000000001,15
16127,39,2,801.31,400.655,75,727,4,2,3,9,6.6874950668474575,1.0986122886681096,3,New Customer,0,801.31,2
16128,18,11,3801.05,345.55,155,511,5,5,5,15,8.243295673935073,2.4849066497880004,2,VIP,0,3801.05,11
16129,407,3,1396.05,465.34999999999997,91,508,2,3,4,9,7.242118149597153,1.3862943611198906,4,At Risk,1,1396.05,3
16130,422,4,987.48,246.87,53,617,1,4,3,8,6.896168409730217,1.6094379124341003,4,At Risk,1,987.48,4
16131,52,12,9957.42,829.7849999999999,131,738,4,5,5,14,9.206173703456702,2.5649493574615367,2,VIP,0,9957.42,12
16132,544,2,664.1999999999999,332.09999999999997,14,628,1,2,3,6,6.500087747318773,1.0986122886681096,4,At Risk,1,664.1999999999999,2
16133,4,46,22992.260000000002,410.5760714285715,303,619,5,5,5,15,10.042956408487395,3.8501476017100584,2,VIP,0,22992.260000000002,56
16134,22,5,2145.34,429.06800000000004,85,541,4,4,4,12,7.6715193449376216,1.791759469228055,1,Regular,0,2145.34,5
16135,263,2,819.45,409.72499999999997,35,584,2,2,3,7,6.709852970221159,1.0986122886681096,4,At Risk,1,819.45,2
16136,60,4,946.8,236.70000000000002,44,664,3,4,3,10,6.854143509533488,1.6094379124341003,1,Regular,0,946.8,4
16137,680,1,422.7,422.70000000000005,28,680,1,1,2,4,6.049025657632513,0.6931471805599453,0,Lost,1,422.7,1
16138,379,3,910.35,303.45,35,591,2,3,3,8,6.814927016670943,1.3862943611198906,4,At Risk,1,910.35,3
16139,19,5,1111.15,222.23000000000002,47,736,5,4,3,12,7.014050357799739,1.791759469228055,1,Regular,0,1111.15,5
16140,66,3,1557.6000000000001,519.1999999999999,50,442,3,3,4,10,7.351543261409461,1.3862943611198906,1,Regular,0,1557.6000000000001,3
16141,88,2,955.94,477.97,47,417,3,2,3,8,6.863740693562717,1.0986122886681096,3,New Customer,0,955.94,2
16142,250,1,535.34,535.3399999999999,37,250,2,1,2,5,6.284768288327816,0.6931471805599453,3,New Customer,1,535.34,1
16143,3,12,4910.83,409.23583333333323,107,730,5,5,5,15,8.499401860107549,2.5649493574615367,2,VIP,0,4910.83,12
16144,247,1,175.2,175.2,1,247,2,1,1,4,5.171619713502079,0.6931471805599453,3,New Customer,1,175.2,1
16145,9,19,6805.4400000000005,358.18105263157895,217,584,5,5,5,15,8.825624501810465,2.995732273553991,2,VIP,0,6805.4400000000005,19
16146,157,4,946.38,236.595,34,449,3,4,3,10,6.8537002798593925,1.6094379124341003,1,Regular,0,946.38,4
16147,134,5,2398.91,479.782,113,673,3,4,4,11,7.783186515632894,1.791759469228055,1,Regular,0,2398.91,5
16148,296,2,386.62,193.31,9,437,2,2,2,6,5.960025478272602,1.0986122886681096,4,At Risk,1,386.62,2
16149,5,3,422.22,140.74,30,429,5,3,2,10,6.047892138406626,1.3862943611198906,3,New Customer,0,422.22,3
16150,43,10,4395.59,439.5589999999999,143,722,4,5,5,14,8.3885845194386,2.3978952727983707,2,VIP,0,4395.59,10
16152,269,1,1829.04,1829.0399999999997,29,269,2,1,4,7,7.512093103520083,0.6931471805599453,4,At Risk,1,1829.04,1
16153,50,11,5133.49,466.6809090909091,161,563,4,5,5,14,8.543735799027143,2.4849066497880004,2,VIP,0,5133.49,11
16155,382,5,796.9,159.38,45,540,2,4,3,9,6.681983276314235,1.791759469228055,4,At Risk,1,796.9,5
16156,9,20,6218.18,310.909,199,737,5,5,5,15,8.735393344245091,3.044522437723423,2,VIP,0,6218.18,20
16157,16,3,656.69,218.89666666666665,12,73,5,3,3,11,6.488733695691184,1.3862943611198906,3,New Customer,0,656.69,3
16158,522,9,628.32,69.81333333333333,29,734,1,5,3,9,6.444639871372223,2.302585092994046,4,At Risk,1,628.32,9
16159,282,4,1232.79,308.1975,31,737,2,4,3,9,7.1178460117013564,1.6094379124341003,4,At Risk,1,1232.79,4
16160,65,2,1025.44,512.72,20,86,3,2,3,8,6.933851783703411,1.0986122886681096,3,New Customer,0,1025.44,2
16161,2,43,12831.8,298.4139534883721,458,670,5,5,5,15,9.459759672302631,3.784189633918261,2,VIP,0,12831.8,43
16162,252,1,37.4,37.4,2,252,2,1,1,4,3.648057459593681,0.6931471805599453,0,Lost,1,37.4,1
16163,232,6,2849.58,474.93,59,738,2,4,4,10,7.955277761329525,1.9459101490553132,1,Regular,1,2849.58,6
16164,17,3,822.48,274.16,27,43,5,3,3,11,6.713539262741108,1.3862943611198906,1,Regular,0,822.48,3
16165,505,1,79.9,79.9,1,505,1,1,1,3,4.393213824064446,0.6931471805599453,0,Lost,1,79.9,1
16166,428,2,435.83,217.91500000000005,18,691,1,2,2,5,6.079544103390923,1.0986122886681096,4,At Risk,1,435.83,2
16167,414,5,1386.1200000000001,277.22399999999993,51,739,1,4,4,9,7.234984934236418,1.791759469228055,4,At Risk,1,1386.1200000000001,5
16168,11,46,10636.47,161.1586363636364,131,737,5,5,5,15,9.272137952666137,3.8501476017100584,2,VIP,0,10636.47,66
16169,8,4,1822.97,455.74250000000006,71,76,5,4,4,13,7.5087707231305965,1.6094379124341003,1,Regular,0,1822.97,4
16170,51,20,6869.0,343.44999999999993,254,659,4,5,5,14,8.834919385216395,3.044522437723423,2,VIP,0,6869.0,20
16171,59,1,73.2,73.2,3,59,4,1,1,6,4.3067641501733345,0.6931471805599453,3,New Customer,0,73.2,1
16172,95,8,1884.55,235.56875000000002,81,513,3,5,4,12,7.5419748345117545,2.1972245773362196,1,Regular,0,1884.55,8
16173,16,6,1418.32,236.38666666666666,70,98,5,4,4,13,7.257933162659462,1.9459101490553132,1,Regular,0,1418.32,6
16174,126,7,2246.75,320.9642857142857,28,603,3,4,4,11,7.717684994864882,2.0794415416798357,1,Regular,0,2246.75,7
16175,94,7,1836.44,262.34857142857146,59,564,3,4,4,11,7.516128577492644,2.0794415416798357,1,Regular,0,1836.44,7
16176,421,4,2052.69,513.1725,53,620,1,4,4,9,7.627393454073833,1.6094379124341003,4,At Risk,1,2052.69,4
16177,50,8,2247.31,280.91375000000005,79,647,4,5,4,13,7.717934101862074,2.1972245773362196,1,Regular,0,2247.31,8
16178,138,2,612.6,306.29999999999995,24,401,3,2,2,7,6.419343250053046,1.0986122886681096,3,New Customer,0,612.6,2
16179,61,1,215.83,215.83,11,61,3,1,1,5,5.379113636376126,0.6931471805599453,3,New Customer,0,215.83,1
16180,100,13,16249.87,1249.99,171,534,3,5,5,13,9.69590172478629,2.639057329615259,2,VIP,0,16249.87,13
16181,73,1,305.54,305.5400000000001,11,73,3,1,2,6,5.725348252570762,0.6931471805599453,3,New Customer,0,305.54,1
16182,72,9,9971.65,1107.9611111111112,20,641,3,5,5,13,9.207601625030192,2.302585092994046,2,VIP,0,9971.65,9
16183,67,4,1077.81,269.4525,32,407,3,4,3,10,6.983613860781381,1.6094379124341003,1,Regular,0,1077.81,4
16184,64,6,1158.79,193.13166666666666,26,211,3,4,3,10,7.055994233228931,1.9459101490553132,1,Regular,0,1158.79,6
16185,17,3,644.72,214.90666666666667,39,565,5,3,3,11,6.470365973289328,1.3862943611198906,3,New Customer,0,644.72,3
16186,23,26,9026.11,347.1580769230769,172,730,4,5,5,14,9.107987550889137,3.295836866004329,2,VIP,0,9026.11,26
16187,32,15,6911.4400000000005,460.7626666666667,160,284,4,5,5,14,8.841077965865253,2.772588722239781,2,VIP,0,6911.4400000000005,15
16188,45,5,1087.66,217.53199999999998,72,409,4,4,3,11,6.992702861144837,1.791759469228055,1,Regular,0,1087.66,5
16189,16,2,215.48,107.73999999999998,9,85,5,2,1,8,5.3774981644224775,1.0986122886681096,3,New Customer,0,215.48,2
16190,40,8,2723.55,340.4437499999999,89,726,4,5,4,13,7.910058555845948,2.1972245773362196,1,Regular,0,2723.55,8
16191,3,24,15688.02,653.6675,113,729,5,5,5,15,9.66071638361065,3.2188758248682006,2,VIP,0,15688.02,24
16192,726,1,351.3,351.3,11,736,1,1,2,4,5.864483085347192,0.6931471805599453,0,Lost,1,351.3,1
16193,237,2,630.43,315.2150000000001,38,411,2,2,3,7,6.44798708845731,1.0986122886681096,3,New Customer,1,630.43,2
16194,375,1,308.59999999999997,308.59999999999997,8,375,2,1,2,5,5.735281141715572,0.6931471805599453,0,Lost,1,308.59999999999997,1
16195,723,1,323.25,323.25,16,723,1,1,2,4,5.781514823196553,0.6931471805599453,0,Lost,1,323.25,1
16196,489,1,93.3,93.3,4,489,1,1,1,3,4.546481189639412,0.6931471805599453,0,Lost,1,93.3,1
16197,469,9,2016.71,224.07888888888888,52,724,1,5,4,10,7.609718483946528,2.302585092994046,4,At Risk,1,2016.71,9
16198,75,2,1030.0410000000002,515.0205,31,437,3,2,3,8,6.93832425044256,1.0986122886681096,3,New Customer,0,1030.0410000000002,2
16199,392,7,942.75,134.67857142857142,2,631,2,4,3,9,6.8498613005632345,2.0794415416798357,4,At Risk,1,942.75,7
16200,4,12,5643.45,470.2875000000001,361,737,5,5,5,15,8.638428040481838,2.5649493574615367,2,VIP,0,5643.45,12
16201,3,5,2112.12,422.4240000000001,86,416,5,4,4,13,7.6559208072954945,1.791759469228055,1,Regular,0,2112.12,5
16202,361,9,2501.9900000000002,277.9988888888889,105,738,2,5,4,11,7.82524129621804,2.302585092994046,4,At Risk,1,2501.9900000000002,9
16203,59,6,1114.54,185.75666666666666,56,504,4,4,3,11,7.0170938715891715,1.9459101490553132,1,Regular,0,1114.54,6
16204,23,3,944.24,314.7466666666667,86,731,4,3,3,10,6.851438863503233,1.3862943611198906,1,Regular,0,944.24,3
16205,31,7,1830.61,261.5157142857143,147,543,4,4,4,12,7.512950640475396,2.0794415416798357,1,Regular,0,1830.61,7
16206,55,13,2602.32,200.17846153846156,187,684,4,5,4,13,7.864542832513582,2.639057329615259,2,VIP,0,2602.32,13
16207,25,1,394.38,394.38,19,25,4,1,2,7,5.979847327767791,0.6931471805599453,3,New Customer,0,394.38,1
16208,45,10,3440.45,344.04499999999996,180,653,4,5,5,14,8.14364817318428,2.3978952727983707,2,VIP,0,3440.45,10
16209,89,9,4146.78,460.7533333333334,51,547,3,5,5,13,8.330328530334388,2.302585092994046,2,VIP,0,4146.78,9
16210,2,35,29730.420199999626,1099.7002857142857,145,737,5,5,5,15,10.299959684780548,3.58351893845611,2,VIP,0,38489.51,35
16211,89,3,1090.59,363.5299999999999,35,438,3,3,3,9,6.995390627927437,1.3862943611198906,1,Regular,0,1090.59,3
16212,19,4,1293.71,323.42750000000007,71,670,5,4,4,13,7.1660420108317915,1.6094379124341003,1,Regular,0,1293.71,4
16213,79,1,159.0,159.0,6,79,3,1,1,5,5.075173815233827,0.6931471805599453,3,New Customer,0,159.0,1
16214,171,4,2038.25,509.5625,84,435,3,4,4,11,7.62033737218069,1.6094379124341003,1,Regular,0,2038.25,4
16215,81,1,242.35,242.35000000000002,14,81,3,1,1,5,5.494500736279464,0.6931471805599453,3,New Customer,0,242.35,1
16216,267,1,914.9300000000001,914.9299999999998,37,267,2,1,3,6,6.81993994254006,0.6931471805599453,4,At Risk,1,914.9300000000001,1
16217,235,2,304.25,152.12500000000003,13,282,2,2,2,6,5.721131112990814,1.0986122886681096,3,New Customer,1,304.25,2
16218,30,13,4439.97,341.5361538461538,82,561,4,5,5,14,8.398628100033978,2.639057329615259,2,VIP,0,4439.97,13
16219,501,1,40.8,40.8,1,501,1,1,1,3,3.7328963395307104,0.6931471805599453,0,Lost,1,40.8,1
16221,37,9,2235.5099999999998,248.39000000000001,177,486,4,5,4,13,7.712671894134983,2.302585092994046,1,Regular,0,2235.5099999999998,9
16222,318,2,1345.22,672.61,133,721,2,2,4,8,7.205055944099741,1.0986122886681096,4,At Risk,1,1345.22,2
16223,375,2,1102.3500000000001,551.1750000000001,101,396,2,2,3,7,7.00610628532909,1.0986122886681096,4,At Risk,1,1102.3500000000001,2
16224,57,5,1616.54,323.30800000000005,107,387,4,4,4,12,7.388661755590151,1.791759469228055,1,Regular,0,1616.54,5
16225,45,15,2867.4100000000003,191.16066666666669,189,671,4,5,4,13,7.961513148266462,2.772588722239781,2,VIP,0,2867.4100000000003,15
16226,203,5,672.1700000000001,134.434,23,414,2,4,3,9,6.511997898043822,1.791759469228055,1,Regular,1,672.1700000000001,5
16227,225,3,1027.22,342.4066666666667,28,535,2,3,3,8,6.935584430900813,1.3862943611198906,4,At Risk,1,1027.22,3
16228,385,3,890.8100000000001,296.9366666666666,45,400,2,3,3,8,6.793253105407027,1.3862943611198906,4,At Risk,1,890.8100000000001,3
16229,87,6,2867.86,477.9766666666667,144,564,3,4,4,11,7.961670017300314,1.9459101490553132,1,Regular,0,2867.86,6
16230,190,2,542.03,271.015,32,220,2,2,2,6,6.297164567026571,1.0986122886681096,3,New Customer,1,542.03,2
16231,379,4,1078.22,269.555,69,598,2,4,3,9,6.983993836967935,1.6094379124341003,4,At Risk,1,1078.22,4
16232,44,7,2712.97,387.56714285714287,60,550,4,4,4,12,7.906167786538584,2.0794415416798357,1,Regular,0,2712.97,7
16233,71,9,1965.71,218.41222222222225,49,737,3,5,4,12,7.584117374881264,2.302585092994046,1,Regular,0,1965.71,9
16234,476,3,333.18,111.06,13,562,1,3,2,6,5.8116797699659974,1.3862943611198906,4,At Risk,1,333.18,3
16235,41,9,2053.71,228.19000000000005,80,471,4,5,4,13,7.627889997750669,2.302585092994046,1,Regular,0,2053.71,9
16236,78,1,432.2,432.19999999999993,20,78,3,1,2,6,6.071199515126835,0.6931471805599453,3,New Customer,0,432.2,1
16237,437,1,136.65,136.65,7,437,1,1,1,3,4.9247142315886165,0.6931471805599453,0,Lost,1,136.65,1
16238,423,1,63.66,63.66,6,423,1,1,1,3,4.169142772297287,0.6931471805599453,0,Lost,1,63.66,1
16239,57,6,1492.2,248.70000000000002,24,463,4,4,4,12,7.308676747040429,1.9459101490553132,1,Regular,0,1492.2,6
16240,24,2,3718.8,1859.4,126,77,4,2,5,11,8.221425182381026,1.0986122886681096,1,Regular,0,3718.8,2
16241,10,16,4329.31,270.58187499999997,500,410,5,5,5,15,8.373394411967329,2.833213344056216,2,VIP,0,4329.31,16
16242,8,14,7474.4,533.8857142857142,348,634,5,5,5,15,8.919372908532873,2.70805020110221,2,VIP,0,7474.4,14
16243,34,2,409.1,204.55,49,55,4,2,2,8,6.016401032398013,1.0986122886681096,3,New Customer,0,409.1,2
16244,212,2,2579.38,1289.69,88,373,2,2,4,8,7.855691953891729,1.0986122886681096,4,At Risk,1,2579.38,2
16245,24,3,1413.66,471.22,80,257,4,3,4,11,7.254644498519316,1.3862943611198906,1,Regular,0,1413.66,3
16246,460,2,827.25,413.625,79,670,1,2,3,6,6.719315041180005,1.0986122886681096,4,At Risk,1,827.25,2
16247,170,1,114.56,114.56,16,170,3,1,1,5,4.749789875598035,0.6931471805599453,3,New Customer,0,114.56,1
16248,62,1,152.94,152.94,7,62,3,1,1,5,5.036562916106171,0.6931471805599453,3,New Customer,0,152.94,1
16249,53,5,1800.07,360.014,67,239,4,4,4,12,7.496136211716589,1.791759469228055,1,Regular,0,1800.07,5
16250,261,3,791.38,263.79333333333335,29,387,2,3,3,8,6.675041074727977,1.3862943611198906,4,At Risk,1,791.38,3
16251,512,1,128.31,128.31,20,512,1,1,1,3,4.86221262230776,0.6931471805599453,0,Lost,1,128.31,1
16252,383,1,295.09000000000003,295.09000000000003,21,383,2,1,2,5,5.690663462163048,0.6931471805599453,0,Lost,1,295.09000000000003,1
16253,67,7,7310.15,1044.307142857143,218,731,3,4,5,12,8.89715585911198,2.0794415416798357,2,VIP,0,7310.15,7
16254,378,3,985.14,328.37999999999994,65,632,2,3,3,8,6.893798332352932,1.3862943611198906,4,At Risk,1,985.14,3
16255,17,15,4906.8,327.12,231,685,5,5,5,15,8.498581055204255,2.772588722239781,2,VIP,0,4906.8,15
16256,267,3,1629.37,543.1233333333333,27,598,2,3,4,9,7.396562261906629,1.3862943611198906,4,At Risk,1,1629.37,3
16257,177,1,46.95,46.95,2,177,3,1,1,5,3.8701588013294472,0.6931471805599453,3,New Customer,0,46.95,1
16258,45,15,11942.52,796.168,253,639,4,5,5,14,9.387944150869624,2.772588722239781,2,VIP,0,11942.52,15
16259,410,3,361.94,120.64666666666663,75,605,2,3,2,7,5.894237531346878,1.3862943611198906,4,At Risk,1,361.94,3
16260,51,1,1035.45,1035.45,18,51,4,1,3,8,6.9435566914455205,0.6931471805599453,3,New Customer,0,1035.45,1
16261,17,6,1059.45,176.57500000000002,118,442,5,4,3,12,6.966448625321355,1.9459101490553132,1,Regular,0,1059.45,6
16262,378,1,755.15,755.1500000000002,46,378,2,1,3,6,6.62823976919675,0.6931471805599453,4,At Risk,1,755.15,1
16263,423,1,351.01,351.01,19,423,1,1,2,4,5.863659584285475,0.6931471805599453,0,Lost,1,351.01,1
16264,438,2,837.53,418.76500000000004,62,446,1,2,3,6,6.731650358798553,1.0986122886681096,4,At Risk,1,837.53,2
16265,9,12,6935.17,577.9308333333333,192,407,5,5,5,15,8.844505027963939,2.5649493574615367,2,VIP,0,6935.17,12
16266,74,14,1757.95,125.56785714285718,73,673,3,5,4,12,7.472472319091938,2.70805020110221,2,VIP,0,1757.95,14
16267,591,1,186.66,186.65999999999997,7,591,1,1,1,3,5.2346318148619035,0.6931471805599453,0,Lost,1,186.66,1
16268,71,2,667.65,333.825,45,71,3,2,3,8,6.5052607543188055,1.0986122886681096,3,New Customer,0,667.65,2
16269,438,1,717.57,717.57,53,438,1,1,3,5,6.577263125964925,0.6931471805599453,4,At Risk,1,717.57,1
16270,353,1,1141.24,1141.2399999999996,54,353,2,1,3,6,7.040746525754151,0.6931471805599453,4,At Risk,1,1141.24,1
16271,3,10,3463.02,346.302,176,643,5,5,5,15,8.150185043337714,2.3978952727983707,2,VIP,0,3463.02,10
16272,117,1,411.7,411.7,25,117,3,1,2,6,6.022720936758536,0.6931471805599453,3,New Customer,0,411.7,1
16273,648,2,336.03999999999996,168.01999999999998,15,656,1,2,2,5,5.820201617670761,1.0986122886681096,0,Lost,1,336.03999999999996,2
16274,373,1,715.9,715.8999999999999,64,373,2,1,3,6,6.5749363608588265,0.6931471805599453,4,At Risk,1,715.9,1
16275,197,3,2151.11,717.0366666666667,105,641,2,3,4,9,7.674204035216971,1.3862943611198906,1,Regular,1,2151.11,3
16276,177,3,2629.3900000000003,876.4633333333335,20,608,3,3,4,10,7.8748874031514715,1.3862943611198906,1,Regular,0,2629.3900000000003,3
16277,726,1,188.69,188.68999999999997,23,734,1,1,1,3,5.245391160738632,0.6931471805599453,0,Lost,1,188.69,1
16278,100,3,1117.84,372.61333333333346,50,499,3,3,3,9,7.020047713280759,1.3862943611198906,1,Regular,0,1117.84,3
16279,21,9,5705.08,633.8977777777777,243,596,4,5,5,14,8.649287552004639,2.302585092994046,2,VIP,0,5705.08,9
16280,725,1,238.05,238.05,16,725,1,1,1,3,5.476672735072112,0.6931471805599453,0,Lost,1,238.05,1
16281,72,3,3424.02,1141.3400000000001,27,682,3,3,5,11,8.138862590095334,1.3862943611198906,1,Regular,0,3424.02,3
16282,340,3,1307.58,435.86000000000007,31,719,2,3,4,9,7.17669785880975,1.3862943611198906,4,At Risk,1,1307.58,3
16283,6,8,4403.82,550.4775,385,649,5,5,5,15,8.390454674879306,2.1972245773362196,1,Regular,0,4403.82,8
16284,31,3,1029.77,343.25666666666666,108,393,4,3,3,10,6.938061374745844,1.3862943611198906,1,Regular,0,1029.77,3
16285,646,1,176.9,176.89999999999998,31,646,1,1,1,3,5.18122159467179,0.6931471805599453,0,Lost,1,176.9,1
16286,477,2,328.95,164.475,17,624,1,2,2,5,5.798941127829431,1.0986122886681096,0,Lost,1,328.95,2
16287,170,5,1006.98,201.39600000000002,18,690,3,4,3,10,6.915703607164632,1.791759469228055,1,Regular,0,1006.98,5
16288,470,1,129.85,129.85000000000002,7,470,1,1,1,3,4.874051628976154,0.6931471805599453,0,Lost,1,129.85,1
16289,462,1,136.31,136.31,21,462,1,1,1,3,4.92224114333366,0.6931471805599453,0,Lost,1,136.31,1
16290,465,4,2069.3,517.325,85,566,1,4,4,9,7.635448803294666,1.6094379124341003,4,At Risk,1,2069.3,4
16291,682,1,117.72,117.72,1,682,1,1,1,3,4.77676777941907,0.6931471805599453,0,Lost,1,117.72,1
16292,122,5,1253.76,250.752,51,604,3,4,4,11,7.134699598218368,1.791759469228055,1,Regular,0,1253.76,5
16293,22,15,4657.95,310.53,168,729,4,5,5,14,8.446545379842489,2.772588722239781,2,VIP,0,4657.95,15
16294,477,1,126.05000000000001,126.05000000000001,8,477,1,1,1,3,4.8445807097661735,0.6931471805599453,0,Lost,1,126.05000000000001,1
16295,10,4,1328.55,332.1375000000001,70,65,5,4,4,13,7.192595818099261,1.6094379124341003,1,Regular,0,1328.55,4
16296,626,4,1313.67,328.4175,56,722,1,4,4,9,7.181340962548159,1.6094379124341003,4,At Risk,1,1313.67,4
16297,269,1,301.9,301.90000000000003,20,269,2,1,2,5,5.713402718033191,0.6931471805599453,3,New Customer,1,301.9,1
16298,23,7,1085.7,155.1,32,442,4,4,3,11,6.990900860068806,2.0794415416798357,1,Regular,0,1085.7,7
16299,477,1,193.65,193.64999999999998,12,477,1,1,1,3,5.271203074056465,0.6931471805599453,0,Lost,1,193.65,1
16300,430,3,1392.43,464.1433333333334,190,676,1,3,4,8,7.239523612434581,1.3862943611198906,4,At Risk,1,1392.43,3
16301,726,1,107.33,107.33,6,737,1,1,1,3,4.6851821239574765,0.6931471805599453,0,Lost,1,107.33,1
16302,127,1,233.22,233.22,11,127,3,1,1,5,5.4562608446139915,0.6931471805599453,3,New Customer,0,233.22,1
16303,26,7,7928.27,1132.61,156,631,4,4,5,13,8.97831625490603,2.0794415416798357,2,VIP,0,7928.27,7
16304,695,1,381.66,381.66,25,695,1,1,2,4,5.9471468664568565,0.6931471805599453,0,Lost,1,381.66,1
16305,139,1,361.21999999999997,361.21999999999986,22,139,3,1,2,6,5.8922517620363895,0.6931471805599453,3,New Customer,0,361.21999999999997,1
16306,214,7,1192.82,170.4028571428571,55,435,2,4,3,9,7.084913528819212,2.0794415416798357,1,Regular,1,1192.82,7
16307,429,3,1194.92,398.3066666666667,69,577,1,3,3,7,7.0866710426412585,1.3862943611198906,4,At Risk,1,1194.92,3
16308,38,7,5120.0,731.4285714285714,1,724,4,4,5,13,8.54110501146255,2.0794415416798357,1,Regular,0,5120.0,7
16309,106,2,706.57,353.285,39,241,3,2,3,8,6.56183656455249,1.0986122886681096,3,New Customer,0,706.57,2
16310,414,2,460.08,230.04,26,642,1,2,2,5,6.133571563732811,1.0986122886681096,4,At Risk,1,460.08,2
16311,18,2,616.26,308.13,35,49,5,2,2,9,6.425290328985104,1.0986122886681096,3,New Customer,0,616.26,2
16312,432,1,171.15,171.14999999999998,10,432,1,1,1,3,5.148366189784533,0.6931471805599453,0,Lost,1,171.15,1
16313,3,2,274.15000000000003,137.07500000000002,16,50,5,2,1,8,5.617316403505768,1.0986122886681096,3,New Customer,0,274.15000000000003,2
16314,390,3,1491.4,497.13333333333344,58,473,2,3,4,9,7.308140841347003,1.3862943611198906,4,At Risk,1,1491.4,3
16315,331,2,402.71,201.35500000000002,21,536,2,2,2,6,6.00069679842156,1.0986122886681096,4,At Risk,1,402.71,2
16316,64,13,5744.91,441.91615384615386,193,493,3,5,5,13,8.656243576346606,2.639057329615259,2,VIP,0,5744.91,13
16317,120,5,2192.51,438.50200000000007,103,585,3,4,4,11,7.693258279519971,1.791759469228055,1,Regular,0,2192.51,5
16318,35,1,328.15,328.15,19,35,4,1,2,7,5.796513573913885,0.6931471805599453,3,New Customer,0,328.15,1
16319,218,1,404.40000000000003,404.40000000000003,3,218,2,1,2,5,6.004874234017899,0.6931471805599453,3,New Customer,1,404.40000000000003,1
16320,172,6,5628.99,938.165,193,681,3,4,5,12,8.635862944933224,1.9459101490553132,1,Regular,0,5628.99,6
16321,72,7,604.5500000000001,86.36428571428573,15,739,3,4,2,9,6.40613713596706,2.0794415416798357,1,Regular,0,604.5500000000001,7
16322,1,2,326.75,163.37499999999997,28,36,5,2,2,9,5.792251122643809,1.0986122886681096,3,New Customer,0,326.75,2
16323,196,2,353.66,176.83,4,578,2,2,2,6,5.871159584064333,1.0986122886681096,3,New Customer,1,353.66,2
16324,128,3,428.68,142.89333333333332,100,177,3,3,2,8,6.0630407455972035,1.3862943611198906,3,New Customer,0,428.68,3
16325,47,12,3597.5,299.7916666666667,104,735,4,5,5,14,8.188272370947859,2.5649493574615367,2,VIP,0,3597.5,12
16326,6,24,4826.99,201.12458333333333,243,680,5,5,5,15,8.482185510964241,3.2188758248682006,2,VIP,0,4826.99,24
16327,14,16,10731.34,670.70875,289,725,5,5,5,15,9.28101689199784,2.833213344056216,2,VIP,0,10731.34,16
16328,563,1,310.83,310.83,16,563,1,1,2,4,5.742458167518031,0.6931471805599453,0,Lost,1,310.83,1
16329,428,4,1703.07,425.76750000000004,83,739,1,4,4,9,7.440774786357715,1.6094379124341003,4,At Risk,1,1703.07,4
16330,18,7,634.33,90.61857142857143,105,663,5,4,3,12,6.4541445489425575,2.0794415416798357,1,Regular,0,634.33,7
16331,432,6,2037.7,339.61666666666673,33,643,1,4,4,9,7.620067628803093,1.9459101490553132,4,At Risk,1,2037.7,6
16332,28,11,2010.41,182.76454545454544,158,589,4,5,4,13,7.6065912476595505,2.4849066497880004,1,Regular,0,2010.41,11
16333,8,22,26626.8,1210.3090909090909,9,310,5,5,5,15,10.189711061801596,3.1354942159291497,2,VIP,0,26626.8,22
16334,492,1,277.48,277.47999999999996,54,492,1,1,1,3,5.629346243503184,0.6931471805599453,0,Lost,1,277.48,1
16335,552,7,2774.0,396.28571428571433,193,736,1,4,4,9,7.928406026180535,2.0794415416798357,4,At Risk,1,2774.0,7
16336,421,4,3517.69,879.4224999999999,64,632,1,4,5,10,8.165844040232853,1.6094379124341003,4,At Risk,1,3517.69,4
16337,37,1,151.05,151.05,10,37,4,1,1,6,5.024209414123374,0.6931471805599453,3,New Customer,0,151.05,1
16338,157,1,214.79999999999998,214.8,11,157,3,1,1,5,5.374352052824034,0.6931471805599453,3,New Customer,0,214.79999999999998,1
16339,284,1,109.95,109.95000000000002,17,284,2,1,1,4,4.709079649378603,0.6931471805599453,0,Lost,1,109.95,1
16340,107,3,1526.06,508.68666666666667,277,551,3,3,4,10,7.331099597177538,1.3862943611198906,1,Regular,0,1526.06,3
16341,25,7,3850.79,550.1128571428571,103,610,4,4,5,13,8.256293254297947,2.0794415416798357,1,Regular,0,3850.79,7
16342,75,4,322.41,80.6025,10,180,3,4,2,9,5.778920868124441,1.6094379124341003,3,New Customer,0,322.41,4
16343,16,3,687.0699999999999,229.0233333333333,54,407,5,3,3,11,6.533890576943802,1.3862943611198906,3,New Customer,0,687.0699999999999,3
16344,158,4,842.42,210.60500000000005,43,669,3,4,3,10,6.73746505457173,1.6094379124341003,1,Regular,0,842.42,4
16345,44,2,1198.74,599.37,95,483,4,2,3,9,7.0898601456338115,1.0986122886681096,1,Regular,0,1198.74,2
16346,385,1,224.51,224.51000000000008,15,385,2,1,1,4,5.418364503857487,0.6931471805599453,0,Lost,1,224.51,1
16347,11,11,3509.41,319.03727272727275,209,638,5,5,5,15,8.163488118755067,2.4849066497880004,2,VIP,0,3509.41,11
16348,32,8,1798.22,224.77749999999997,180,430,4,5,4,13,7.495108516634901,2.1972245773362196,1,Regular,0,1798.22,8
16349,291,1,53.5,53.5,9,291,2,1,1,4,3.9982007016691985,0.6931471805599453,0,Lost,1,53.5,1
16350,21,9,2253.89,250.4322222222222,72,428,4,5,4,13,7.720856470259167,2.302585092994046,1,Regular,0,2253.89,9
16351,333,13,3330.0299999999997,256.15615384615387,124,735,2,5,5,12,8.111036844457535,2.639057329615259,2,VIP,1,3330.0299999999997,13
16352,18,2,494.44,247.22,28,38,5,2,2,9,6.205446256629806,1.0986122886681096,3,New Customer,0,494.44,2
16353,4,38,9999.460000000001,263.1436842105263,76,732,5,5,5,15,9.210386370918215,3.6635616461296463,2,VIP,0,9999.460000000001,38
16354,63,5,1129.51,225.90200000000004,116,591,3,4,3,10,7.030424137322423,1.791759469228055,1,Regular,0,1129.51,5
16355,375,1,416.35,416.35,47,375,2,1,2,5,6.033925198296746,0.6931471805599453,0,Lost,1,416.35,1
16356,198,6,415.87,69.31166666666667,27,552,2,4,2,8,6.032774422594961,1.9459101490553132,1,Regular,1,415.87,6
16357,33,4,868.37,217.0925,43,381,4,4,3,11,6.767768811403081,1.6094379124341003,1,Regular,0,868.37,4
16358,1,5,2919.65,583.9300000000001,118,395,5,4,4,13,7.97956147322974,1.791759469228055,1,Regular,0,2919.65,5
16359,7,16,2697.75,168.60937500000006,78,662,5,5,4,14,7.900543981829017,2.833213344056216,2,VIP,0,2697.75,16
16360,5,6,3512.53,585.4216666666667,365,88,5,4,5,14,8.164376509090179,1.9459101490553132,1,Regular,0,3512.53,6
16361,10,4,896.66,224.16500000000002,87,71,5,4,3,12,6.799791377454196,1.6094379124341003,1,Regular,0,896.66,4
16362,32,6,946.94,157.82333333333335,67,438,4,4,3,11,6.854291209112812,1.9459101490553132,1,Regular,0,946.94,6
16363,53,1,109.36000000000001,109.36000000000001,5,53,4,1,1,6,4.703747749349086,0.6931471805599453,3,New Customer,0,109.36000000000001,1
16364,12,2,707.04,353.5199999999999,48,137,5,2,3,10,6.562500589272956,1.0986122886681096,3,New Customer,0,707.04,2
16365,18,15,3307.2,220.48,97,729,5,5,5,15,8.10415951380812,2.772588722239781,2,VIP,0,3307.2,15
16366,19,4,1548.1299999999999,387.03249999999997,74,724,5,4,4,13,7.3454487620083295,1.6094379124341003,1,Regular,0,1548.1299999999999,4
16367,37,3,1362.4,454.1333333333332,196,383,4,3,4,11,7.217736858928685,1.3862943611198906,1,Regular,0,1362.4,3
16368,2,3,640.21,213.4033333333334,74,436,5,3,3,11,6.463357016371739,1.3862943611198906,3,New Customer,0,640.21,3
16369,18,7,2664.81,380.6871428571429,115,611,5,4,4,13,7.888263230382028,2.0794415416798357,1,Regular,0,2664.81,7
16370,82,4,1320.56,330.14,143,225,3,4,4,11,7.186568135964853,1.6094379124341003,1,Regular,0,1320.56,4
16371,449,1,157.2,157.20000000000002,11,449,1,1,1,3,5.063860055333554,0.6931471805599453,0,Lost,1,157.2,1
16372,33,5,1328.61,265.722,271,607,4,4,4,12,7.192640945131866,1.791759469228055,1,Regular,0,1328.61,5
16373,382,2,309.49,154.745,25,411,2,2,2,6,5.738151694735743,1.0986122886681096,0,Lost,1,309.49,2
16374,66,5,1771.45,354.29,276,588,3,4,4,11,7.480118049263698,1.791759469228055,1,Regular,0,1771.45,5
16375,470,2,104.0,52.0,11,470,1,2,1,4,4.653960350157523,1.0986122886681096,0,Lost,1,104.0,2
16376,9,2,987.01,493.505,104,17,5,2,3,10,6.895692819154136,1.0986122886681096,3,New Customer,0,987.01,2
16377,267,2,1308.48,654.24,6,618,2,2,4,8,7.177385390826169,1.0986122886681096,4,At Risk,1,1308.48,2
16378,247,3,362.95,120.98333333333336,22,311,2,3,2,7,5.897016495564267,1.3862943611198906,3,New Customer,1,362.95,3
16379,4,4,2157.4,539.3500000000001,87,79,5,4,4,13,7.677122485453491,1.6094379124341003,1,Regular,0,2157.4,4
16380,61,1,1780.59,1780.59,28,61,3,1,4,8,7.485261502995209,0.6931471805599453,3,New Customer,0,1780.59,1
16381,396,2,258.7,129.35,60,418,2,2,1,5,5.5595271186687025,1.0986122886681096,0,Lost,1,258.7,2
16382,408,2,353.1,176.55,42,551,2,2,2,6,5.869579359117858,1.0986122886681096,0,Lost,1,353.1,2
16383,75,7,2974.84,424.9771428571429,239,673,3,4,5,12,7.998281631066817,2.0794415416798357,1,Regular,0,2974.84,7
16384,90,4,1358.95,339.7375,80,590,3,4,4,11,7.215203213348377,1.6094379124341003,1,Regular,0,1358.95,4
16385,60,5,1030.61,206.122,94,632,3,4,3,10,6.938875967639927,1.791759469228055,1,Regular,0,1030.61,5
16386,29,3,1102.59,367.53,127,388,4,3,3,10,7.006323781048,1.3862943611198906,1,Regular,0,1102.59,3
16387,323,5,918.55,183.70999999999998,68,639,2,4,3,9,6.82388441994499,1.791759469228055,4,At Risk,1,918.55,5
16388,654,1,186.05,186.05,13,654,1,1,1,3,5.231375960794155,0.6931471805599453,0,Lost,1,186.05,1
16389,53,4,1382.07,345.5174999999999,33,283,4,4,4,12,7.2320609449898114,1.6094379124341003,1,Regular,0,1382.07,4
16390,537,3,467.5,155.83333333333334,16,679,1,3,2,6,6.149536101678477,1.3862943611198906,4,At Risk,1,467.5,3
16391,401,4,1103.61,275.9025,261,562,2,4,3,9,7.007247610476987,1.6094379124341003,4,At Risk,1,1103.61,4
16392,270,3,763.05,254.35,125,562,2,3,3,8,6.638633232051266,1.3862943611198906,4,At Risk,1,763.05,3
16393,2,23,5561.66,241.81130434782608,313,739,5,5,5,15,8.623831690105762,3.1780538303479458,2,VIP,0,5561.66,23
16394,57,5,1555.34,311.06800000000004,61,290,4,4,4,12,7.350092189866152,1.791759469228055,1,Regular,0,1555.34,5
16395,61,14,3537.85,252.70357142857145,416,734,3,5,5,13,8.171557094592721,2.70805020110221,2,VIP,0,3537.85,14
16396,476,1,137.8,137.8,8,476,1,1,1,3,4.933034048072704,0.6931471805599453,0,Lost,1,137.8,1
16397,628,1,127.88,127.88000000000001,9,628,1,1,1,3,4.858881738868719,0.6931471805599453,0,Lost,1,127.88,1
16398,154,2,1705.8,852.9,75,254,3,2,4,9,7.4423755513138445,1.0986122886681096,1,Regular,0,1705.8,2
16399,19,3,641.82,213.93999999999997,97,389,5,3,3,11,6.46586474725612,1.3862943611198906,3,New Customer,0,641.82,3
16400,95,9,3159.44,351.0488888888888,214,732,3,5,5,13,8.058466537394228,2.302585092994046,1,Regular,0,3159.44,9
16401,1,23,6849.15,297.7891304347826,110,555,5,5,5,15,8.832025828826737,3.1780538303479458,2,VIP,0,6849.15,23
16402,265,2,511.4,255.70000000000002,55,369,2,2,2,6,6.239105570022579,1.0986122886681096,3,New Customer,1,511.4,2
16403,312,1,177.5,177.5,10,312,2,1,1,4,5.184588601219694,0.6931471805599453,0,Lost,1,177.5,1
16404,70,1,443.05,443.05000000000007,23,70,3,1,2,6,6.095937168704513,0.6931471805599453,3,New Customer,0,443.05,1
16405,302,2,167.25,83.625,3,310,2,2,1,5,5.125450968524837,1.0986122886681096,3,New Customer,1,167.25,2
16406,19,3,552.68,184.22666666666666,135,654,5,3,2,10,6.316586902533608,1.3862943611198906,3,New Customer,0,552.68,3
16407,13,14,2821.65,201.54642857142855,120,432,5,5,4,14,7.945431438987258,2.70805020110221,2,VIP,0,2821.65,14
16408,591,1,231.93,231.92999999999998,45,591,1,1,1,3,5.450737979243263,0.6931471805599453,0,Lost,1,231.93,1
16409,36,12,5709.04,475.75333333333333,335,726,4,5,5,14,8.64998130787946,2.5649493574615367,2,VIP,0,5709.04,12
16410,726,1,130.32,130.32,5,734,1,1,1,3,4.877637092633392,0.6931471805599453,0,Lost,1,130.32,1
16411,19,4,910.1899999999999,227.54749999999999,139,428,5,4,3,12,6.814751437533682,1.6094379124341003,1,Regular,0,910.1899999999999,4
16412,54,5,647.23,129.446,84,673,4,4,3,11,6.474245571648193,1.791759469228055,1,Regular,0,647.23,5
16413,57,2,528.98,264.48999999999995,55,376,4,2,2,8,6.272839269985096,1.0986122886681096,3,New Customer,0,528.98,2
16414,22,5,559.71,111.94200000000001,58,695,4,4,2,10,6.329203837819883,1.791759469228055,1,Regular,0,559.71,5
16415,44,3,719.44,239.81333333333336,120,677,4,3,3,10,6.579862136468857,1.3862943611198906,3,New Customer,0,719.44,3
16416,27,9,2972.88,330.32,146,655,4,5,5,14,7.997622776508652,2.302585092994046,1,Regular,0,2972.88,9
16417,493,1,35.7,35.7,1,493,1,1,1,3,3.6027767550605247,0.6931471805599453,0,Lost,1,35.7,1
16418,45,5,1101.94,220.388,121,423,4,4,3,11,7.005734620675105,1.791759469228055,1,Regular,0,1101.94,5
16419,113,8,1487.42,185.92749999999998,62,668,3,5,4,12,7.30547043363024,2.1972245773362196,1,Regular,0,1487.42,8
16420,396,1,75.0,75.0,2,396,2,1,1,4,4.330733340286331,0.6931471805599453,0,Lost,1,75.0,1
16421,376,3,526.27,175.42333333333332,35,470,2,3,2,7,6.26771275130897,1.3862943611198906,4,At Risk,1,526.27,3
16422,17,46,29730.420199999626,583.9584403669725,111,697,5,5,5,15,10.299959684780548,3.8501476017100584,2,VIP,0,63651.47,109
16423,25,1,346.12,346.12,18,25,4,1,2,7,5.849670541490095,0.6931471805599453,3,New Customer,0,346.12,1
16424,191,2,443.06,221.53,10,383,2,2,2,6,6.09595968843743,1.0986122886681096,3,New Customer,1,443.06,2
16425,302,1,302.7,302.69999999999993,21,302,2,1,2,5,5.716040372051703,0.6931471805599453,3,New Customer,1,302.7,1
16426,2,10,1908.25,190.825,211,276,5,5,4,14,7.554465773768493,2.3978952727983707,1,Regular,0,1908.25,10
16427,263,2,241.06,120.53,8,284,2,2,1,5,5.489185629310458,1.0986122886681096,3,New Customer,1,241.06,2
16428,414,3,660.28,220.09333333333333,121,498,1,3,3,7,6.494177350763422,1.3862943611198906,4,At Risk,1,660.28,3
16429,106,1,284.55,284.55,2,106,3,1,1,5,5.654417145110872,0.6931471805599453,3,New Customer,0,284.55,1
16430,57,7,1117.94,159.7057142857143,19,682,4,4,3,11,7.02013708757141,2.0794415416798357,1,Regular,0,1117.94,7
16431,213,3,642.81,214.27,51,297,2,3,3,8,6.467403651518229,1.3862943611198906,3,New Customer,1,642.81,3
16432,64,1,287.4,287.4,8,64,3,1,1,5,5.664348405410794,0.6931471805599453,3,New Customer,0,287.4,1
16433,28,2,384.52,192.26,33,409,4,2,2,8,5.954593072332077,1.0986122886681096,3,New Customer,0,384.52,2
16434,29,12,2741.74,228.47833333333335,126,691,4,5,4,13,7.916712699715199,2.5649493574615367,2,VIP,0,2741.74,12
16435,512,3,1011.5699999999999,337.19,119,514,1,3,3,7,6.920246932393394,1.3862943611198906,4,At Risk,1,1011.5699999999999,3
16436,668,3,329.34,109.77999999999999,37,733,1,3,2,6,5.800122427092944,1.3862943611198906,0,Lost,1,329.34,3
16437,381,2,301.25,150.62499999999997,17,430,2,2,2,6,5.711254489494902,1.0986122886681096,0,Lost,1,301.25,2
16438,6,5,798.35,159.67000000000002,74,82,5,4,3,12,6.683798897410901,1.791759469228055,1,Regular,0,798.35,5
16439,722,1,310.70000000000005,310.7,9,722,1,1,2,4,5.7420411867732915,0.6931471805599453,0,Lost,1,310.70000000000005,1
16440,8,6,3856.9700000000003,642.8283333333333,202,494,5,4,5,14,8.257896417385673,1.9459101490553132,1,Regular,0,3856.9700000000003,6
16441,67,5,1034.43,206.88599999999997,67,627,3,4,3,10,6.942572078357499,1.791759469228055,1,Regular,0,1034.43,5
16442,2,5,899.47,179.894,226,727,5,4,3,12,6.802916849235962,1.791759469228055,1,Regular,0,899.47,5
16443,521,1,162.24,162.24,1,521,1,1,1,3,5.095221510537605,0.6931471805599453,0,Lost,1,162.24,1
16444,46,17,3656.58,215.0929411764706,217,625,4,5,5,14,8.20455700551905,2.8903717578961645,2,VIP,0,3656.58,17
16445,34,4,602.73,150.6825,143,412,4,4,2,10,6.403127078124099,1.6094379124341003,1,Regular,0,602.73,4
16446,1,2,29730.420199999626,84236.25,3,206,5,2,5,12,10.299959684780548,1.0986122886681096,1,Regular,0,168472.5,2
16447,136,3,775.14,258.38000000000005,59,660,3,3,3,9,6.654332916281998,1.3862943611198906,3,New Customer,0,775.14,3
16448,198,2,367.87,183.935,45,471,2,2,2,6,5.910444278444026,1.0986122886681096,3,New Customer,1,367.87,2
16449,198,2,707.69,353.845,40,281,2,2,3,7,6.563418195373777,1.0986122886681096,3,New Customer,1,707.69,2
16450,150,3,1505.73,501.9099999999999,36,656,3,3,4,10,7.317697018672935,1.3862943611198906,1,Regular,0,1505.73,3
16451,88,3,1013.15,337.71666666666664,61,735,3,3,3,9,6.921806102204797,1.3862943611198906,1,Regular,0,1013.15,3
16452,631,2,332.17,166.085,14,694,1,2,2,5,5.808652870224797,1.0986122886681096,0,Lost,1,332.17,2
16453,531,2,251.71,125.85499999999999,15,548,1,2,1,4,5.532242586226923,1.0986122886681096,0,Lost,1,251.71,2
16454,45,4,30.950000000000003,7.737500000000001,4,611,4,4,1,9,3.4641721808235437,1.6094379124341003,3,New Customer,0,30.950000000000003,4
16455,64,11,4384.37,398.5790909090909,111,620,3,5,5,13,8.386029279809897,2.4849066497880004,2,VIP,0,4384.37,11
16456,99,13,6862.91,527.9161538461539,226,621,3,5,5,13,8.834032529193724,2.639057329615259,2,VIP,0,6862.91,13
16457,218,1,208.36,208.35999999999999,9,218,2,1,1,4,5.34405525822189,0.6931471805599453,3,New Customer,1,208.36,1
16458,3,30,5715.34,190.51133333333334,91,562,5,5,5,15,8.651084019436118,3.4339872044851463,2,VIP,0,5715.34,30
16459,726,1,71.78999999999999,71.78999999999999,5,730,1,1,1,3,4.287578583130166,0.6931471805599453,0,Lost,1,71.78999999999999,1
16460,28,3,814.72,271.5733333333333,128,82,4,3,3,10,6.704071158824147,1.3862943611198906,1,Regular,0,814.72,3
16461,178,3,1615.22,538.4066666666666,223,646,3,3,4,10,7.387845368428882,1.3862943611198906,1,Regular,0,1615.22,3
16462,74,3,136.0,45.333333333333336,1,284,3,3,1,7,4.919980925828125,1.3862943611198906,3,New Customer,0,136.0,3
16463,21,4,1422.4,355.6,74,204,4,4,4,12,7.260803654865171,1.6094379124341003,1,Regular,0,1422.4,4
16464,20,3,1314.68,438.2266666666667,152,142,4,3,4,11,7.182108921222586,1.3862943611198906,1,Regular,0,1314.68,3
16465,421,2,746.24,373.12,45,445,1,2,3,6,6.616386418672361,1.0986122886681096,4,At Risk,1,746.24,2
16466,34,15,3838.59,255.90599999999998,207,642,4,5,5,14,8.253120869048027,2.772588722239781,2,VIP,0,3838.59,15
16467,509,7,2869.16,409.88,14,738,1,4,4,9,7.962123056328662,2.0794415416798357,4,At Risk,1,2869.16,7
16468,74,3,787.52,262.50666666666666,38,481,3,3,3,9,6.670157770697776,1.3862943611198906,1,Regular,0,787.52,3
16469,24,5,828.91,165.782,167,514,4,4,3,11,6.721317261176341,1.791759469228055,1,Regular,0,828.91,5
16470,52,11,2458.6,223.5090909090909,286,729,4,5,4,13,7.807754014079315,2.4849066497880004,1,Regular,0,2458.6,11
16471,275,4,1189.98,297.49500000000006,48,653,2,4,3,9,7.0825317766030516,1.6094379124341003,4,At Risk,1,1189.98,4
16472,434,2,789.6,394.7999999999999,39,598,1,2,3,6,6.672792150862585,1.0986122886681096,4,At Risk,1,789.6,2
16473,165,4,470.83,117.70750000000001,26,374,3,4,2,9,6.156618751217421,1.6094379124341003,3,New Customer,0,470.83,4
16474,7,7,1871.5,267.35714285714283,237,145,5,4,4,13,7.535029715391374,2.0794415416798357,1,Regular,0,1871.5,7
16475,88,4,544.3,136.075,23,274,3,4,2,9,6.301336101932016,1.6094379124341003,1,Regular,0,544.3,4
16476,432,1,350.35,350.35,24,432,1,1,2,4,5.861782877638206,0.6931471805599453,0,Lost,1,350.35,1
16477,64,11,4320.02,392.7290909090909,177,485,3,5,5,13,8.371246764479425,2.4849066497880004,2,VIP,0,4320.02,11
16478,25,3,331.0,110.33333333333333,15,66,4,3,2,9,5.805134968916488,1.3862943611198906,3,New Customer,0,331.0,3
16479,10,2,300.83,150.415,35,10,5,2,2,9,5.709863944972069,1.0986122886681096,3,New Customer,0,300.83,2
16480,76,1,769.29,769.29,51,76,3,1,3,7,6.646767067319571,0.6931471805599453,3,New Customer,0,769.29,1
16481,682,1,453.38,453.38,16,682,1,1,2,4,6.118933852353786,0.6931471805599453,0,Lost,1,453.38,1
16482,16,1,220.62,220.62,18,16,5,1,1,7,5.400964203508179,0.6931471805599453,3,New Customer,0,220.62,1
16483,192,1,139.35,139.35,19,192,2,1,1,4,4.9441393028078915,0.6931471805599453,3,New Customer,1,139.35,1
16484,174,2,404.3,202.15000000000003,25,191,3,2,2,7,6.004627533634263,1.0986122886681096,3,New Customer,0,404.3,2
16485,77,5,2294.68,458.936,126,734,3,4,4,11,7.738784374903863,1.791759469228055,1,Regular,0,2294.68,5
16486,538,1,134.36,134.36,7,538,1,1,1,3,4.907937895857914,0.6931471805599453,0,Lost,1,134.36,1
16487,577,2,209.4,104.7,28,659,1,2,1,4,5.349010480863555,1.0986122886681096,0,Lost,1,209.4,2
16488,33,3,498.8,166.26666666666665,28,149,4,3,2,9,6.214208018400852,1.3862943611198906,3,New Customer,0,498.8,3
16489,380,2,303.7,151.85000000000002,4,436,2,2,2,6,5.719327685991663,1.0986122886681096,0,Lost,1,303.7,2
16490,436,1,205.41000000000003,205.41000000000003,13,436,1,1,1,3,5.329864482046166,0.6931471805599453,0,Lost,1,205.41000000000003,1
16491,47,2,1533.16,766.58,86,413,4,2,4,10,7.33573827896526,1.0986122886681096,1,Regular,0,1533.16,2
16492,541,1,385.56,385.56,23,541,1,1,2,4,5.957287095306396,0.6931471805599453,0,Lost,1,385.56,1
16493,80,7,2132.09,304.5842857142858,77,623,3,4,4,11,7.665326911674032,2.0794415416798357,1,Regular,0,2132.09,7
16494,297,1,826.53,826.5299999999999,47,297,2,1,3,6,6.7184453603705006,0.6931471805599453,4,At Risk,1,826.53,1
16495,3,3,684.41,228.13666666666666,78,276,5,3,3,11,6.530017199354501,1.3862943611198906,3,New Customer,0,684.41,3
16496,9,6,2330.77,388.46166666666664,120,509,5,4,4,13,7.754382914819036,1.9459101490553132,1,Regular,0,2330.77,6
16497,50,23,6695.28,291.0991304347826,239,736,4,5,5,14,8.809307427304605,3.1780538303479458,2,VIP,0,6695.28,23
16498,161,2,100.97,50.48500000000001,15,162,3,2,1,6,4.624678652376135,1.0986122886681096,3,New Customer,0,100.97,2
16499,360,8,2578.34,322.2925,104,547,2,5,4,11,7.855288831236204,2.1972245773362196,4,At Risk,1,2578.34,8
16500,5,9,843.9100000000001,93.76777777777778,24,543,5,5,3,13,6.739230112808961,2.302585092994046,1,Regular,0,843.9100000000001,9
16501,383,1,1237.23,1237.23,181,383,2,1,3,6,7.121438219510729,0.6931471805599453,4,At Risk,1,1237.23,1
16502,620,2,266.5,133.25,41,620,1,2,1,4,5.589119566336061,1.0986122886681096,0,Lost,1,266.5,2
16503,107,11,3614.34,328.5763636363636,161,536,3,5,5,13,8.192941182728983,2.4849066497880004,2,VIP,0,3614.34,11
16504,25,1,484.38,484.38,76,25,4,1,2,7,6.18493208931219,0.6931471805599453,3,New Customer,0,484.38,1
16505,32,1,777.6,777.6,4,32,4,1,3,8,6.657497435176356,0.6931471805599453,3,New Customer,0,777.6,1
16506,20,2,90.30000000000001,45.150000000000006,3,40,4,2,1,7,4.514150787600923,1.0986122886681096,3,New Customer,0,90.30000000000001,2
16507,572,1,152.76,152.76000000000002,37,572,1,1,1,3,5.035392945221982,0.6931471805599453,0,Lost,1,152.76,1
16508,630,1,248.8,248.79999999999998,42,630,1,1,1,3,5.520660597691477,0.6931471805599453,0,Lost,1,248.8,1
16509,297,1,363.7,363.70000000000005,13,297,2,1,2,5,5.8990750978146345,0.6931471805599453,3,New Customer,1,363.7,1
16510,372,6,2100.0,350.0,94,692,2,4,4,10,7.650168700845001,1.9459101490553132,4,At Risk,1,2100.0,6
16511,22,6,1819.02,303.17,235,649,4,4,4,12,7.506602769021451,1.9459101490553132,1,Regular,0,1819.02,6
16513,5,4,874.59,218.64749999999998,33,43,5,4,3,12,6.774897944843427,1.6094379124341003,1,Regular,0,874.59,4
16515,52,10,3216.3,321.63,184,541,4,5,5,14,8.076297777476105,2.3978952727983707,2,VIP,0,3216.3,10
16516,30,1,101.69999999999999,101.7,6,30,4,1,1,6,4.631812116934513,0.6931471805599453,3,New Customer,0,101.69999999999999,1
16517,277,1,162.7,162.70000000000005,17,277,2,1,1,4,5.098035484377089,0.6931471805599453,3,New Customer,1,162.7,1
16518,61,4,959.37,239.8425,61,556,3,4,3,10,6.867318626874623,1.6094379124341003,1,Regular,0,959.37,4
16519,25,4,556.26,139.06500000000003,32,648,4,4,2,10,6.3230319173719,1.6094379124341003,1,Regular,0,556.26,4
16520,186,6,2482.62,413.77,251,647,3,4,4,11,7.817472452284856,1.9459101490553132,1,Regular,1,2482.62,6
16521,415,3,1148.01,382.6700000000001,212,648,1,3,3,7,7.0466559810310745,1.3862943611198906,4,At Risk,1,1148.01,3
16522,436,2,433.36,216.67999999999998,16,450,1,2,2,5,6.0738736833487,1.0986122886681096,4,At Risk,1,433.36,2
16523,2,28,11916.33,425.58321428571435,180,684,5,5,5,15,9.385748922240507,3.367295829986474,2,VIP,0,11916.33,28
16524,446,2,308.14,154.07000000000002,50,691,1,2,2,5,5.733794248724172,1.0986122886681096,0,Lost,1,308.14,2
16525,2,46,24582.64,512.1383333333333,115,737,5,5,5,15,10.10983646003242,3.8501476017100584,2,VIP,0,24582.64,48
16526,172,2,717.21,358.605,30,584,3,2,3,8,6.576762005393183,1.0986122886681096,3,New Customer,0,717.21,2
16527,81,2,1272.44,636.2199999999999,66,424,3,2,4,9,7.1494771790575395,1.0986122886681096,1,Regular,0,1272.44,2
16528,4,1,244.41,244.41000000000003,17,4,5,1,1,7,5.502930281242811,0.6931471805599453,3,New Customer,0,244.41,1
16529,190,4,2012.0,503.0,87,530,2,4,4,10,7.607381425639791,1.6094379124341003,1,Regular,1,2012.0,4
16530,668,1,48.349999999999994,48.349999999999994,3,668,1,1,1,3,3.8989377658794906,0.6931471805599453,0,Lost,1,48.349999999999994,1
16531,22,11,2298.33,208.9390909090909,109,442,4,5,4,13,7.7403730551320615,2.4849066497880004,1,Regular,0,2298.33,11
16532,18,5,8756.64,1751.328,2,621,5,4,5,14,9.07768174124132,1.791759469228055,1,Regular,0,8756.64,5
16533,19,3,1095.56,365.1866666666667,112,68,5,3,3,11,6.999933285923126,1.3862943611198906,1,Regular,0,1095.56,3
16534,642,1,635.9,635.9000000000001,36,642,1,1,3,5,6.45661265737732,0.6931471805599453,0,Lost,1,635.9,1
16535,5,3,1001.59,333.86333333333334,67,680,5,3,3,11,6.910341930712237,1.3862943611198906,1,Regular,0,1001.59,3
16536,110,1,548.97,548.97,49,110,3,1,2,6,6.309863731284314,0.6931471805599453,3,New Customer,0,548.97,1
16537,641,1,23.35,23.35,3,641,1,1,1,3,3.192531849528599,0.6931471805599453,0,Lost,1,23.35,1
16538,541,3,399.62,133.20666666666665,35,595,1,3,2,6,5.993013347097833,1.3862943611198906,0,Lost,1,399.62,3
16539,3,10,3732.01,373.201,83,532,5,5,5,15,8.224970157721604,2.3978952727983707,2,VIP,0,3732.01,10
16540,414,1,226.70000000000002,226.70000000000002,25,414,1,1,1,3,5.428028973069694,0.6931471805599453,0,Lost,1,226.70000000000002,1
16541,726,1,424.03,424.03,38,735,1,1,2,4,6.052159754668478,0.6931471805599453,0,Lost,1,424.03,1
16542,54,2,257.32,128.66,13,401,4,2,1,7,5.55419912645002,1.0986122886681096,3,New Customer,0,257.32,2
16543,592,1,292.21,292.2099999999999,18,592,1,1,2,4,5.680889075842892,0.6931471805599453,0,Lost,1,292.21,1
16544,520,4,376.70000000000005,94.17500000000001,8,662,1,4,2,7,5.934100229718411,1.6094379124341003,4,At Risk,1,376.70000000000005,4
16545,165,2,689.82,344.91,6,376,3,2,3,8,6.5378792977932045,1.0986122886681096,3,New Customer,0,689.82,2
16546,291,5,5606.47,1121.2939999999999,75,442,2,4,5,11,8.631854916402343,1.791759469228055,1,Regular,1,5606.47,5
16547,546,1,111.71,111.71000000000001,25,546,1,1,1,3,4.724818148253987,0.6931471805599453,0,Lost,1,111.71,1
16548,599,1,30.15,30.150000000000002,6,599,1,1,1,3,3.4388142452334622,0.6931471805599453,0,Lost,1,30.15,1
16549,10,34,13182.19,387.7114705882353,836,621,5,5,5,15,9.48669781215506,3.5553480614894135,2,VIP,0,13182.19,34
16550,109,18,9435.13,524.173888888889,274,738,3,5,5,13,9.152301217456825,2.9444389791664403,2,VIP,0,9435.13,18
16551,96,7,2237.12,319.5885714285714,67,726,3,4,4,11,7.713391506737356,2.0794415416798357,1,Regular,0,2237.12,7
16552,243,2,475.02000000000004,237.51000000000002,17,374,2,2,2,6,6.165459870155462,1.0986122886681096,3,New Customer,1,475.02000000000004,2
16553,163,33,16644.01,504.36393939393946,195,666,3,5,5,13,9.71986575078996,3.5263605246161616,2,VIP,0,16644.01,33
16554,42,8,2841.72,355.21500000000003,108,725,4,5,4,13,7.952516619287596,2.1972245773362196,1,Regular,0,2841.72,8
16555,35,6,1915.68,319.28000000000003,59,505,4,4,4,12,7.558349801620829,1.9459101490553132,1,Regular,0,1915.68,6
16556,67,17,8012.58,471.32823529411763,280,733,3,5,5,13,8.988892881537227,2.8903717578961645,2,VIP,0,8012.58,17
16557,24,2,281.85,140.92499999999998,11,137,4,2,1,7,5.644916721789165,1.0986122886681096,3,New Customer,0,281.85,2
16558,1,38,13873.51,365.0923684210526,383,736,5,5,5,15,9.537808622675719,3.6635616461296463,2,VIP,0,13873.51,38
16559,397,1,185.20000000000002,185.2,17,397,2,1,1,4,5.226821364842967,0.6931471805599453,0,Lost,1,185.20000000000002,1
16560,27,8,3048.38,381.0475,140,732,4,5,5,14,8.02269357024902,2.1972245773362196,1,Regular,0,3048.38,8
16561,6,2,511.12,255.56,29,60,5,2,2,9,6.238558972577978,1.0986122886681096,3,New Customer,0,511.12,2
16562,477,1,223.85999999999999,223.86,34,477,1,1,1,3,5.415477986321614,0.6931471805599453,0,Lost,1,223.85999999999999,1
16563,54,6,4422.76,737.1266666666667,55,738,4,4,5,13,8.39474529218269,1.9459101490553132,1,Regular,0,4422.76,6
16564,569,1,87.8,87.79999999999998,5,569,1,1,1,3,4.486386649998124,0.6931471805599453,0,Lost,1,87.8,1
16565,364,4,773.05,193.26250000000002,7,556,2,4,3,9,6.651636470986475,1.6094379124341003,4,At Risk,1,773.05,4
16566,15,5,614.66,122.93200000000002,14,293,5,4,2,11,6.422694863102173,1.791759469228055,1,Regular,0,614.66,5
16567,194,2,865.6,432.8,34,337,2,2,3,7,6.764577509305809,1.0986122886681096,3,New Customer,1,865.6,2
16568,428,2,1020.9000000000001,510.45000000000005,5,641,1,2,3,6,6.929418918618164,1.0986122886681096,4,At Risk,1,1020.9000000000001,2
16569,3,5,1455.23,291.04600000000005,27,723,5,4,4,13,7.28360618331412,1.791759469228055,1,Regular,0,1455.23,5
16570,15,20,7434.31,371.7155,114,620,5,5,5,15,8.913995552712347,3.044522437723423,2,VIP,0,7434.31,20
16571,27,10,4248.74,424.87399999999997,151,632,4,5,5,14,8.354613083576517,2.3978952727983707,2,VIP,0,4248.74,10
16572,127,3,1009.6,336.53333333333336,40,276,3,3,3,9,6.918299492857808,1.3862943611198906,1,Regular,0,1009.6,3
16573,85,2,663.61,331.805,40,290,3,2,3,8,6.499200402451892,1.0986122886681096,3,New Customer,0,663.61,2
16574,71,3,1301.78,433.9266666666668,86,659,3,3,4,10,7.172255721733736,1.3862943611198906,1,Regular,0,1301.78,3
16576,420,2,540.87,270.435,32,522,1,2,2,5,6.2950261202719355,1.0986122886681096,4,At Risk,1,540.87,2
16577,667,1,380.0,380.0,23,667,1,1,2,4,5.942799375126701,0.6931471805599453,0,Lost,1,380.0,1
16578,626,1,156.6,156.6,9,626,1,1,1,3,5.060060177423779,0.6931471805599453,0,Lost,1,156.6,1
16579,426,1,295.05,295.04999999999995,14,426,1,1,2,4,5.690528358977785,0.6931471805599453,0,Lost,1,295.05,1
16581,183,1,105.84,105.84,9,183,3,1,1,5,4.67133238824176,0.6931471805599453,3,New Customer,1,105.84,1
16582,113,1,313.62,313.61999999999995,6,113,3,1,2,6,5.751365561394358,0.6931471805599453,3,New Customer,0,313.62,1
16583,374,2,531.4,265.70000000000005,18,674,2,2,2,6,6.277395086520957,1.0986122886681096,4,At Risk,1,531.4,2
16584,80,5,3163.67,632.7340000000002,61,662,3,4,5,12,8.059804063739419,1.791759469228055,1,Regular,0,3163.67,5
16585,594,2,341.59,170.79500000000002,16,695,1,2,2,5,5.83653439690594,1.0986122886681096,0,Lost,1,341.59,2
16586,249,3,1462.78,487.5933333333333,27,636,2,3,4,9,7.288777410005061,1.3862943611198906,4,At Risk,1,1462.78,3
16587,232,1,225.15,225.14999999999995,13,232,2,1,1,4,5.421198495923853,0.6931471805599453,3,New Customer,1,225.15,1
16588,386,4,1361.28,340.32,64,574,2,4,4,10,7.216915045610148,1.6094379124341003,4,At Risk,1,1361.28,4
16589,71,4,612.36,153.09,39,450,3,4,2,9,6.418952039250639,1.6094379124341003,1,Regular,0,612.36,4
16590,401,2,605.9,302.95000000000005,26,415,2,2,2,6,6.40836403284181,1.0986122886681096,4,At Risk,1,605.9,2
16591,69,1,213.5,213.5,10,69,3,1,1,5,5.368309738368072,0.6931471805599453,3,New Customer,0,213.5,1
16592,4,28,7807.91,278.8539285714286,221,721,5,5,5,15,8.963020668432987,3.367295829986474,2,VIP,0,7807.91,28
16593,51,8,1071.1399999999999,133.8925,57,735,4,5,3,12,6.977411930118625,2.1972245773362196,1,Regular,0,1071.1399999999999,8
16594,75,1,181.09,181.09,53,75,3,1,1,5,5.204501070343752,0.6931471805599453,3,New Customer,0,181.09,1
16595,61,5,1810.18,362.03599999999994,337,692,3,4,4,11,7.501733845545069,1.791759469228055,1,Regular,0,1810.18,5
16596,16,4,579.63,144.90750000000003,23,729,5,4,2,11,6.364113720941144,1.6094379124341003,1,Regular,0,579.63,4
16597,4,1,90.04,90.04000000000002,7,4,5,1,1,7,4.511298970378021,0.6931471805599453,3,New Customer,0,90.04,1
16598,286,1,145.04999999999998,145.05,10,286,2,1,1,4,4.98394902883375,0.6931471805599453,3,New Customer,1,145.04999999999998,1
16599,386,1,172.8,172.8,12,386,2,1,1,4,5.157905212831292,0.6931471805599453,0,Lost,1,172.8,1
16600,4,13,2153.41,165.64692307692306,106,721,5,5,4,14,7.675272183150189,2.639057329615259,2,VIP,0,2153.41,13
16601,41,3,684.25,228.08333333333334,60,623,4,3,3,10,6.529783735182895,1.3862943611198906,3,New Customer,0,684.25,3
16602,36,2,763.33,381.66499999999996,37,389,4,2,3,9,6.638999633081288,1.0986122886681096,3,New Customer,0,763.33,2
16603,75,2,482.47,241.235,34,91,3,2,2,7,6.180989265398516,1.0986122886681096,3,New Customer,0,482.47,2
16604,563,2,432.45,216.225,10,568,1,2,2,5,6.071776449314649,1.0986122886681096,0,Lost,1,432.45,2
16605,724,1,60.48,60.48,1,724,1,1,1,3,4.118711918670395,0.6931471805599453,0,Lost,1,60.48,1
16606,404,2,357.66,178.83,16,434,2,2,2,6,5.882374864520278,1.0986122886681096,0,Lost,1,357.66,2
16607,18,25,5706.87,228.2748,212,589,5,5,5,15,8.649601203284814,3.258096538021482,2,VIP,0,5706.87,25
16608,454,2,1288.72,644.36,94,664,1,2,4,7,7.162180419532466,1.0986122886681096,4,At Risk,1,1288.72,2
16609,15,7,5493.46,784.78,155,253,5,4,5,14,8.611495590853199,2.0794415416798357,1,Regular,0,5493.46,7
16610,219,1,75.66,75.66,6,219,2,1,1,4,4.339380059952409,0.6931471805599453,3,New Customer,1,75.66,1
16611,186,6,1785.13,297.52166666666665,86,639,3,4,4,11,7.487806547141364,1.9459101490553132,1,Regular,1,1785.13,6
16612,33,9,3245.43,360.60333333333335,105,736,4,5,5,14,8.085311210034273,2.302585092994046,1,Regular,0,3245.43,9
16613,70,1,618.59,618.5900000000001,30,70,3,1,3,7,6.429057968967668,0.6931471805599453,3,New Customer,0,618.59,1
16614,183,3,1179.79,393.2633333333333,37,578,3,3,3,9,7.073938984975659,1.3862943611198906,1,Regular,1,1179.79,3
16615,626,1,291.5,291.5,19,626,1,1,2,4,5.678464666671911,0.6931471805599453,0,Lost,1,291.5,1
16616,15,2,500.42,250.21,31,157,5,2,2,9,6.2174440732414,1.0986122886681096,3,New Customer,0,500.42,2
16617,236,1,151.85,151.85000000000002,5,236,2,1,1,4,5.029457048336844,0.6931471805599453,3,New Customer,1,151.85,1
16618,31,5,2647.59,529.5179999999999,79,323,4,4,4,12,7.881782701906185,1.791759469228055,1,Regular,0,2647.59,5
16619,264,4,1938.33,484.5825,103,656,2,4,4,10,7.5700978315818475,1.6094379124341003,4,At Risk,1,1938.33,4
16620,4,6,1758.93,293.155,78,738,5,4,4,13,7.473029314513969,1.9459101490553132,1,Regular,0,1758.93,6
16621,52,4,813.48,203.37000000000003,22,278,4,4,3,11,6.70254987279894,1.6094379124341003,1,Regular,0,813.48,4
16622,544,1,225.4,225.39999999999998,12,544,1,1,1,3,5.422303346329028,0.6931471805599453,0,Lost,1,225.4,1
16623,246,4,1015.24,253.81000000000003,44,592,2,4,3,9,6.923864820715205,1.6094379124341003,4,At Risk,1,1015.24,4
16624,81,2,810.5699999999999,405.28499999999997,44,197,3,2,3,8,6.6989706432467875,1.0986122886681096,3,New Customer,0,810.5699999999999,2
16625,275,5,1654.03,330.806,82,544,2,4,4,10,7.411574414535091,1.791759469228055,4,At Risk,1,1654.03,5
16626,1,17,4413.1,259.59411764705885,86,267,5,5,5,15,8.392559241748096,2.8903717578961645,2,VIP,0,4413.1,17
16627,79,1,322.8,322.80000000000007,20,79,3,1,2,6,5.780126041243535,0.6931471805599453,3,New Customer,0,322.8,1
16628,30,7,2318.1,331.15714285714284,84,642,4,4,4,12,7.7489344583611635,2.0794415416798357,1,Regular,0,2318.1,7
16629,74,2,417.73,208.865,58,96,3,2,2,7,6.037226320804645,1.0986122886681096,3,New Customer,0,417.73,2
16630,407,1,106.80000000000001,106.80000000000001,4,407,2,1,1,4,4.680277658474897,0.6931471805599453,0,Lost,1,106.80000000000001,1
16631,482,7,1892.52,270.36,46,652,1,4,4,9,7.546192809736556,2.0794415416798357,4,At Risk,1,1892.52,7
16632,486,2,406.4,203.2,22,581,1,2,2,5,6.009795503792706,1.0986122886681096,0,Lost,1,406.4,2
16633,17,6,2883.1,480.5166666666667,115,234,5,4,4,13,7.966968171867508,1.9459101490553132,1,Regular,0,2883.1,6
16634,223,6,1814.61,302.435,72,688,2,4,4,10,7.504176778388248,1.9459101490553132,1,Regular,1,1814.61,6
16635,407,1,473.0,473.0,25,407,2,1,2,5,6.161207321695077,0.6931471805599453,0,Lost,1,473.0,1
16636,438,4,3802.04,950.5099999999999,62,646,1,4,5,10,8.243556025885042,1.6094379124341003,4,At Risk,1,3802.04,4
16637,32,4,1154.47,288.61750000000006,66,226,4,4,3,11,7.052262466590724,1.6094379124341003,1,Regular,0,1154.47,4
16638,23,15,2430.53,162.03533333333334,130,478,4,5,4,13,7.796275967830652,2.772588722239781,2,VIP,0,2430.53,15
16639,31,4,1747.98,436.995,76,409,4,4,4,12,7.466788039847446,1.6094379124341003,1,Regular,0,1747.98,4
16640,398,1,179.4,179.39999999999998,13,398,2,1,1,4,5.1951766076285235,0.6931471805599453,0,Lost,1,179.4,1
16641,106,2,554.5,277.25000000000006,36,702,3,2,2,7,6.319868609079685,1.0986122886681096,3,New Customer,0,554.5,2
16642,5,3,1077.45,359.15000000000003,50,415,5,3,3,11,6.983280104068383,1.3862943611198906,1,Regular,0,1077.45,3
16643,246,2,923.11,461.555,48,423,2,2,3,7,6.828831112175126,1.0986122886681096,4,At Risk,1,923.11,2
16644,178,2,833.78,416.89,62,212,3,2,3,8,6.72716821708184,1.0986122886681096,3,New Customer,0,833.78,2
16645,726,1,160.39,160.39,14,736,1,1,1,3,5.083823796047731,0.6931471805599453,0,Lost,1,160.39,1
16646,449,1,678.8,678.8000000000001,29,449,1,1,3,5,6.521798637262016,0.6931471805599453,4,At Risk,1,678.8,1
16647,170,4,541.9,135.475,28,544,3,4,2,9,6.296925140911405,1.6094379124341003,3,New Customer,0,541.9,4
16648,43,3,672.8,224.26666666666665,37,590,4,3,3,10,6.512933330972452,1.3862943611198906,3,New Customer,0,672.8,3
16649,520,1,306.58000000000004,306.58,20,520,1,1,2,4,5.728735216011778,0.6931471805599453,0,Lost,1,306.58000000000004,1
16650,72,7,1916.11,273.72999999999996,71,519,3,4,4,11,7.558574122724386,2.0794415416798357,1,Regular,0,1916.11,7
16651,587,1,136.2,136.2,6,587,1,1,1,3,4.921439715291784,0.6931471805599453,0,Lost,1,136.2,1
16652,59,16,17550.39,1096.8993750000002,124,633,4,5,5,14,9.772888428036879,2.833213344056216,2,VIP,0,17550.39,16
16653,16,2,1212.66,606.3300000000002,67,71,5,2,3,10,7.101395866495808,1.0986122886681096,1,Regular,0,1212.66,2
16654,141,8,1711.47,213.93375,64,612,3,5,4,12,7.445692051734759,2.1972245773362196,1,Regular,0,1711.47,8
16655,18,13,6548.37,503.72076923076924,408,677,5,5,5,15,8.787124140797289,2.639057329615259,2,VIP,0,6548.37,13
16656,22,30,16833.170000000002,561.1056666666667,22,735,4,5,5,14,9.731166028330486,3.4339872044851463,2,VIP,0,16833.170000000002,30
16657,10,4,933.62,233.40499999999997,158,255,5,4,3,12,6.8401400295665695,1.6094379124341003,1,Regular,0,933.62,4
16658,368,6,814.07,135.6783333333333,49,619,2,4,3,9,6.703273999123117,1.9459101490553132,4,At Risk,1,814.07,6
16659,189,1,39.12,39.12,2,189,3,1,1,5,3.691874963093735,0.6931471805599453,3,New Customer,1,39.12,1
16660,16,7,1879.55,268.5071428571428,20,695,5,4,4,13,7.5393195662301435,2.0794415416798357,1,Regular,0,1879.55,7
16661,540,4,986.63,246.65749999999997,50,722,1,4,3,8,6.89530813368038,1.6094379124341003,4,At Risk,1,986.63,4
16662,394,1,163.8,163.79999999999995,28,394,2,1,1,4,5.1047326174753715,0.6931471805599453,0,Lost,1,163.8,1
16663,726,1,165.0,165.0,1,729,1,2,1,4,5.111987788356544,0.6931471805599453,0,Lost,1,165.0,1
16664,569,1,109.2,109.19999999999999,8,569,1,2,1,4,4.702296896718814,0.6931471805599453,0,Lost,1,109.2,1
16665,362,1,135.39999999999998,135.39999999999998,9,362,2,2,1,5,4.915591745409362,0.6931471805599453,0,Lost,1,135.39999999999998,1
16666,19,2,225.94,112.97,42,621,5,2,1,8,5.424685665362843,1.0986122886681096,3,New Customer,0,225.94,2
16667,68,2,570.13,285.065,52,284,3,2,2,7,6.347616854496022,1.0986122886681096,3,New Customer,0,570.13,2
16668,15,13,862.42,66.34,28,631,5,5,3,13,6.760901247087513,2.639057329615259,1,Regular,0,862.42,13
16669,24,3,1374.8700000000001,458.28999999999996,141,78,4,3,4,11,7.226841537285894,1.3862943611198906,1,Regular,0,1374.8700000000001,3
16670,17,20,8030.150000000001,401.5075,258,729,5,5,5,15,8.991083009638244,3.044522437723423,2,VIP,0,8030.150000000001,20
16671,28,3,1692.27,564.09,3,165,4,3,4,11,7.434416849630159,1.3862943611198906,1,Regular,0,1692.27,3
16672,2,20,8134.9400000000005,406.74699999999996,22,267,5,5,5,15,9.004046563069934,3.044522437723423,2,VIP,0,8134.9400000000005,20
16673,679,1,188.83,188.82999999999998,19,679,1,2,1,4,5.24612893480245,0.6931471805599453,0,Lost,1,188.83,1
16674,55,2,319.61,159.80499999999998,89,98,4,2,2,8,5.770225431204915,1.0986122886681096,3,New Customer,0,319.61,2
16675,442,2,608.86,304.43,21,478,1,2,2,5,6.413229422629599,1.0986122886681096,4,At Risk,1,608.86,2
16676,34,6,2361.9,393.6499999999999,106,418,4,4,4,12,7.767644957205523,1.9459101490553132,1,Regular,0,2361.9,6
16677,411,2,880.62,440.31000000000006,45,652,1,2,3,6,6.781761124166734,1.0986122886681096,4,At Risk,1,880.62,2
16678,3,12,3109.99,259.1658333333333,92,283,5,5,5,15,8.042696282491956,2.5649493574615367,2,VIP,0,3109.99,12
16679,366,3,793.06,264.3533333333333,15,547,2,3,3,8,6.677159025142743,1.3862943611198906,4,At Risk,1,793.06,3
16680,43,3,821.45,273.81666666666666,24,535,4,3,3,10,6.712287690518167,1.3862943611198906,1,Regular,0,821.45,3
16681,73,7,1921.84,274.5485714285714,22,641,3,4,4,11,7.561558538799058,2.0794415416798357,1,Regular,0,1921.84,7
16682,5,5,1028.0,205.59999999999997,15,188,5,4,3,12,6.9363427358340495,1.791759469228055,1,Regular,0,1028.0,5
16683,534,1,320.25,320.25,18,534,1,2,2,5,5.77221963620943,0.6931471805599453,0,Lost,1,320.25,1
16684,4,46,29730.420199999626,2675.323090909091,184,732,5,5,5,15,10.299959684780548,3.8501476017100584,2,VIP,0,147142.77,55
16685,61,2,324.24,162.12,60,61,3,2,2,7,5.784563371339637,1.0986122886681096,3,New Customer,0,324.24,2
16686,47,16,5070.92,316.9325,549,733,4,5,5,14,8.531474723122006,2.833213344056216,2,VIP,0,5070.92,16
16687,391,1,157.63,157.63,8,391,2,2,1,5,5.066574446420364,0.6931471805599453,0,Lost,1,157.63,1
16688,1,4,1260.86,315.215,52,61,5,4,4,13,7.1403421019236415,1.6094379124341003,1,Regular,0,1260.86,4
16689,76,2,422.59999999999997,211.29999999999998,12,82,3,2,2,7,6.048789613727251,1.0986122886681096,3,New Customer,0,422.59999999999997,2
16690,72,4,353.03,88.25750000000001,12,451,3,4,2,9,5.869381655305767,1.6094379124341003,3,New Customer,0,353.03,4
16691,418,2,178.83,89.41499999999999,11,561,1,2,1,4,5.192011960177106,1.0986122886681096,0,Lost,1,178.83,2
16692,256,4,1914.6999999999998,478.67499999999995,3,442,2,4,4,10,7.557838370071055,1.6094379124341003,4,At Risk,1,1914.6999999999998,4
16693,69,5,1199.46,239.892,149,657,3,4,3,10,7.090460095655974,1.791759469228055,1,Regular,0,1199.46,5
16694,723,1,98.30000000000001,98.30000000000001,3,723,1,2,1,4,4.598145571051127,0.6931471805599453,0,Lost,1,98.30000000000001,1
16695,562,2,193.15,96.57499999999999,30,562,1,2,1,4,5.268631056177677,1.0986122886681096,0,Lost,1,193.15,2
16696,135,4,657.9000000000001,164.47500000000002,7,248,3,4,3,10,6.490571777919774,1.6094379124341003,1,Regular,0,657.9000000000001,4
16697,241,1,112.75,112.75000000000001,20,241,2,2,1,5,4.7340030578310595,0.6931471805599453,3,New Customer,1,112.75,1
16698,227,2,1998.0,999.0,4,253,2,2,4,8,7.6004023345004,1.0986122886681096,4,At Risk,1,1998.0,2
16699,380,7,994.6,142.0857142857143,51,735,2,4,3,9,6.903345570493437,2.0794415416798357,4,At Risk,1,994.6,7
16700,9,25,9167.710000000001,366.7084,263,738,5,5,5,15,9.123551879236922,3.258096538021482,2,VIP,0,9167.710000000001,25
16701,9,26,9916.73,381.4126923076923,154,738,5,5,5,15,9.20207934344803,3.295836866004329,2,VIP,0,9916.73,26
16702,415,4,1110.83,277.7075,84,732,1,4,3,8,7.0137625854257,1.6094379124341003,4,At Risk,1,1110.83,4
16704,618,2,695.66,347.83,50,672,1,2,3,6,6.54629748686697,1.0986122886681096,0,Lost,1,695.66,2
16705,1,42,29730.420199999626,1036.072642857143,400,730,5,5,5,15,10.299959684780548,3.7612001156935624,2,VIP,0,43515.051,42
16706,37,3,531.35,177.11666666666665,108,114,4,3,2,9,6.277301167760616,1.3862943611198906,3,New Customer,0,531.35,3
16707,400,4,551.11,137.7775,64,640,2,4,2,8,6.313747301786717,1.6094379124341003,4,At Risk,1,551.11,4
16708,46,1,656.63,656.6300000000001,27,46,4,2,3,9,6.488642463139346,0.6931471805599453,3,New Customer,0,656.63,1
16709,85,14,9087.460000000001,649.1042857142858,220,730,3,5,5,13,9.114760755877159,2.70805020110221,2,VIP,0,9087.460000000001,14
16710,19,22,6349.09,288.595,541,735,5,5,5,15,8.756224265014644,3.1354942159291497,2,VIP,0,6349.09,22
16711,3,9,2868.48,318.72,26,737,5,5,4,14,7.961886107668752,2.302585092994046,1,Regular,0,2868.48,9
16712,9,13,4266.99,328.22999999999996,301,401,5,5,5,15,8.358898269401092,2.639057329615259,2,VIP,0,4266.99,13
16713,19,32,14560.69,455.02156249999996,541,725,5,5,5,15,9.58614938644348,3.4965075614664802,2,VIP,0,14560.69,32
16714,219,4,1529.8,382.45000000000005,95,671,2,4,4,10,7.333545753551547,1.6094379124341003,1,Regular,1,1529.8,4
16715,78,2,625.52,312.76000000000005,27,563,3,2,3,8,6.440180697210462,1.0986122886681096,3,New Customer,0,625.52,2
16716,267,3,2149.6800000000003,716.5600000000001,7,631,2,3,4,9,7.673539350185795,1.3862943611198906,4,At Risk,1,2149.6800000000003,3
16717,24,14,6986.2300000000005,499.01642857142855,274,732,4,5,5,14,8.851839476287456,2.70805020110221,2,VIP,0,6986.2300000000005,14
16718,369,5,3647.53,729.506,123,733,2,4,5,11,8.202079625729086,1.791759469228055,4,At Risk,1,3647.53,5
16719,15,14,3973.3,283.8071428571429,204,727,5,5,5,15,8.287603910951965,2.70805020110221,2,VIP,0,3973.3,14
16720,26,3,795.48,265.16,130,722,4,3,3,10,6.6802020191792275,1.3862943611198906,1,Regular,0,795.48,3
16721,262,1,292.47,292.46999999999997,37,262,2,2,2,6,5.681775419393111,0.6931471805599453,3,New Customer,1,292.47,1
16722,17,22,8989.08,408.5945454545454,145,736,5,5,5,15,9.10387702620249,3.1354942159291497,2,VIP,0,8989.08,22
16723,91,4,1301.63,325.40749999999997,108,735,3,4,4,11,7.17214057670845,1.6094379124341003,1,Regular,0,1301.63,4
16724,405,1,147.35,147.35,17,405,2,2,1,5,4.99957434673683,0.6931471805599453,0,Lost,1,147.35,1
16725,302,14,1882.11,134.4364285714286,242,726,2,5,4,11,7.540679944369933,2.70805020110221,2,VIP,1,1882.11,14
16726,26,7,2088.41,298.3442857142858,150,411,4,4,4,12,7.644637008454939,2.0794415416798357,1,Regular,0,2088.41,7
16727,364,4,1437.42,359.355,158,689,2,4,4,10,7.2713005679588445,1.6094379124341003,4,At Risk,1,1437.42,4
16728,46,4,1054.67,263.6675,218,264,4,4,3,11,6.9619309154279065,1.6094379124341003,1,Regular,0,1054.67,4
16729,38,21,7239.92,344.7580952380952,234,241,4,5,5,14,8.887503549130026,3.091042453358316,2,VIP,0,7239.92,21
16730,52,3,743.11,247.70333333333335,75,319,4,3,3,10,6.612188873366803,1.3862943611198906,1,Regular,0,743.11,3
16731,648,1,174.05,174.04999999999998,40,648,1,2,1,4,5.165071647400675,0.6931471805599453,0,Lost,1,174.05,1
16732,32,4,4387.64,1096.91,199,731,4,4,5,13,8.386774663084227,1.6094379124341003,1,Regular,0,4387.64,4
16733,530,1,259.68,259.68000000000006,12,530,1,2,1,4,5.56329360146418,0.6931471805599453,0,Lost,1,259.68,1
16734,52,3,650.51,216.83666666666667,44,114,4,3,3,10,6.47929274564127,1.3862943611198906,3,New Customer,0,650.51,3
16735,79,14,6270.56,447.8971428571428,178,732,3,5,5,13,8.743780406508177,2.70805020110221,2,VIP,0,6270.56,14
16736,506,5,2956.56,591.3120000000001,116,736,1,4,4,9,7.992119883051658,1.791759469228055,4,At Risk,1,2956.56,5
16737,53,2,835.1999999999999,417.59999999999997,1,578,4,2,3,9,6.728867818922464,1.0986122886681096,3,New Customer,0,835.1999999999999,2
16738,298,1,3.75,3.75,1,298,2,2,1,5,1.55814461804655,0.6931471805599453,0,Lost,1,3.75,1
16739,177,2,786.43,393.2149999999999,33,537,3,2,3,8,6.6687744778600475,1.0986122886681096,3,New Customer,0,786.43,2
16740,395,1,236.81,236.81,30,395,2,2,1,5,5.471472035517174,0.6931471805599453,0,Lost,1,236.81,1
16741,625,1,173.06,173.06,11,625,1,2,1,4,5.159400067361368,0.6931471805599453,0,Lost,1,173.06,1
16742,47,14,2852.6099999999997,203.75785714285712,51,723,4,5,4,13,7.95634013838393,2.70805020110221,2,VIP,0,2852.6099999999997,14
16743,29,14,4253.26,303.80428571428575,118,596,4,5,5,14,8.355676112839369,2.70805020110221,2,VIP,0,4253.26,14
16744,11,7,1304.76,186.3942857142857,198,173,5,4,4,13,7.174540525720933,2.0794415416798357,1,Regular,0,1304.76,7
16745,87,17,7194.3,423.1941176470588,148,312,3,5,5,13,8.881183314074189,2.8903717578961645,2,VIP,0,7194.3,17
16746,5,42,18066.4,430.152380952381,390,735,5,5,5,15,9.801864488341764,3.7612001156935624,2,VIP,0,18066.4,42
16747,38,2,836.06,418.03,34,68,4,2,3,9,6.729895752508072,1.0986122886681096,3,New Customer,0,836.06,2
16748,18,14,3637.33,259.8092857142857,55,730,5,5,5,15,8.199280064145107,2.70805020110221,2,VIP,0,3637.33,14
16749,591,2,4387.08,2193.54,53,724,1,2,5,8,8.386647052769494,1.0986122886681096,4,At Risk,1,4387.08,2
16750,45,5,623.93,124.78600000000002,74,232,4,4,3,11,6.437639643463933,1.791759469228055,1,Regular,0,623.93,5
16751,31,1,1764.72,1764.7199999999998,24,31,4,2,4,10,7.476313818197086,0.6931471805599453,3,New Customer,0,1764.72,1
16752,373,1,415.0,414.99999999999994,9,373,2,2,2,6,6.030685260261263,0.6931471805599453,0,Lost,1,415.0,1
16753,58,1,223.92000000000002,223.92,34,58,4,2,1,7,5.415744783424001,0.6931471805599453,3,New Customer,0,223.92000000000002,1
16754,372,29,29730.420199999626,2327.671379310345,38,642,2,5,5,12,10.299959684780548,3.4011973816621555,2,VIP,1,67502.47,29
16755,114,7,2900.58,414.36857142857144,219,730,3,4,4,11,7.973010695196109,2.0794415416798357,1,Regular,0,2900.58,7
16756,215,7,1312.3700000000001,187.48142857142855,64,640,2,4,4,10,7.180351632015874,2.0794415416798357,1,Regular,1,1312.3700000000001,7
16757,319,2,270.48,135.24,13,409,2,2,1,5,5.603888471835558,1.0986122886681096,3,New Customer,1,270.48,2
16758,65,1,369.34000000000003,369.34000000000003,22,65,3,2,2,7,5.91442150260967,0.6931471805599453,3,New Customer,0,369.34000000000003,1
16759,8,3,789.79,263.2633333333333,40,31,5,3,3,11,6.673032445794151,1.3862943611198906,1,Regular,0,789.79,3
16760,430,1,228.0,228.0,17,430,1,2,1,4,5.43372200355424,0.6931471805599453,0,Lost,1,228.0,1
16761,97,1,316.62,316.62,13,97,3,2,2,7,5.760855699682501,0.6931471805599453,3,New Customer,0,316.62,1
16762,20,3,1501.38,500.46,51,144,4,3,4,11,7.314805796331314,1.3862943611198906,1,Regular,0,1501.38,3
16763,199,2,964.6999999999999,482.3500000000001,44,738,2,2,3,7,6.872853226972872,1.0986122886681096,3,New Customer,1,964.6999999999999,2
16764,4,13,2799.25,215.32692307692307,209,143,5,5,4,14,7.9374639778918485,2.639057329615259,2,VIP,0,2799.25,13
16765,294,2,454.75,227.375,52,382,2,2,2,6,6.121944413558772,1.0986122886681096,4,At Risk,1,454.75,2
16766,273,2,1145.6,572.7999999999998,17,273,2,2,3,7,7.044556320474283,1.0986122886681096,4,At Risk,1,1145.6,2
16767,31,15,8073.8,538.2533333333333,209,590,4,5,5,14,8.996503379982272,2.772588722239781,2,VIP,0,8073.8,15
16768,48,9,1708.12,189.7911111111111,108,733,4,5,4,13,7.4437338971514055,2.302585092994046,1,Regular,0,1708.12,9
16769,260,4,1141.75,285.43750000000006,76,726,2,4,3,9,7.041192917211854,1.6094379124341003,4,At Risk,1,1141.75,4
16770,58,9,1932.13,214.68111111111114,202,474,4,5,4,13,7.566895729921602,2.302585092994046,1,Regular,0,1932.13,9
16771,33,10,3967.6,396.76000000000005,303,731,4,5,5,14,8.286168666651152,2.3978952727983707,2,VIP,0,3967.6,10
16772,423,3,3723.5499999999997,1241.1833333333334,54,722,1,3,5,9,8.222701318146976,1.3862943611198906,4,At Risk,1,3723.5499999999997,3
16773,57,3,421.24,140.41333333333333,53,733,4,3,2,9,6.045573872755014,1.3862943611198906,3,New Customer,0,421.24,3
16774,68,8,1594.45,199.30625000000003,89,661,3,5,4,12,7.374911107088734,2.1972245773362196,1,Regular,0,1594.45,8
16775,10,16,3056.89,191.05562500000002,132,442,5,5,5,15,8.025480414619006,2.833213344056216,2,VIP,0,3056.89,16
16776,60,2,619.85,309.925,105,416,3,2,3,8,6.431089506862851,1.0986122886681096,3,New Customer,0,619.85,2
16777,80,5,1307.76,261.552,125,633,3,4,4,11,7.176835403034256,1.791759469228055,1,Regular,0,1307.76,5
16778,74,2,245.94,122.97,16,274,3,2,1,6,5.509145392139597,1.0986122886681096,3,New Customer,0,245.94,2
16779,2,46,29730.420199999626,627.7026415094341,293,736,5,5,5,15,10.299959684780548,3.8501476017100584,2,VIP,0,33268.24,53
16780,100,3,605.55,201.85,73,407,3,3,2,8,6.407787165216928,1.3862943611198906,3,New Customer,0,605.55,3
16781,372,2,934.25,467.125,36,669,2,2,3,7,6.840813873228256,1.0986122886681096,4,At Risk,1,934.25,2
16782,10,38,10438.41,274.69500000000005,575,731,5,5,5,15,9.253343346429725,3.6635616461296463,2,VIP,0,10438.41,38
16783,437,1,391.95,391.94999999999993,25,437,1,2,2,5,5.973682377312183,0.6931471805599453,0,Lost,1,391.95,1
16784,20,5,896.53,179.30599999999998,138,621,4,4,3,11,6.799646545987636,1.791759469228055,1,Regular,0,896.53,5
16785,410,1,533.78,533.78,35,410,2,2,2,6,6.281855447370681,0.6931471805599453,0,Lost,1,533.78,1
16786,394,1,51.839999999999996,51.839999999999996,1,394,2,2,1,5,3.9672684796541247,0.6931471805599453,0,Lost,1,51.839999999999996,1
16787,398,4,1035.43,258.8575,102,699,2,4,3,9,6.943537394621777,1.6094379124341003,4,At Risk,1,1035.43,4
16788,123,5,1950.3,390.05999999999995,348,671,3,4,4,11,7.576251096100953,1.791759469228055,1,Regular,0,1950.3,5
16789,8,1,80.8,80.8,5,8,5,2,1,8,4.404277243608702,0.6931471805599453,3,New Customer,0,80.8,1
16790,4,6,1545.6200000000001,257.60333333333335,88,38,5,4,4,13,7.343827183683202,1.9459101490553132,1,Regular,0,1545.6200000000001,6
16791,29,15,4038.69,269.246,393,736,4,5,5,14,8.303923235337827,2.772588722239781,2,VIP,0,4038.69,15
16792,282,5,623.46,124.69200000000001,90,704,2,4,3,9,6.436887276273271,1.791759469228055,4,At Risk,1,623.46,5
16793,57,1,243.84,243.84,16,57,4,2,1,7,5.500604935982869,0.6931471805599453,3,New Customer,0,243.84,1
16794,1,15,2090.91,139.39399999999998,245,624,5,5,4,14,7.645832803226877,2.772588722239781,2,VIP,0,2090.91,15
16795,365,3,2492.39,830.7966666666666,306,683,2,3,4,9,7.82139850931488,1.3862943611198906,4,At Risk,1,2492.39,3
16796,89,1,305.62,305.61999999999995,18,89,3,2,2,7,5.725609195882308,0.6931471805599453,3,New Customer,0,305.62,1
16797,393,5,1827.77,365.554,289,737,2,4,4,10,7.511398888706521,1.791759469228055,4,At Risk,1,1827.77,5
16798,554,3,848.71,282.90333333333336,141,729,1,3,3,7,6.74489511479984,1.3862943611198906,4,At Risk,1,848.71,3
16799,432,2,495.98,247.99,81,454,1,2,2,5,6.208549783838228,1.0986122886681096,4,At Risk,1,495.98,2
16800,11,1,1201.49,1201.4899999999998,148,11,5,2,3,10,7.092149685937022,0.6931471805599453,3,New Customer,0,1201.49,1
16801,163,4,1619.73,404.9325,72,273,3,4,4,11,7.390631944012902,1.6094379124341003,1,Regular,0,1619.73,4
16802,679,2,582.61,291.30499999999995,48,730,1,2,2,5,6.369232951525817,1.0986122886681096,0,Lost,1,582.61,2
16803,65,1,332.3,332.3,24,65,3,2,2,7,5.809042985313694,0.6931471805599453,3,New Customer,0,332.3,1
16804,23,3,536.99,178.99666666666667,59,270,4,3,2,9,6.287839972628443,1.3862943611198906,3,New Customer,0,536.99,3
16805,174,5,1097.24,219.448,213,731,3,4,3,10,7.001464177419488,1.791759469228055,1,Regular,0,1097.24,5
16806,103,4,801.49,200.37250000000003,68,239,3,4,3,10,6.687719393867341,1.6094379124341003,1,Regular,0,801.49,4
16807,143,6,2123.88,353.98,107,623,3,4,4,11,7.661470609175758,1.9459101490553132,1,Regular,0,2123.88,6
16808,99,2,288.42,144.21,21,274,3,2,1,6,5.667878920309847,1.0986122886681096,3,New Customer,0,288.42,2
16809,23,9,1727.43,191.93666666666667,113,605,4,5,4,13,7.454968761000411,2.302585092994046,1,Regular,0,1727.43,9
16810,192,2,842.0400000000001,421.02,34,420,2,2,3,7,6.737014406460975,1.0986122886681096,3,New Customer,1,842.0400000000001,2
16811,5,2,547.07,273.53499999999997,26,17,5,2,2,9,6.3064030160165885,1.0986122886681096,3,New Customer,0,547.07,2
16812,361,4,2392.0,598.0,98,382,2,4,4,10,7.780303087908373,1.6094379124341003,4,At Risk,1,2392.0,4
16813,8,10,1692.98,169.298,248,204,5,5,4,14,7.434836068766861,2.3978952727983707,1,Regular,0,1692.98,10
16814,14,36,12499.710000000001,347.2141666666667,247,608,5,5,5,15,9.433540721677334,3.6109179126442243,2,VIP,0,12499.710000000001,36
16815,454,2,410.97,205.485,66,537,1,2,2,5,6.020950531164366,1.0986122886681096,0,Lost,1,410.97,2
16816,103,4,417.06,104.26500000000001,28,358,3,4,2,9,6.035624962893636,1.6094379124341003,3,New Customer,0,417.06,4
16817,3,13,2804.9,215.7615384615385,107,432,5,5,4,14,7.939479622108615,2.639057329615259,2,VIP,0,2804.9,13
16818,11,11,3349.57,304.50636363636363,172,206,5,5,5,15,8.116885759599102,2.4849066497880004,2,VIP,0,3349.57,11
16819,465,2,182.59,91.295,17,465,1,2,1,4,5.212705010472114,1.0986122886681096,0,Lost,1,182.59,2
16820,96,1,497.61,497.61,26,96,3,2,2,7,6.211824227045576,0.6931471805599453,3,New Customer,0,497.61,1
16821,382,1,113.35,113.35000000000001,7,382,2,2,1,5,4.73926392046879,0.6931471805599453,0,Lost,1,113.35,1
16822,686,1,181.39,181.39,11,686,1,2,1,4,5.206147251575906,0.6931471805599453,0,Lost,1,181.39,1
16823,227,7,2260.09,322.87,149,738,2,4,4,10,7.723602276881599,2.0794415416798357,1,Regular,1,2260.09,7
16824,16,3,686.24,228.74666666666667,34,394,5,3,3,11,6.532683576193766,1.3862943611198906,3,New Customer,0,686.24,3
16825,39,5,1826.89,365.378,48,534,4,4,4,12,7.5109175751488,1.791759469228055,1,Regular,0,1826.89,5
16826,51,1,341.7,341.70000000000005,22,51,4,2,2,8,5.836855428880563,0.6931471805599453,3,New Customer,0,341.7,1
16827,393,5,392.13,78.42600000000002,10,589,2,4,2,8,5.974140345974778,1.791759469228055,4,At Risk,1,392.13,5
16828,93,2,128.5,64.25,8,112,3,2,1,6,4.863680881139593,1.0986122886681096,3,New Customer,0,128.5,2
16829,157,2,513.32,256.65999999999997,25,388,3,2,2,7,6.2428456398334315,1.0986122886681096,3,New Customer,0,513.32,2
16830,39,4,1207.5,301.875,65,727,4,4,3,11,7.097135200143538,1.6094379124341003,1,Regular,0,1207.5,4
16831,565,1,91.8,91.8,6,565,1,2,1,4,4.530446639792155,0.6931471805599453,0,Lost,1,91.8,1
16832,184,5,417.61,83.52199999999999,19,459,3,4,2,9,6.036939698880882,1.791759469228055,3,New Customer,1,417.61,5
16833,1,6,2409.04,401.50666666666666,87,623,5,4,4,13,7.787398623857337,1.9459101490553132,1,Regular,0,2409.04,6
16834,228,2,898.96,449.48,43,674,2,3,3,8,6.8023503178921825,1.0986122886681096,4,At Risk,1,898.96,2
16835,128,6,1538.41,256.40166666666664,58,570,3,4,4,11,7.339154505116535,1.9459101490553132,1,Regular,0,1538.41,6
16836,40,4,782.37,195.59249999999997,42,574,4,4,3,11,6.663605125885249,1.6094379124341003,1,Regular,0,782.37,4
16837,31,11,3170.98,288.2709090909091,123,246,4,5,5,14,8.062111277564622,2.4849066497880004,2,VIP,0,3170.98,11
16838,197,4,1159.61,289.9025,53,663,2,4,3,9,7.0567010079523715,1.6094379124341003,1,Regular,1,1159.61,4
16839,9,44,22310.49,507.05659090909086,132,666,5,5,5,15,10.01285707139101,3.8066624897703196,2,VIP,0,22310.49,44
16840,603,2,139.85,69.92500000000001,9,675,1,3,1,5,4.947695494322382,1.0986122886681096,0,Lost,1,139.85,2
16841,37,12,4006.06,333.8383333333333,187,697,4,5,5,14,8.295813084319896,2.5649493574615367,2,VIP,0,4006.06,12
16842,101,3,1264.19,421.3966666666667,45,302,3,3,4,10,7.142977587511544,1.3862943611198906,1,Regular,0,1264.19,3
16843,43,35,19571.43,559.1837142857142,317,730,4,5,5,14,9.881877222329129,3.58351893845611,2,VIP,0,19571.43,35
16844,563,2,614.34,307.16999999999996,26,583,1,3,2,6,6.4221749605721845,1.0986122886681096,4,At Risk,1,614.34,2
16845,618,1,253.88,253.88,20,618,1,2,1,4,5.540792846161739,0.6931471805599453,0,Lost,1,253.88,1
16846,50,3,842.41,280.80333333333334,47,640,4,3,3,10,6.737453198012385,1.3862943611198906,1,Regular,0,842.41,3
16847,43,2,614.89,307.44500000000005,37,618,4,3,2,9,6.423068376159172,1.0986122886681096,3,New Customer,0,614.89,2
16848,53,4,1411.62,352.905,75,433,4,4,4,12,7.2532014151642725,1.6094379124341003,1,Regular,0,1411.62,4
16849,187,1,124.57,124.57,8,187,3,2,1,6,4.8328633720008725,0.6931471805599453,3,New Customer,1,124.57,1
16850,334,1,332.41,332.41,19,334,2,2,2,6,5.809372963868082,0.6931471805599453,0,Lost,1,332.41,1
16851,4,3,342.45,114.15000000000002,17,52,5,3,2,10,5.83904154065989,1.3862943611198906,3,New Customer,0,342.45,3
16852,10,2,144.91000000000003,72.455,9,176,5,3,1,9,4.982989993275932,1.0986122886681096,3,New Customer,0,144.91000000000003,2
16854,417,2,1408.96,704.4800000000001,72,640,1,3,4,8,7.251316614175486,1.0986122886681096,4,At Risk,1,1408.96,2
16855,24,2,328.4,164.20000000000002,19,43,4,3,2,9,5.79727281774354,1.0986122886681096,3,New Customer,0,328.4,2
16856,15,3,358.49,119.49666666666666,16,442,5,3,2,10,5.884686360362535,1.3862943611198906,3,New Customer,0,358.49,3
16857,443,1,352.8,352.79999999999995,11,443,1,2,2,5,5.8687317817256845,0.6931471805599453,0,Lost,1,352.8,1
16858,369,10,4668.28,466.8280000000001,75,725,2,5,5,12,8.4487601631878,2.3978952727983707,2,VIP,1,4668.28,10
16859,145,7,1932.41,276.05857142857144,87,646,3,4,4,11,7.567040562252569,2.0794415416798357,1,Regular,0,1932.41,7
16860,453,3,1610.62,536.8733333333333,35,662,1,3,4,8,7.38499516326749,1.3862943611198906,4,At Risk,1,1610.62,3
16861,60,5,946.59,189.31799999999998,39,509,3,4,3,10,6.8539219192530085,1.791759469228055,1,Regular,0,946.59,5
16862,547,4,662.33,165.58250000000004,34,701,1,4,3,8,6.497272603912174,1.6094379124341003,4,At Risk,1,662.33,4
16863,31,3,998.52,332.84,43,410,4,3,3,10,6.907275163745259,1.3862943611198906,1,Regular,0,998.52,3
16864,434,2,409.25,204.625,17,599,1,3,2,6,6.0167667299702,1.0986122886681096,4,At Risk,1,409.25,2
16865,402,1,130.95,130.95,15,402,2,2,1,5,4.882423062949333,0.6931471805599453,0,Lost,1,130.95,1
16866,141,3,207.73999999999998,69.24666666666666,10,162,3,3,1,7,5.341089458391906,1.3862943611198906,3,New Customer,0,207.73999999999998,3
16867,690,1,76.74000000000001,76.74000000000001,6,690,1,2,1,4,4.353369925424078,0.6931471805599453,0,Lost,1,76.74000000000001,1
16868,394,3,393.39,131.12999999999997,47,594,2,3,2,7,5.977340267437464,1.3862943611198906,4,At Risk,1,393.39,3
16869,23,4,825.42,206.35500000000002,113,175,4,4,3,11,6.717103118867857,1.6094379124341003,1,Regular,0,825.42,4
16870,469,1,450.15999999999997,450.1600000000001,28,469,1,2,2,5,6.111822043771716,0.6931471805599453,0,Lost,1,450.15999999999997,1
16871,22,6,2812.34,468.72333333333336,131,271,4,4,4,12,7.942127668587332,1.9459101490553132,1,Regular,0,2812.34,6
16872,77,6,1213.13,202.1883333333334,12,463,3,4,3,10,7.101783049906128,1.9459101490553132,1,Regular,0,1213.13,6
16873,5,12,14617.39,1218.1158333333335,252,668,5,5,5,15,9.590035604120759,2.5649493574615367,2,VIP,0,14617.39,12
16874,379,1,217.74,217.73999999999998,31,379,2,2,1,5,5.38788380990708,0.6931471805599453,0,Lost,1,217.74,1
16875,67,11,4234.53,384.95727272727277,161,704,3,5,5,13,8.351263746835542,2.4849066497880004,2,VIP,0,4234.53,11
16876,404,1,136.01,136.01,32,404,2,2,1,5,4.920053915865017,0.6931471805599453,0,Lost,1,136.01,1
16877,12,6,853.72,142.28666666666666,111,208,5,4,3,12,6.750773929921596,1.9459101490553132,1,Regular,0,853.72,6
16878,84,1,13.3,13.3,3,84,3,2,1,6,2.6602595372658615,0.6931471805599453,3,New Customer,0,13.3,1
16880,31,8,1840.86,230.10750000000002,130,493,4,5,4,13,7.518531209583671,2.1972245773362196,1,Regular,0,1840.86,8
16881,67,1,432.0,432.0,1,67,3,2,2,7,6.07073772800249,0.6931471805599453,3,New Customer,0,432.0,1
16882,67,3,705.12,235.04,39,317,3,3,3,9,6.559785194721083,1.3862943611198906,3,New Customer,0,705.12,3
16883,187,19,2396.59,126.1363157894737,159,736,3,5,4,12,7.782219345156252,2.995732273553991,2,VIP,1,2396.59,19
16884,38,4,1073.92,268.48,64,571,4,4,3,11,6.98000151918791,1.6094379124341003,1,Regular,0,1073.92,4
16885,15,4,710.74,177.685,121,385,5,4,3,12,6.567712676182383,1.6094379124341003,1,Regular,0,710.74,4
16886,456,1,134.0,134.0,8,456,1,2,1,4,4.90527477843843,0.6931471805599453,0,Lost,1,134.0,1
16887,35,3,660.72,220.24,94,738,4,3,3,10,6.4948425057388155,1.3862943611198906,3,New Customer,0,660.72,3
16888,401,3,437.15,145.71666666666667,44,701,2,3,2,7,6.08256131750186,1.3862943611198906,4,At Risk,1,437.15,3
16889,195,6,2530.9,421.81666666666666,163,566,2,4,4,10,7.8367252880133655,1.9459101490553132,1,Regular,1,2530.9,6
16890,477,3,285.41,95.13666666666667,17,582,1,3,1,5,5.657424350678052,1.3862943611198906,0,Lost,1,285.41,3
16891,2,11,2056.82,186.98363636363638,335,736,5,5,4,14,7.629402449011984,2.4849066497880004,1,Regular,0,2056.82,11
16892,1,7,762.1,108.87142857142855,119,731,5,4,3,12,6.637389084295587,2.0794415416798357,1,Regular,0,762.1,7
16893,367,2,401.77,200.885,80,376,2,3,2,7,5.998365679421281,1.0986122886681096,4,At Risk,1,401.77,2
16894,502,3,1324.06,441.3533333333333,186,535,1,3,4,8,7.189213020413946,1.3862943611198906,4,At Risk,1,1324.06,3
16895,65,5,1121.42,224.28400000000002,135,666,3,4,3,10,7.023242347588869,1.791759469228055,1,Regular,0,1121.42,5
16896,555,1,103.95,103.95000000000002,18,555,1,2,1,4,4.653484046266642,0.6931471805599453,0,Lost,1,103.95,1
16897,299,2,289.78,144.89,37,314,2,3,1,6,5.672566967503279,1.0986122886681096,3,New Customer,1,289.78,2
16898,26,5,1016.37,203.274,223,577,4,4,3,11,6.924976145026455,1.791759469228055,1,Regular,0,1016.37,5
16899,8,8,1721.02,215.1275,101,397,5,5,4,14,7.4512532993220875,2.1972245773362196,1,Regular,0,1721.02,8
16900,17,3,887.11,295.7033333333333,78,63,5,3,3,11,6.789095609194309,1.3862943611198906,1,Regular,0,887.11,3
16901,726,1,204.26,204.26000000000002,23,729,1,2,1,4,5.324277468217568,0.6931471805599453,0,Lost,1,204.26,1
16902,116,1,1706.88,1706.88,43,116,3,2,4,9,7.443008114269093,0.6931471805599453,3,New Customer,0,1706.88,1
16903,29,3,1062.28,354.0933333333334,148,415,4,3,3,10,6.9691137491130775,1.3862943611198906,1,Regular,0,1062.28,3
16904,4,21,5132.37,244.39857142857147,484,411,5,5,5,15,8.543517642565243,3.091042453358316,2,VIP,0,5132.37,21
16905,5,17,5034.15,296.1264705882353,171,729,5,5,5,15,8.524198596168688,2.8903717578961645,2,VIP,0,5034.15,17
16906,82,7,1448.8,206.9714285714286,180,575,3,4,4,11,7.279180894866777,2.0794415416798357,1,Regular,0,1448.8,7
16907,29,9,1707.9,189.76666666666665,109,526,4,5,4,13,7.443605167652863,2.302585092994046,1,Regular,0,1707.9,9
16908,722,1,252.59,252.59,20,722,1,2,1,4,5.535718789608946,0.6931471805599453,0,Lost,1,252.59,1
16909,72,1,379.14,379.14,18,72,3,2,2,7,5.940539605922692,0.6931471805599453,3,New Customer,0,379.14,1
16910,4,8,1510.06,188.7575,318,91,5,5,4,14,7.320566670286484,2.1972245773362196,1,Regular,0,1510.06,8
16911,636,2,255.25,127.62499999999999,30,661,1,3,1,5,5.546153530452618,1.0986122886681096,0,Lost,1,255.25,2
16912,29,15,4480.31,298.68733333333336,130,731,4,5,5,14,8.407670693379636,2.772588722239781,2,VIP,0,4480.31,15
16913,290,3,423.90999999999997,141.3033333333333,18,652,2,3,2,7,6.051877381793223,1.3862943611198906,4,At Risk,1,423.90999999999997,3
16914,36,1,208.46,208.45999999999995,25,36,4,2,1,7,5.344532790344999,0.6931471805599453,3,New Customer,0,208.46,1
16915,9,11,1543.18,140.2890909090909,54,569,5,5,4,14,7.342248304100646,2.4849066497880004,1,Regular,0,1543.18,11
16916,24,4,1123.4,280.85,180,415,4,4,3,11,7.025004839032377,1.6094379124341003,1,Regular,0,1123.4,4
16917,277,2,1857.83,928.915,45,632,2,3,4,9,7.5277025365253865,1.0986122886681096,4,At Risk,1,1857.83,2
16918,50,16,3213.29,200.830625,280,737,4,5,5,14,8.075361772469643,2.833213344056216,2,VIP,0,3213.29,16
16919,156,24,5125.91,213.57958333333332,230,477,3,5,5,13,8.542258417504407,3.2188758248682006,2,VIP,0,5125.91,24
16920,411,1,355.45,355.45,23,411,1,2,2,5,5.876193977563638,0.6931471805599453,0,Lost,1,355.45,1
16921,61,3,446.67,148.89000000000001,78,600,3,3,2,8,6.104056353843788,1.3862943611198906,3,New Customer,0,446.67,3
16922,573,1,611.08,611.0800000000002,122,573,1,2,2,5,6.416862992923597,0.6931471805599453,0,Lost,1,611.08,1
16923,12,32,13378.36,418.07375,431,678,5,5,5,15,9.501468499952257,3.4965075614664802,2,VIP,0,13378.36,32
16924,21,3,846.75,282.25,69,84,4,3,3,10,6.742585781005748,1.3862943611198906,1,Regular,0,846.75,3
16925,540,1,125.65,125.65,18,540,1,2,1,4,4.841427376447684,0.6931471805599453,0,Lost,1,125.65,1
16926,371,5,1421.35,284.27000000000004,63,526,2,4,4,10,7.2600657122857815,1.791759469228055,4,At Risk,1,1421.35,5
16927,116,3,543.05,181.01666666666668,5,362,3,3,2,8,6.299041154397021,1.3862943611198906,3,New Customer,0,543.05,3
16928,80,29,4113.23,141.8355172413793,135,675,3,5,5,13,8.322206975310369,3.4011973816621555,2,VIP,0,4113.23,29
16929,4,7,1295.39,185.05571428571426,51,156,5,4,4,13,7.167338757569021,2.0794415416798357,1,Regular,0,1295.39,7
16930,26,3,380.55,126.84999999999998,47,68,4,3,2,9,5.944241903735643,1.3862943611198906,3,New Customer,0,380.55,3
16931,5,23,5233.62,227.5486956521739,466,397,5,5,5,15,8.563049532322315,3.1780538303479458,2,VIP,0,5233.62,23
16932,53,3,440.71,146.90333333333334,116,571,4,3,2,9,6.090653558146974,1.3862943611198906,3,New Customer,0,440.71,3
16933,1,9,3181.25,353.47222222222223,213,730,5,5,5,15,8.065343772750545,2.302585092994046,1,Regular,0,3181.25,9
16934,55,6,2110.9900000000002,351.83166666666665,128,622,4,4,4,12,7.655385909966458,1.9459101490553132,1,Regular,0,2110.9900000000002,6
16935,382,3,535.1,178.36666666666667,55,421,2,3,2,7,6.284320710833492,1.3862943611198906,4,At Risk,1,535.1,3
16936,26,2,551.17,275.585,122,386,4,3,2,9,6.313855969878249,1.0986122886681096,3,New Customer,0,551.17,2
16937,499,1,202.1,202.1,49,499,1,2,1,4,5.313698468586339,0.6931471805599453,0,Lost,1,202.1,1
16938,9,9,7043.18,782.5755555555556,547,660,5,5,5,15,8.8599570229523,2.302585092994046,2,VIP,0,7043.18,9
16939,489,3,449.0,149.66666666666666,38,649,1,3,2,6,6.1092475827643655,1.3862943611198906,4,At Risk,1,449.0,3
16940,52,8,6427.66,803.4575,360,731,4,5,5,14,8.768521397380008,2.1972245773362196,2,VIP,0,6427.66,8
16941,612,1,33.0,33.0,2,612,1,2,1,4,3.5263605246161616,0.6931471805599453,0,Lost,1,33.0,1
16942,13,9,1920.59,213.39888888888888,159,228,5,5,4,14,7.560908247315509,2.302585092994046,1,Regular,0,1920.59,9
16943,212,5,1299.49,259.898,24,624,2,4,4,10,7.170496395508893,1.791759469228055,1,Regular,1,1299.49,5
16944,610,1,101.36,101.36,7,610,1,2,1,4,4.628496011291588,0.6931471805599453,0,Lost,1,101.36,1
16945,22,33,8548.16,259.0351515151515,231,731,4,5,5,14,9.053588311490355,3.5263605246161616,2,VIP,0,8548.16,33
16946,383,5,1222.04,244.408,69,648,2,4,3,9,7.109094841611854,1.791759469228055,4,At Risk,1,1222.04,5
16947,236,5,955.21,191.042,50,647,2,4,3,9,6.8629775542004845,1.791759469228055,1,Regular,1,955.21,5
16948,139,7,868.77,124.11000000000001,20,656,3,4,3,10,6.768228808881206,2.0794415416798357,1,Regular,0,868.77,7
16949,4,6,1286.27,214.37833333333336,57,317,5,4,4,13,7.160278975803028,1.9459101490553132,1,Regular,0,1286.27,6
16950,57,10,3784.37,378.437,111,685,4,5,5,14,8.238898915387173,2.3978952727983707,2,VIP,0,3784.37,10
16951,135,3,1277.75,425.91666666666674,73,304,3,3,4,10,7.153638317265837,1.3862943611198906,1,Regular,0,1277.75,3
16952,109,5,798.78,159.756,76,728,3,4,3,10,6.684336689848494,1.791759469228055,1,Regular,0,798.78,5
16953,30,1,20.8,20.8,1,30,4,2,1,7,3.0819099697950434,0.6931471805599453,3,New Customer,0,20.8,1
16954,1,20,6081.88,304.09399999999994,83,690,5,5,5,15,8.713233547017788,3.044522437723423,2,VIP,0,6081.88,20
16955,185,6,1309.41,218.235,33,678,3,4,4,11,7.1780953443273185,1.9459101490553132,1,Regular,1,1309.41,6
16956,18,1,308.74,308.74,16,18,5,2,2,9,5.735733235888028,0.6931471805599453,3,New Customer,0,308.74,1
16957,239,2,416.64,208.32,15,282,2,3,2,7,6.03461981742191,1.0986122886681096,3,New Customer,1,416.64,2
16958,435,1,809.44,809.44,69,435,1,2,3,6,6.697577310057951,0.6931471805599453,4,At Risk,1,809.44,1
16959,87,1,117.35000000000001,117.35000000000001,7,87,3,2,1,6,4.773646335959993,0.6931471805599453,3,New Customer,0,117.35000000000001,1
16960,39,8,2043.43,255.42874999999998,334,647,4,5,4,13,7.622874301018507,2.1972245773362196,1,Regular,0,2043.43,8
16961,116,3,794.56,264.85333333333335,52,532,3,3,3,9,6.679046269195045,1.3862943611198906,1,Regular,0,794.56,3
16962,410,1,251.04,251.04,15,410,2,2,1,5,5.529587805073855,0.6931471805599453,0,Lost,1,251.04,1
16963,187,1,110.55000000000001,110.55000000000001,7,187,3,2,1,6,4.714472920878541,0.6931471805599453,3,New Customer,1,110.55000000000001,1
16964,726,2,207.85,103.925,6,733,1,3,1,5,5.341616290943184,1.0986122886681096,0,Lost,1,207.85,2
16965,227,1,201.19,201.18999999999994,26,227,2,2,1,5,5.309207849379209,0.6931471805599453,3,New Customer,1,201.19,1
16966,8,7,2154.97,307.8528571428572,8,240,5,4,4,13,7.675996017275306,2.0794415416798357,1,Regular,0,2154.97,7
16967,189,1,319.02,319.02,21,189,3,2,2,7,5.768383493840728,0.6931471805599453,3,New Customer,1,319.02,1
16968,4,2,439.43,219.715,31,108,5,3,2,10,6.087751522419478,1.0986122886681096,3,New Customer,0,439.43,2
16969,39,3,650.41,216.80333333333337,42,192,4,3,3,10,6.479139244274806,1.3862943611198906,3,New Customer,0,650.41,3
16970,626,1,71.4,71.4,2,626,1,2,1,4,4.282206299391671,0.6931471805599453,0,Lost,1,71.4,1
16971,38,1,357.21,357.21,40,38,4,2,2,8,5.881119406601529,0.6931471805599453,3,New Customer,0,357.21,1
16972,383,2,786.25,393.125,54,457,2,3,3,8,6.668545859981134,1.0986122886681096,4,At Risk,1,786.25,2
16973,386,1,127.0,127.0,6,386,2,2,1,5,4.852030263919617,0.6931471805599453,0,Lost,1,127.0,1
16974,523,2,365.5,182.75,5,565,1,3,2,6,5.903998521326706,1.0986122886681096,0,Lost,1,365.5,2
16975,423,3,926.12,308.7066666666667,44,506,1,3,3,7,6.832083007026135,1.3862943611198906,4,At Risk,1,926.12,3
16976,267,1,251.51999999999998,251.51999999999998,2,267,2,2,1,5,5.5314904534994245,0.6931471805599453,3,New Customer,1,251.51999999999998,1
16977,395,4,496.0,124.0,25,632,2,4,2,8,6.208590026096629,1.6094379124341003,4,At Risk,1,496.0,4
16978,78,3,768.88,256.29333333333335,65,666,3,3,3,9,6.646234658546923,1.3862943611198906,1,Regular,0,768.88,3
16979,4,9,2859.74,317.74888888888887,82,450,5,5,4,14,7.958835611604893,2.302585092994046,1,Regular,0,2859.74,9
16980,255,3,1473.3300000000002,491.11000000000007,91,428,2,3,4,9,7.295958928288776,1.3862943611198906,4,At Risk,1,1473.3300000000002,3
16982,61,1,384.06,384.06,22,61,3,2,2,7,5.95339916630119,0.6931471805599453,3,New Customer,0,384.06,1
16983,13,11,3710.22,337.2927272727273,151,447,5,5,5,15,8.21911594251549,2.4849066497880004,2,VIP,0,3710.22,11
16984,88,9,10754.8,1194.9777777777776,669,642,3,5,5,13,9.283200422942915,2.302585092994046,2,VIP,0,10754.8,9
16985,17,23,10923.16,474.92,130,729,5,5,5,15,9.298732129135914,3.1780538303479458,2,VIP,0,10923.16,23
16986,30,11,4888.75,444.4318181818182,65,673,4,5,5,14,8.494896456417628,2.4849066497880004,2,VIP,0,4888.75,11
16987,3,11,2535.9,230.5363636363636,155,737,5,5,4,14,7.838698142188607,2.4849066497880004,2,VIP,0,2535.9,11
16988,5,2,382.67,191.335,20,380,5,3,2,10,5.949782808113339,1.0986122886681096,3,New Customer,0,382.67,2
16989,7,6,1133.25,188.875,7,151,5,4,3,12,7.033726918544073,1.9459101490553132,1,Regular,0,1133.25,6
16990,219,2,344.0,172.0,1,423,2,3,2,7,5.84354441703136,1.0986122886681096,3,New Customer,1,344.0,2
16991,421,1,1041.21,1041.21,74,421,1,2,3,6,6.949098737516397,0.6931471805599453,4,At Risk,1,1041.21,1
16992,11,13,5476.5,421.2692307692308,212,667,5,5,5,15,8.608404071469621,2.639057329615259,2,VIP,0,5476.5,13
16993,464,2,1950.9499999999998,975.4749999999999,19,576,1,3,4,8,7.576584151890876,1.0986122886681096,4,At Risk,1,1950.9499999999998,2
16996,30,9,2123.61,235.95666666666662,32,418,4,5,4,13,7.661343535103169,2.302585092994046,1,Regular,0,2123.61,9
16997,288,3,702.0,234.0,7,326,2,3,3,8,6.555356891810665,1.3862943611198906,4,At Risk,1,702.0,3
16998,150,5,402.0,80.4,2,444,3,4,2,9,5.998936561946683,1.791759469228055,3,New Customer,0,402.0,5
16999,23,2,484.82,242.41,21,74,4,3,2,9,6.185838184926078,1.0986122886681096,3,New Customer,0,484.82,2
17000,396,2,406.3,203.15,26,408,2,3,2,7,6.009550014654367,1.0986122886681096,4,At Risk,1,406.3,2
17001,1,19,6640.8,349.5157894736842,108,625,5,5,5,15,8.801138290071108,2.995732273553991,2,VIP,0,6640.8,19
17002,86,7,2571.55,367.3642857142857,64,641,3,4,4,11,7.852652903865288,2.0794415416798357,1,Regular,0,2571.55,7
17003,402,4,830.16,207.54000000000002,90,579,2,4,3,9,6.72282231543168,1.6094379124341003,4,At Risk,1,830.16,4
17004,46,4,2425.16,606.29,48,424,4,4,4,12,7.794065039513912,1.6094379124341003,1,Regular,0,2425.16,4
17005,471,2,742.36,371.17999999999995,14,589,1,3,3,7,6.6111804495820445,1.0986122886681096,4,At Risk,1,742.36,2
17006,5,8,1636.32,204.53999999999996,103,644,5,5,4,14,7.400816037803236,2.1972245773362196,1,Regular,0,1636.32,8
17007,51,7,1120.1,160.01428571428573,63,437,4,4,3,11,7.022065625159548,2.0794415416798357,1,Regular,0,1120.1,7
17008,429,1,81.36,81.36,1,429,1,2,1,4,4.411099882159589,0.6931471805599453,0,Lost,1,81.36,1
17009,551,1,242.06,242.05999999999997,10,551,1,2,1,4,5.493308326442654,0.6931471805599453,0,Lost,1,242.06,1
17010,18,1,195.36,195.36,11,18,5,2,1,8,5.279949709189852,0.6931471805599453,3,New Customer,0,195.36,1
17011,30,3,671.7,223.89999999999998,27,652,4,3,3,10,6.51129946503156,1.3862943611198906,3,New Customer,0,671.7,3
17012,725,1,384.16,384.15999999999997,34,725,1,2,2,5,5.953658832372083,0.6931471805599453,0,Lost,1,384.16,1
17014,8,3,586.33,195.4433333333333,63,67,5,3,2,10,6.3755868424430115,1.3862943611198906,3,New Customer,0,586.33,3
17015,29,3,1842.56,614.1866666666666,182,185,4,3,4,11,7.519453763930569,1.3862943611198906,1,Regular,0,1842.56,3
17016,577,1,552.4,552.4000000000001,41,577,1,2,2,5,6.316081067352825,0.6931471805599453,0,Lost,1,552.4,1
17017,3,29,14110.61,486.5727586206897,120,736,5,5,5,15,9.554753141810268,3.4011973816621555,2,VIP,0,14110.61,29
17018,41,6,2287.7,381.2833333333335,26,735,4,4,4,12,7.735739249764293,1.9459101490553132,1,Regular,0,2287.7,6
17019,11,11,4012.2,364.74545454545455,344,738,5,5,5,15,8.297344207051458,2.4849066497880004,2,VIP,0,4012.2,11
17020,542,2,935.62,467.81,64,647,1,3,3,7,6.842277650354465,1.0986122886681096,4,At Risk,1,935.62,2
17021,442,6,1182.22,197.03666666666666,35,589,1,4,3,8,7.07599481456678,1.9459101490553132,4,At Risk,1,1182.22,6
17022,31,2,260.0,130.0,16,433,4,3,1,8,5.564520407322694,1.0986122886681096,3,New Customer,0,260.0,2
17023,417,3,800.18,266.7266666666667,48,697,1,3,3,7,6.6860856409239275,1.3862943611198906,4,At Risk,1,800.18,3
17024,45,3,95.85,31.95,2,158,4,3,1,8,4.573163389853005,1.3862943611198906,3,New Customer,0,95.85,3
17025,61,5,1510.6399999999999,302.12800000000004,31,641,3,4,4,11,7.320950433152212,1.791759469228055,1,Regular,0,1510.6399999999999,5
17026,185,3,208.98,69.66,4,417,3,3,1,7,5.347012288086795,1.3862943611198906,3,New Customer,1,208.98,3
17027,79,9,1327.1100000000001,147.45666666666668,126,730,3,5,4,12,7.1915121579313555,2.302585092994046,1,Regular,0,1327.1100000000001,9
17028,581,3,1593.83,531.2766666666668,85,721,1,3,4,8,7.3745224264664655,1.3862943611198906,4,At Risk,1,1593.83,3
17029,111,7,2137.3,305.3285714285715,19,664,3,4,4,11,7.66776639979559,2.0794415416798357,1,Regular,0,2137.3,7
17030,64,1,146.87,146.87000000000003,11,64,3,2,1,6,4.996333509385396,0.6931471805599453,3,New Customer,0,146.87,1
17031,12,6,2773.85,462.30833333333334,34,581,5,4,4,13,7.928351970665508,1.9459101490553132,1,Regular,0,2773.85,6
17032,548,8,3004.6,375.57500000000005,183,729,1,5,5,11,8.00823249425976,2.1972245773362196,4,At Risk,1,3004.6,8
17033,86,4,1332.79,333.1975,33,397,3,4,4,11,7.195779792794182,1.6094379124341003,1,Regular,0,1332.79,4
17034,16,5,1283.92,256.784,49,513,5,4,4,13,7.158451738581946,1.791759469228055,1,Regular,0,1283.92,5
17035,246,4,613.59,153.39749999999998,29,737,2,4,2,8,6.420955378818814,1.6094379124341003,4,At Risk,1,613.59,4
17036,383,1,176.9,176.9,12,383,2,2,1,5,5.18122159467179,0.6931471805599453,0,Lost,1,176.9,1
17037,88,1,1267.32,1267.32,75,88,3,2,4,9,7.145448469088846,0.6931471805599453,3,New Customer,0,1267.32,1
17038,30,2,743.17,371.5850000000001,61,415,4,3,3,10,6.612269503355827,1.0986122886681096,3,New Customer,0,743.17,2
17039,604,1,1954.99,1954.99,44,604,1,2,4,7,7.578651738107256,0.6931471805599453,4,At Risk,1,1954.99,1
17040,138,2,463.25,231.625,15,550,3,3,2,8,6.140423200232815,1.0986122886681096,3,New Customer,0,463.25,2
17041,27,6,1686.28,281.0466666666667,93,600,4,4,4,12,7.430873043877359,1.9459101490553132,1,Regular,0,1686.28,6
17042,3,5,1044.3799999999999,208.87600000000003,74,247,5,4,3,12,6.9521357346628685,1.791759469228055,1,Regular,0,1044.3799999999999,5
17043,32,8,2616.55,327.06874999999997,175,730,4,5,4,13,7.869994044759,2.1972245773362196,1,Regular,0,2616.55,8
17044,25,12,11962.3,996.8583333333332,92,733,4,5,5,14,9.389598909178215,2.5649493574615367,2,VIP,0,11962.3,12
17045,113,5,827.6800000000001,165.53600000000003,44,429,3,4,3,10,6.7198340733776885,1.791759469228055,1,Regular,0,827.6800000000001,5
17046,157,5,1906.07,381.21400000000006,76,620,3,4,4,11,7.5533233117961665,1.791759469228055,1,Regular,0,1906.07,5
17047,85,6,2289.23,381.53833333333324,114,732,3,4,4,11,7.736407528186082,1.9459101490553132,1,Regular,0,2289.23,6
17048,118,7,2071.68,295.9542857142857,88,690,3,4,4,11,7.636597734866534,2.0794415416798357,1,Regular,0,2071.68,7
17049,3,19,9947.48,523.5515789473684,316,646,5,5,5,15,9.205175054663963,2.995732273553991,2,VIP,0,9947.48,19
17050,96,11,4691.79,426.5263636363636,193,682,3,5,5,13,8.453782567296948,2.4849066497880004,2,VIP,0,4691.79,11
17051,194,4,714.39,178.59749999999997,107,628,2,4,3,9,6.572827848533204,1.6094379124341003,1,Regular,1,714.39,4
17052,28,1,413.75,413.74999999999994,72,28,4,2,2,8,6.027675929070554,0.6931471805599453,3,New Customer,0,413.75,1
17053,131,1,498.48,498.47999999999996,13,131,3,2,2,7,6.213567557246944,0.6931471805599453,3,New Customer,0,498.48,1
17054,28,5,1356.33,271.266,64,245,4,4,4,12,7.213274813763555,1.791759469228055,1,Regular,0,1356.33,5
17055,446,1,239.55,239.55,24,446,1,2,1,4,5.482927968145463,0.6931471805599453,0,Lost,1,239.55,1
17056,726,1,128.60000000000002,128.60000000000002,8,738,1,2,1,4,4.864452783918175,0.6931471805599453,0,Lost,1,128.60000000000002,1
17057,596,1,294.74,294.74,48,596,1,2,2,5,5.689480689945341,0.6931471805599453,0,Lost,1,294.74,1
17058,82,3,1179.89,393.2966666666666,51,240,3,3,3,9,7.074023670453844,1.3862943611198906,1,Regular,0,1179.89,3
17059,30,9,5602.53,622.5033333333334,349,682,4,5,5,14,8.631152035274486,2.302585092994046,2,VIP,0,5602.53,9
17060,266,1,234.24,234.24,5,266,2,2,1,5,5.460606269591755,0.6931471805599453,3,New Customer,1,234.24,1
17061,74,11,5232.2300000000005,475.6572727272727,57,232,3,5,5,13,8.56278395725042,2.4849066497880004,2,VIP,0,5232.2300000000005,11
17062,314,6,1208.22,201.37,82,440,2,4,3,9,7.097730802629586,1.9459101490553132,4,At Risk,1,1208.22,6
17063,21,13,3638.53,279.88692307692315,150,739,4,5,5,14,8.199609831414847,2.639057329615259,2,VIP,0,3638.53,13
17064,59,3,859.35,286.45,53,327,4,3,3,10,6.757339283199166,1.3862943611198906,1,Regular,0,859.35,3
17065,638,2,194.7,97.34999999999998,6,638,1,3,1,5,5.27658287440203,1.0986122886681096,0,Lost,1,194.7,2
17066,726,1,228.34,228.34,17,726,1,2,1,4,5.4352056186101585,0.6931471805599453,0,Lost,1,228.34,1
17067,725,3,454.54,151.51333333333335,8,732,1,3,2,6,6.121483528431717,1.3862943611198906,0,Lost,1,454.54,3
17068,12,46,9161.08,194.91659574468088,250,621,5,5,5,15,9.122828506126531,3.8501476017100584,2,VIP,0,9161.08,47
17069,28,14,5794.28,413.8771428571428,202,737,4,5,5,14,8.664799072121697,2.70805020110221,2,VIP,0,5794.28,14
17070,114,2,445.32,222.66,102,410,3,3,2,8,6.101036183537273,1.0986122886681096,3,New Customer,0,445.32,2
17071,28,13,3801.2000000000003,292.40000000000003,141,684,4,5,5,14,8.243335125557527,2.639057329615259,2,VIP,0,3801.2000000000003,13
17072,625,1,282.05,282.05,20,625,1,2,1,4,5.645623560482669,0.6931471805599453,0,Lost,1,282.05,1
17073,18,4,1446.09,361.52250000000004,142,109,5,4,4,13,7.277309922347601,1.6094379124341003,1,Regular,0,1446.09,4
17074,563,1,203.05,203.05,4,563,1,2,1,4,5.318365061851814,0.6931471805599453,0,Lost,1,203.05,1
17075,18,10,2241.73,224.173,153,726,5,5,4,14,7.715449152776177,2.3978952727983707,1,Regular,0,2241.73,10
17076,36,6,1242.75,207.12499999999997,31,736,4,4,3,11,7.1258862884728025,1.9459101490553132,1,Regular,0,1242.75,6
17077,578,1,306.0,306.0,1,578,1,2,2,5,5.726847747587197,0.6931471805599453,0,Lost,1,306.0,1
17078,36,2,378.2,189.10000000000002,28,36,4,3,2,9,5.938063770380866,1.0986122886681096,3,New Customer,0,378.2,2
17079,78,1,118.80000000000001,118.80000000000001,2,78,3,2,1,6,4.785823685681349,0.6931471805599453,3,New Customer,0,118.80000000000001,1
17080,22,7,957.53,136.79,26,526,4,4,3,11,6.865400860900437,2.0794415416798357,1,Regular,0,957.53,7
17081,25,6,964.39,160.73166666666665,166,655,4,4,3,11,6.872532164772081,1.9459101490553132,1,Regular,0,964.39,6
17082,33,6,4732.03,788.6716666666665,117,725,4,4,5,13,8.4623208683607,1.9459101490553132,1,Regular,0,4732.03,6
17083,109,9,4049.79,449.9766666666667,30,669,3,5,5,13,8.306667202806915,2.302585092994046,2,VIP,0,4049.79,9
17084,35,3,5202.97,1734.3233333333335,263,396,4,3,5,12,8.557177074819469,1.3862943611198906,1,Regular,0,5202.97,3
17085,123,28,7891.41,281.8360714285715,411,734,3,5,5,13,8.973656817136215,3.367295829986474,2,VIP,0,7891.41,28
17086,7,6,2050.08,341.68,76,64,5,4,4,13,7.626121762674929,1.9459101490553132,1,Regular,0,2050.08,6
17087,726,1,221.53,221.53,12,738,1,2,1,4,5.405061923978025,0.6931471805599453,0,Lost,1,221.53,1
17088,28,4,1991.01,497.75250000000005,96,254,4,4,4,12,7.596899458212264,1.6094379124341003,1,Regular,0,1991.01,4
17089,386,1,128.45,128.45,4,386,2,2,1,5,4.8632947061975464,0.6931471805599453,0,Lost,1,128.45,1
17090,4,13,3149.48,242.26769230769236,54,508,5,5,5,15,8.055310101163261,2.639057329615259,2,VIP,0,3149.48,13
17091,3,19,7811.1,411.1105263157895,242,723,5,5,5,15,8.963429092733893,2.995732273553991,2,VIP,0,7811.1,19
17092,50,11,5594.96,508.63272727272727,273,675,4,5,5,14,8.629800187796995,2.4849066497880004,2,VIP,0,5594.96,11
17093,593,1,235.88,235.88000000000002,13,593,1,2,1,4,5.467553683793335,0.6931471805599453,0,Lost,1,235.88,1
17094,322,2,402.20000000000005,201.09999999999997,18,424,2,3,2,7,5.999432716757159,1.0986122886681096,4,At Risk,1,402.20000000000005,2
17095,23,7,2572.25,367.4642857142857,110,725,4,4,4,12,7.852924970406669,2.0794415416798357,1,Regular,0,2572.25,7
17096,15,11,3759.18,341.74363636363637,162,555,5,5,5,15,8.232222107578522,2.4849066497880004,2,VIP,0,3759.18,11
17097,2,9,1340.45,148.93888888888887,182,430,5,5,4,14,7.2015063974602995,2.302585092994046,1,Regular,0,1340.45,9
17098,382,3,591.0699999999999,197.0233333333333,10,541,2,3,2,7,6.383624871137068,1.3862943611198906,4,At Risk,1,591.0699999999999,3
17099,533,1,582.17,582.1700000000001,40,533,1,2,2,5,6.368478739042131,0.6931471805599453,0,Lost,1,582.17,1
17100,18,2,971.74,485.87,65,18,5,3,3,11,6.880116831678181,1.0986122886681096,3,New Customer,0,971.74,2
17101,10,7,2507.05,358.15000000000003,54,550,5,4,4,13,7.827260837758234,2.0794415416798357,1,Regular,0,2507.05,7
17102,262,1,25.5,25.5,1,262,2,2,1,5,3.2771447329921766,0.6931471805599453,0,Lost,1,25.5,1
17103,722,1,424.3,424.3,32,722,1,2,2,5,6.052794802259588,0.6931471805599453,0,Lost,1,424.3,1
17104,424,1,474.03,474.03000000000003,19,424,1,2,2,5,6.163377959935002,0.6931471805599453,0,Lost,1,474.03,1
17105,159,2,665.78,332.88999999999993,80,306,3,3,3,9,6.50246015642561,1.0986122886681096,3,New Customer,0,665.78,2
17106,389,1,491.23,491.23,51,389,2,2,2,6,6.198946086932524,0.6931471805599453,0,Lost,1,491.23,1
17107,33,10,16075.42,1607.542,377,677,4,5,5,14,9.685108881129782,2.3978952727983707,2,VIP,0,16075.42,10
17108,664,1,174.95,174.95,9,664,1,2,1,4,5.1701998637675946,0.6931471805599453,0,Lost,1,174.95,1
17109,29,8,1295.46,161.9325,124,498,4,5,4,13,7.167392752208138,2.1972245773362196,1,Regular,0,1295.46,8
17110,165,3,510.7,170.23333333333332,38,610,3,3,2,8,6.237738515811046,1.3862943611198906,3,New Customer,0,510.7,3
17111,47,2,476.58,238.29,44,425,4,3,2,9,6.168731685154665,1.0986122886681096,3,New Customer,0,476.58,2
17112,503,1,205.17,205.17000000000002,44,503,1,2,1,4,5.3287010711824765,0.6931471805599453,0,Lost,1,205.17,1
17113,574,6,2322.59,387.09833333333336,122,698,1,4,4,9,7.750868682442393,1.9459101490553132,4,At Risk,1,2322.59,6
17114,6,8,808.62,101.0775,85,335,5,5,3,13,6.696565001785386,2.1972245773362196,1,Regular,0,808.62,8
17115,8,7,2761.4900000000002,394.49857142857144,102,735,5,4,4,13,7.923887725909954,2.0794415416798357,1,Regular,0,2761.4900000000002,7
17116,648,1,389.78,389.78000000000003,47,648,1,2,2,5,5.968144741786365,0.6931471805599453,0,Lost,1,389.78,1
17117,288,1,116.19999999999999,116.19999999999999,9,288,2,2,1,5,4.763881877142913,0.6931471805599453,0,Lost,1,116.19999999999999,1
17118,318,1,157.02,157.02,10,318,2,2,1,5,5.062721607294587,0.6931471805599453,0,Lost,1,157.02,1
17119,3,2,606.91,303.455,35,60,5,3,2,10,6.410026844693401,1.0986122886681096,3,New Customer,0,606.91,2
17120,233,1,307.46,307.46000000000004,18,233,2,2,2,6,5.731592175295468,0.6931471805599453,3,New Customer,1,307.46,1
17121,403,1,314.74,314.73999999999995,12,403,2,2,2,6,5.754919090103581,0.6931471805599453,0,Lost,1,314.74,1
17122,119,4,570.5,142.62500000000003,23,500,3,4,2,9,6.348264483234865,1.6094379124341003,1,Regular,0,570.5,4
17123,162,3,977.17,325.72333333333336,37,573,3,3,3,9,6.885683479060033,1.3862943611198906,1,Regular,0,977.17,3
17124,185,1,298.89,298.89,31,185,3,2,2,7,5.703415740750875,0.6931471805599453,3,New Customer,1,298.89,1
17125,50,1,259.35,259.35,34,50,4,2,1,7,5.562026879608908,0.6931471805599453,3,New Customer,0,259.35,1
17126,152,9,2070.44,230.04888888888885,295,465,3,5,4,12,7.635999296579512,2.302585092994046,1,Regular,0,2070.44,9
17127,429,5,1155.0300000000002,231.006,27,735,1,4,3,8,7.052747000452681,1.791759469228055,4,At Risk,1,1155.0300000000002,5
17128,335,1,157.09,157.08999999999997,14,335,2,2,1,5,5.063164491108096,0.6931471805599453,0,Lost,1,157.09,1
17129,520,1,31.85,31.85,2,520,1,2,1,4,3.4919517449306197,0.6931471805599453,0,Lost,1,31.85,1
17131,5,5,2463.17,492.634,78,76,5,4,4,13,7.8096103157799615,1.791759469228055,1,Regular,0,2463.17,5
17132,452,2,1272.8,636.4000000000002,62,488,1,3,4,8,7.149759837937266,1.0986122886681096,4,At Risk,1,1272.8,2
17133,16,12,14622.33,1218.5275000000001,22,629,5,5,5,15,9.590373477545919,2.5649493574615367,2,VIP,0,14622.33,12
17134,107,3,637.1,212.36666666666667,31,442,3,3,3,9,6.458495010874302,1.3862943611198906,3,New Customer,0,637.1,3
17135,16,10,1954.16,195.41599999999997,98,579,5,5,4,14,7.578227310502864,2.3978952727983707,1,Regular,0,1954.16,10
17136,662,1,231.68,231.68000000000004,14,662,1,2,1,4,5.449664119042561,0.6931471805599453,0,Lost,1,231.68,1
17137,416,6,1133.63,188.9383333333333,125,678,1,4,3,8,7.034061885579398,1.9459101490553132,4,At Risk,1,1133.63,6
17138,276,7,4417.27,631.0385714285713,234,673,2,4,5,11,8.393503495738775,2.0794415416798357,1,Regular,1,4417.27,7
17139,16,25,19584.46,783.3783999999999,447,698,5,5,5,15,9.882542733186886,3.258096538021482,2,VIP,0,19584.46,25
17140,247,1,465.32,465.32,16,247,2,2,2,6,6.144872093737295,0.6931471805599453,3,New Customer,1,465.32,1
17141,418,4,754.33,188.5825,138,684,1,4,3,8,6.627154739847439,1.6094379124341003,4,At Risk,1,754.33,4
17142,239,4,1283.75,320.93750000000006,78,684,2,4,4,10,7.158319425872339,1.6094379124341003,4,At Risk,1,1283.75,4
17143,417,2,924.11,462.055,82,515,1,3,3,7,6.82991264936105,1.0986122886681096,4,At Risk,1,924.11,2
17144,1,2,984.57,492.28499999999997,42,85,5,3,3,11,6.893220154004312,1.0986122886681096,3,New Customer,0,984.57,2
17145,513,4,3120.91,780.2275,168,659,1,4,5,10,8.046200272985285,1.6094379124341003,4,At Risk,1,3120.91,4
17146,106,13,5860.24,450.7876923076923,164,676,3,5,5,13,8.676116464281632,2.639057329615259,2,VIP,0,5860.24,13
17147,23,9,3199.95,355.55000000000007,99,698,4,5,5,14,8.071202919729155,2.302585092994046,1,Regular,0,3199.95,9
17148,52,1,124.88,124.88,9,52,4,2,1,7,4.835329072196206,0.6931471805599453,3,New Customer,0,124.88,1
17149,451,1,143.10000000000002,143.1,6,451,1,2,1,4,4.970507503005477,0.6931471805599453,0,Lost,1,143.10000000000002,1
17150,377,6,1375.65,229.27499999999998,64,734,2,4,4,10,7.227408290676154,1.9459101490553132,4,At Risk,1,1375.65,6
17151,726,1,231.90000000000003,231.9,4,735,1,2,1,4,5.450609176890295,0.6931471805599453,0,Lost,1,231.90000000000003,1
17152,195,4,2016.5,504.125,9,426,2,4,4,10,7.609614400144104,1.6094379124341003,1,Regular,1,2016.5,4
17153,24,1,213.78,213.77999999999997,14,24,4,2,1,7,5.369614248430071,0.6931471805599453,3,New Customer,0,213.78,1
17154,75,1,329.34,329.34,23,75,3,2,2,7,5.800122427092944,0.6931471805599453,3,New Customer,0,329.34,1
17155,18,7,892.46,127.49428571428572,43,737,5,4,3,12,6.795101565830169,2.0794415416798357,1,Regular,0,892.46,7
17156,492,1,591.87,591.87,39,492,1,2,2,5,6.384975150681265,0.6931471805599453,0,Lost,1,591.87,1
17157,8,19,5151.9,271.15263157894736,78,735,5,5,5,15,8.547314941968759,2.995732273553991,2,VIP,0,5151.9,19
17158,32,5,1980.0,396.0,74,642,4,4,4,12,7.591357046698551,1.791759469228055,1,Regular,0,1980.0,5
17159,22,5,2099.59,419.918,115,645,4,4,4,12,7.6499735366327375,1.791759469228055,1,Regular,0,2099.59,5
17160,31,17,10209.16,600.5388235294117,215,736,4,5,5,14,9.231138581946796,2.8903717578961645,2,VIP,0,10209.16,17
17161,444,1,856.01,856.01,52,444,1,2,3,6,6.753449587141137,0.6931471805599453,4,At Risk,1,856.01,1
17162,29,10,1715.46,171.546,81,306,4,5,4,13,7.448019309392898,2.3978952727983707,1,Regular,0,1715.46,10
17163,22,4,699.78,174.945,27,676,4,4,3,11,6.552194000402157,1.6094379124341003,1,Regular,0,699.78,4
17164,33,7,2467.35,352.4785714285714,92,273,4,4,4,12,7.811305190205457,2.0794415416798357,1,Regular,0,2467.35,7
17165,284,6,1794.32,299.05333333333334,77,729,2,4,4,10,7.492938558014141,1.9459101490553132,4,At Risk,1,1794.32,6
17166,39,2,206.34,103.16999999999999,11,204,4,3,1,8,5.334359957894966,1.0986122886681096,3,New Customer,0,206.34,2
17167,380,3,867.11,289.03666666666663,64,445,2,3,3,8,6.7663184347416205,1.3862943611198906,4,At Risk,1,867.11,3
17168,499,1,400.2,400.2,21,499,1,2,2,5,5.994460056087781,0.6931471805599453,0,Lost,1,400.2,1
17169,58,3,1156.73,385.5766666666666,64,578,4,3,3,10,7.054216470325016,1.3862943611198906,1,Regular,0,1156.73,3
17170,374,2,178.68,89.33999999999999,8,389,2,3,1,6,5.191177490990133,1.0986122886681096,0,Lost,1,178.68,2
17171,289,2,384.59,192.295,25,662,2,3,2,7,5.95477462879015,1.0986122886681096,3,New Customer,1,384.59,2
17172,79,3,956.5699999999999,318.8566666666666,39,727,3,3,3,9,6.864398825432219,1.3862943611198906,1,Regular,0,956.5699999999999,3
17173,5,8,3766.6,470.82499999999993,36,131,5,5,5,15,8.234193472948663,2.1972245773362196,1,Regular,0,3766.6,8
17174,218,1,59.9,59.9,4,218,2,2,1,5,4.109233174715851,0.6931471805599453,3,New Customer,1,59.9,1
17175,44,4,1443.69,360.9225,42,296,4,4,4,12,7.275650044659092,1.6094379124341003,1,Regular,0,1443.69,4
17176,202,3,902.3199999999999,300.77333333333337,37,677,2,3,3,8,6.8060768649491035,1.3862943611198906,4,At Risk,1,902.3199999999999,3
17177,505,1,119.5,119.50000000000001,29,505,1,2,1,4,4.791649752930709,0.6931471805599453,0,Lost,1,119.5,1
17178,726,1,436.71,436.71000000000004,31,731,1,2,2,5,6.08155659063452,0.6931471805599453,0,Lost,1,436.71,1
17179,178,6,1507.26,251.21000000000004,75,563,3,4,4,11,7.318711947499455,1.9459101490553132,1,Regular,0,1507.26,6
17180,56,11,2256.98,205.18000000000004,189,687,4,5,4,13,7.722225887274455,2.4849066497880004,1,Regular,0,2256.98,11
17181,57,3,465.37,155.12333333333333,28,596,4,3,2,9,6.144979310497521,1.3862943611198906,3,New Customer,0,465.37,3
17182,423,2,321.3,160.64999999999998,4,718,1,3,2,6,5.775482788821392,1.0986122886681096,0,Lost,1,321.3,2
17183,8,6,3347.31,557.885,42,105,5,4,5,14,8.116211019915529,1.9459101490553132,1,Regular,0,3347.31,6
17184,569,2,198.41000000000003,99.20499999999998,14,730,1,3,1,5,5.2953630067216,1.0986122886681096,0,Lost,1,198.41000000000003,2
17185,592,3,229.46,76.48666666666666,38,598,1,3,1,5,5.440077311585869,1.3862943611198906,0,Lost,1,229.46,3
17186,47,2,144.0,72.0,1,60,4,3,1,8,4.976733742420574,1.0986122886681096,3,New Customer,0,144.0,2
17187,227,2,467.71,233.85499999999996,21,526,2,3,2,7,6.149984240310191,1.0986122886681096,3,New Customer,1,467.71,2
17188,11,13,4592.93,353.30230769230764,136,731,5,5,5,15,8.432491145866956,2.639057329615259,2,VIP,0,4592.93,13
17189,106,5,957.63,191.526,101,738,3,4,3,10,6.865505181875307,1.791759469228055,1,Regular,0,957.63,5
17190,59,7,1743.04,249.00571428571428,160,644,4,4,4,12,7.46395953998572,2.0794415416798357,1,Regular,0,1743.04,7
17191,28,15,4836.05,322.40333333333336,269,738,4,5,5,14,8.484060309755291,2.772588722239781,2,VIP,0,4836.05,15
17192,536,1,77.83,77.83,20,536,1,2,1,4,4.367293635071817,0.6931471805599453,0,Lost,1,77.83,1
17193,36,9,2310.04,256.6711111111111,28,738,4,5,4,13,7.745452918649038,2.302585092994046,1,Regular,0,2310.04,9
17194,274,3,812.5,270.83333333333337,57,530,2,3,3,8,6.7013459266590925,1.3862943611198906,4,At Risk,1,812.5,3
17195,655,1,562.98,562.9799999999999,31,655,1,2,2,5,6.335018789876395,0.6931471805599453,0,Lost,1,562.98,1
17196,428,1,352.9,352.9,84,428,1,2,2,5,5.869014387351418,0.6931471805599453,0,Lost,1,352.9,1
17197,30,1,1013.01,1013.01,29,30,4,2,3,9,6.921668046035439,0.6931471805599453,3,New Customer,0,1013.01,1
17198,24,3,1213.88,404.6266666666667,89,371,4,3,3,10,7.102400585464924,1.3862943611198906,1,Regular,0,1213.88,3
17199,582,1,145.12,145.12,8,582,1,2,1,4,4.984428201927082,0.6931471805599453,0,Lost,1,145.12,1
17200,387,4,356.71,89.1775,25,652,2,4,2,8,5.879722602262234,1.6094379124341003,4,At Risk,1,356.71,4
17201,54,4,1242.04,310.51,154,668,4,4,3,11,7.12531527120211,1.6094379124341003,1,Regular,0,1242.04,4
17202,421,1,160.65,160.65,8,421,1,2,1,4,5.0854335041714425,0.6931471805599453,0,Lost,1,160.65,1
17203,36,10,5575.88,557.588,195,388,4,5,5,14,8.626384759213467,2.3978952727983707,2,VIP,0,5575.88,10
17204,175,9,5504.6900000000005,611.6322222222223,110,548,3,5,5,13,8.613537381901759,2.302585092994046,2,VIP,0,5504.6900000000005,9
17205,54,3,999.35,333.1166666666667,27,564,4,3,3,10,6.908105217746425,1.3862943611198906,1,Regular,0,999.35,3
17206,53,1,204.24,204.24,7,53,4,2,1,7,5.324180026073764,0.6931471805599453,3,New Customer,0,204.24,1
17207,652,1,303.21999999999997,303.21999999999997,55,652,1,2,2,5,5.7177511238835965,0.6931471805599453,0,Lost,1,303.21999999999997,1
17208,396,1,115.35,115.35,21,396,2,2,1,5,4.756602889748301,0.6931471805599453,0,Lost,1,115.35,1
17209,649,3,611.6,203.86666666666667,36,737,1,3,2,6,6.417712194398675,1.3862943611198906,4,At Risk,1,611.6,3
17210,393,1,253.37,253.37000000000003,47,393,2,2,1,5,5.538789899984021,0.6931471805599453,0,Lost,1,253.37,1
17211,27,13,4046.65,311.28076923076924,217,726,4,5,5,14,8.305891744778615,2.639057329615259,2,VIP,0,4046.65,13
17212,253,3,794.41,264.80333333333334,29,487,2,3,3,8,6.678857704985231,1.3862943611198906,4,At Risk,1,794.41,3
17213,40,13,5182.3,398.63846153846157,130,725,4,5,5,14,8.553197198050425,2.639057329615259,2,VIP,0,5182.3,13
17214,60,6,1069.1200000000001,178.1866666666667,79,359,3,4,3,10,6.975526070700374,1.9459101490553132,1,Regular,0,1069.1200000000001,6
17215,464,1,186.15,186.15,11,464,1,2,1,4,5.231910434350438,0.6931471805599453,0,Lost,1,186.15,1
17216,554,1,65.05,65.05000000000001,13,554,1,2,1,4,4.190412030968334,0.6931471805599453,0,Lost,1,65.05,1
17217,234,2,218.0,108.99999999999997,27,619,2,3,1,6,5.389071729816501,1.0986122886681096,3,New Customer,1,218.0,2
17218,4,18,4192.68,232.92666666666668,248,683,5,5,5,15,8.341333909075471,2.9444389791664403,2,VIP,0,4192.68,18
17219,32,2,259.13,129.565,43,417,4,3,1,8,5.561181506057179,1.0986122886681096,3,New Customer,0,259.13,2
17220,24,21,4481.75,213.41666666666666,408,689,4,5,5,14,8.407991976372474,3.091042453358316,2,VIP,0,4481.75,21
17221,7,5,978.52,195.70399999999998,115,607,5,4,3,12,6.887062655757048,1.791759469228055,1,Regular,0,978.52,5
17222,65,6,1605.01,267.5016666666666,94,698,3,4,4,11,7.381508121137384,1.9459101490553132,1,Regular,0,1605.01,6
17223,310,3,873.53,291.1766666666667,62,375,2,3,3,8,6.773686599187567,1.3862943611198906,4,At Risk,1,873.53,3
17224,501,1,100.86,100.86,8,501,1,2,1,4,4.623599321456458,0.6931471805599453,0,Lost,1,100.86,1
17225,582,1,131.15,131.15,5,582,1,2,1,4,4.883937641050299,0.6931471805599453,0,Lost,1,131.15,1
17226,309,3,900.12,300.04,51,665,2,3,3,8,6.803638434089568,1.3862943611198906,4,At Risk,1,900.12,3
17227,19,12,2022.03,168.50249999999997,58,693,5,5,4,14,7.612351666518986,2.5649493574615367,1,Regular,0,2022.03,12
17228,16,13,3177.24,244.4030769230769,199,638,5,5,5,15,8.064082863439692,2.639057329615259,2,VIP,0,3177.24,13
17229,96,2,318.76,159.38000000000002,39,143,3,3,2,8,5.767570714403068,1.0986122886681096,3,New Customer,0,318.76,2
17230,264,18,9924.95,551.3861111111111,141,731,2,5,5,12,9.202907818858858,2.9444389791664403,2,VIP,1,9924.95,18
17231,12,25,7197.04,287.88160000000005,509,732,5,5,5,15,8.88156404572273,3.258096538021482,2,VIP,0,7197.04,25
17232,3,2,421.52,210.76,30,15,5,3,2,10,6.046236782954962,1.0986122886681096,3,New Customer,0,421.52,2
17233,35,3,560.86,186.95333333333335,56,725,4,3,2,9,6.331252708540276,1.3862943611198906,3,New Customer,0,560.86,3
17234,183,1,149.89000000000001,149.89,14,183,3,2,1,6,5.0165510945255605,0.6931471805599453,3,New Customer,1,149.89000000000001,1
17235,25,8,1904.8799999999999,238.11000000000004,52,553,4,5,4,13,7.552699123155541,2.1972245773362196,1,Regular,0,1904.8799999999999,8
17236,13,12,1929.26,160.77166666666668,123,642,5,5,4,14,7.5654099878515835,2.5649493574615367,1,Regular,0,1929.26,12
17237,11,4,1002.08,250.51999999999998,76,382,5,4,3,12,6.910830545499065,1.6094379124341003,1,Regular,0,1002.08,4
17238,3,32,7783.1,243.221875,486,739,5,5,5,15,8.959838470648686,3.4965075614664802,2,VIP,0,7783.1,32
17239,313,4,1189.45,297.3625,18,527,2,4,3,9,7.082086665884911,1.6094379124341003,4,At Risk,1,1189.45,4
17240,596,1,130.6,130.6,7,596,1,2,1,4,4.879767018891217,0.6931471805599453,0,Lost,1,130.6,1
17241,385,12,2744.14,228.67833333333337,116,662,2,5,4,11,7.917587354464576,2.5649493574615367,4,At Risk,1,2744.14,12
17242,108,5,2889.28,577.8560000000001,44,685,3,4,4,11,7.9691086622265,1.791759469228055,1,Regular,0,2889.28,5
17243,1,46,20889.86,302.75159420289856,359,738,5,5,5,15,9.947067021726209,3.8501476017100584,2,VIP,0,20889.86,69
17244,53,5,1826.04,365.20799999999997,109,734,4,4,4,12,7.510452449953338,1.791759469228055,1,Regular,0,1826.04,5
17245,205,2,371.63,185.815,24,689,2,3,2,7,5.920585970224212,1.0986122886681096,3,New Customer,1,371.63,2
17246,547,2,38.92,19.46,6,738,1,3,1,5,3.686877451443263,1.0986122886681096,0,Lost,1,38.92,2
17247,15,1,282.19,282.19,53,15,5,2,1,8,5.646118050461663,0.6931471805599453,3,New Customer,0,282.19,1
17248,120,2,546.16,273.08000000000004,85,482,3,3,2,8,6.304741264221244,1.0986122886681096,3,New Customer,0,546.16,2
17249,429,1,68.03,68.03,27,429,1,2,1,4,4.234541192715384,0.6931471805599453,0,Lost,1,68.03,1
17250,4,2,384.52,192.26,55,261,5,3,2,10,5.954593072332077,1.0986122886681096,3,New Customer,0,384.52,2
17251,363,3,812.4300000000001,270.81,65,725,2,3,3,8,6.701259875015761,1.3862943611198906,4,At Risk,1,812.4300000000001,3
17252,117,2,353.86,176.92999999999998,86,186,3,3,2,8,5.871723345495433,1.0986122886681096,3,New Customer,0,353.86,2
17253,18,1,178.26,178.26,18,18,5,2,1,8,5.188837265929216,0.6931471805599453,3,New Customer,0,178.26,1
17254,5,3,470.73,156.91,129,401,5,3,2,10,6.156406788013439,1.3862943611198906,3,New Customer,0,470.73,3
17255,41,4,799.13,199.78250000000003,163,446,4,4,3,11,6.684774214466232,1.6094379124341003,1,Regular,0,799.13,4
17256,107,5,498.93,99.78599999999997,20,600,3,4,2,9,6.214468088621277,1.791759469228055,1,Regular,0,498.93,5
17257,436,2,192.73,96.36500000000001,14,437,1,3,1,5,5.266465437098854,1.0986122886681096,0,Lost,1,192.73,2
17258,397,2,417.3,208.64999999999995,46,665,2,3,2,7,6.036198878448153,1.0986122886681096,4,At Risk,1,417.3,2
17259,148,6,1889.34,314.89000000000004,179,655,3,4,4,11,7.544511986054564,1.9459101490553132,1,Regular,0,1889.34,6
17260,411,1,120.95,120.95,6,411,1,2,1,4,4.80361112466193,0.6931471805599453,0,Lost,1,120.95,1
17261,510,1,230.44,230.44,43,510,1,2,1,4,5.44432066066788,0.6931471805599453,0,Lost,1,230.44,1
17262,52,11,2757.62,250.6927272727272,12,725,4,5,4,13,7.922485833669513,2.4849066497880004,2,VIP,0,2757.62,11
17263,208,1,63.440000000000005,63.440000000000005,23,208,2,2,1,5,4.165734558308774,0.6931471805599453,3,New Customer,1,63.440000000000005,1
17264,424,1,279.59,279.59,70,424,1,2,1,4,5.636894529114569,0.6931471805599453,0,Lost,1,279.59,1
17265,139,2,562.9,281.4500000000001,106,181,3,3,2,8,6.334876930813136,1.0986122886681096,3,New Customer,0,562.9,2
17266,2,5,517.73,103.546,95,641,5,4,2,11,6.2513835165848075,1.791759469228055,1,Regular,0,517.73,5
17267,127,2,317.62,158.80999999999997,37,127,3,3,2,8,5.763999170144749,1.0986122886681096,3,New Customer,0,317.62,2
17268,108,11,1733.8899999999999,157.62636363636364,26,732,3,5,4,12,7.458699289794689,2.4849066497880004,1,Regular,0,1733.8899999999999,11
17269,386,1,537.46,537.46,110,386,2,2,2,6,6.2887132134289745,0.6931471805599453,0,Lost,1,537.46,1
17270,469,2,604.4,302.2,45,732,1,3,2,6,6.405889396587618,1.0986122886681096,4,At Risk,1,604.4,2
17271,726,1,210.39,210.39,46,736,1,2,1,4,5.353704768627595,0.6931471805599453,0,Lost,1,210.39,1
17272,42,4,2148.63,537.1575000000001,70,263,4,4,4,12,7.673051013288749,1.6094379124341003,1,Regular,0,2148.63,4
17273,424,1,141.12,141.12,12,424,1,2,1,4,4.956671771152826,0.6931471805599453,0,Lost,1,141.12,1
17274,35,2,577.38,288.68999999999994,76,396,4,3,2,9,6.360231092100106,1.0986122886681096,3,New Customer,0,577.38,2
17275,383,1,114.52,114.52000000000001,23,383,2,2,1,5,4.749443675144516,0.6931471805599453,0,Lost,1,114.52,1
17276,402,1,508.39,508.39000000000004,50,402,2,2,2,6,6.2332139314143085,0.6931471805599453,0,Lost,1,508.39,1
17277,228,2,1065.3500000000001,532.6750000000001,67,323,2,3,3,8,6.9719968810436015,1.0986122886681096,4,At Risk,1,1065.3500000000001,2
17278,241,2,271.24,135.62,17,565,2,3,1,6,5.606684030192651,1.0986122886681096,3,New Customer,1,271.24,2
17279,58,1,187.82999999999998,187.82999999999998,8,58,4,2,1,7,5.240847139393487,0.6931471805599453,3,New Customer,0,187.82999999999998,1
17280,438,1,118.85999999999999,118.85999999999999,6,438,1,2,1,4,4.786324395030039,0.6931471805599453,0,Lost,1,118.85999999999999,1
17281,374,6,797.8499999999999,132.975,2,673,2,4,3,9,6.68317319347358,1.9459101490553132,4,At Risk,1,797.8499999999999,6
17282,130,5,2339.66,467.93199999999996,168,549,3,4,4,11,7.758188219864813,1.791759469228055,1,Regular,0,2339.66,5
17283,379,1,188.46,188.46,15,379,2,2,1,5,5.244177920447388,0.6931471805599453,0,Lost,1,188.46,1
17284,60,8,2793.16,349.145,285,445,3,5,4,12,7.935286803746374,2.1972245773362196,1,Regular,0,2793.16,8
17285,628,2,428.34,214.17,41,663,1,3,2,6,6.062249145825942,1.0986122886681096,0,Lost,1,428.34,2
17286,22,3,395.48,131.82666666666663,89,400,4,3,2,9,5.9826255984407775,1.3862943611198906,3,New Customer,0,395.48,3
17287,26,21,4111.96,195.80761904761906,279,737,4,5,5,14,8.321898242921767,3.091042453358316,2,VIP,0,4111.96,21
17288,9,11,2499.98,227.2709090909091,233,394,5,5,4,14,7.824437934044365,2.4849066497880004,2,VIP,0,2499.98,11
17289,32,9,2079.39,231.04333333333338,202,641,4,5,4,13,7.6403106551194355,2.302585092994046,1,Regular,0,2079.39,9
17290,4,8,1501.44,187.68,184,726,5,5,4,14,7.314845732167742,2.1972245773362196,1,Regular,0,1501.44,8
17291,308,1,550.8000000000001,550.8000000000001,1,308,2,2,2,6,6.313185661783185,0.6931471805599453,4,At Risk,1,550.8000000000001,1
17292,472,2,271.75,135.875,14,579,1,3,1,5,5.60855562471318,1.0986122886681096,0,Lost,1,271.75,2
17293,8,17,3774.23,222.0135294117647,148,736,5,5,5,15,8.23621658697946,2.8903717578961645,2,VIP,0,3774.23,17
17294,669,2,467.78999999999996,233.89499999999998,17,669,1,3,2,6,6.150154906977272,1.0986122886681096,0,Lost,1,467.78999999999996,2
17295,29,3,556.95,185.65,53,65,4,3,2,9,6.324269352631711,1.3862943611198906,3,New Customer,0,556.95,3
17296,726,1,338.13,338.13,32,730,1,2,2,5,5.826383514696429,0.6931471805599453,0,Lost,1,338.13,1
17297,17,1,131.78,131.78,49,17,5,2,1,8,4.888693623291013,0.6931471805599453,3,New Customer,0,131.78,1
17298,101,5,957.5600000000001,191.512,61,642,3,4,3,10,6.865432158335615,1.791759469228055,1,Regular,0,957.5600000000001,5
17299,12,6,1016.08,169.34666666666666,96,481,5,4,3,12,6.924691055688339,1.9459101490553132,1,Regular,0,1016.08,6
17300,391,2,393.64,196.82,37,482,2,3,2,7,5.977973956925482,1.0986122886681096,4,At Risk,1,393.64,2
17301,21,2,330.43,165.215,107,624,4,3,2,9,5.803416625940581,1.0986122886681096,3,New Customer,0,330.43,2
17302,15,5,1135.63,227.12600000000003,68,306,5,4,3,12,7.035823023024634,1.791759469228055,1,Regular,0,1135.63,5
17303,361,1,250.04,250.03999999999996,53,361,2,2,1,5,5.525612288984722,0.6931471805599453,0,Lost,1,250.04,1
17304,534,1,111.5,111.50000000000001,5,534,1,2,1,4,4.722953221644475,0.6931471805599453,0,Lost,1,111.5,1
17305,649,1,2135.46,2135.46,9,649,1,2,4,7,7.666905532699596,0.6931471805599453,4,At Risk,1,2135.46,1
17306,11,21,9782.35,465.8261904761905,17,404,5,5,5,15,9.188437240164195,3.091042453358316,2,VIP,0,9782.35,21
17307,395,11,3999.8900000000003,363.6263636363637,22,689,2,5,5,12,8.294272115352573,2.4849066497880004,4,At Risk,1,3999.8900000000003,11
17308,393,2,4511.76,2255.88,5,453,2,3,5,10,8.41466421870983,1.0986122886681096,4,At Risk,1,4511.76,2
17309,95,3,330.59000000000003,110.19666666666667,33,673,3,3,2,8,5.803899265990974,1.3862943611198906,3,New Customer,0,330.59000000000003,3
17310,387,2,1025.1,512.55,1,535,2,3,3,8,6.933520486868163,1.0986122886681096,4,At Risk,1,1025.1,2
17311,78,6,3566.56,594.4266666666666,124,675,3,4,5,12,8.179637167709913,1.9459101490553132,1,Regular,0,3566.56,6
17312,139,3,644.3,214.76666666666665,11,159,3,3,3,9,6.469715324941794,1.3862943611198906,3,New Customer,0,644.3,3
17313,31,1,2328.84,2328.84,24,31,4,2,4,10,7.7535548746739895,0.6931471805599453,1,Regular,0,2328.84,1
17314,25,17,4904.43,288.4958823529411,200,737,4,5,5,14,8.498098033804354,2.8903717578961645,2,VIP,0,4904.43,17
17315,2,43,9650.6,224.43255813953485,385,439,5,5,5,15,9.174878983698024,3.784189633918261,2,VIP,0,9650.6,43
17316,420,1,124.45,124.45000000000002,35,420,1,2,1,4,4.8319072728124315,0.6931471805599453,0,Lost,1,124.45,1
17317,46,3,2600.34,866.7800000000001,8,90,4,3,4,11,7.863781975859922,1.3862943611198906,1,Regular,0,2600.34,3
17318,725,1,164.28,164.27999999999997,17,725,1,2,1,4,5.107641005371328,0.6931471805599453,0,Lost,1,164.28,1
17319,669,1,29.1,29.1,3,669,1,2,1,4,3.40452517175483,0.6931471805599453,0,Lost,1,29.1,1
17320,100,6,2895.77,482.6283333333333,86,687,3,4,4,11,7.971351602142627,1.9459101490553132,1,Regular,0,2895.77,6
17321,8,6,1741.18,290.19666666666666,241,578,5,4,4,13,7.462892481580637,1.9459101490553132,1,Regular,0,1741.18,6
17322,376,5,922.59,184.518,115,737,2,4,3,9,6.828268250223805,1.791759469228055,4,At Risk,1,922.59,5
17323,15,12,1565.59,130.46583333333334,168,699,5,5,4,14,7.3566565616624136,2.5649493574615367,1,Regular,0,1565.59,12
17324,18,12,2301.87,191.8225,111,721,5,5,4,14,7.741911450116271,2.5649493574615367,2,VIP,0,2301.87,12
17325,280,3,609.5699999999999,203.18999999999997,39,642,2,3,2,7,6.414392947092451,1.3862943611198906,4,At Risk,1,609.5699999999999,3
17326,408,2,321.95,160.97499999999997,82,529,2,3,2,7,5.777497512478481,1.0986122886681096,0,Lost,1,321.95,2
17327,410,2,152.35,76.175,3,563,2,3,1,6,5.032722890560261,1.0986122886681096,0,Lost,1,152.35,2
17328,673,1,104.7,104.7,6,673,1,2,1,4,4.660604892876192,0.6931471805599453,0,Lost,1,104.7,1
17329,14,5,1004.4300000000001,200.886,80,736,5,4,3,12,6.913170589683406,1.791759469228055,1,Regular,0,1004.4300000000001,5
17330,23,4,423.8,105.95,7,648,4,4,2,10,6.051618469927729,1.6094379124341003,3,New Customer,0,423.8,4
17331,124,1,175.2,175.2,1,124,3,2,1,6,5.171619713502079,0.6931471805599453,3,New Customer,0,175.2,1
17332,528,5,838.27,167.654,82,656,1,4,3,8,6.732532466377506,1.791759469228055,4,At Risk,1,838.27,5
17333,86,1,494.25,494.25,28,86,3,2,2,7,6.20506268557866,0.6931471805599453,3,New Customer,0,494.25,1
17334,302,3,635.15,211.7166666666667,20,407,2,3,3,8,6.45543438458871,1.3862943611198906,4,At Risk,1,635.15,3
17335,384,2,508.0,253.99999999999997,34,685,2,3,2,7,6.2324480165505225,1.0986122886681096,4,At Risk,1,508.0,2
17336,472,1,81.12,81.12,1,472,1,2,1,4,4.408181592150733,0.6931471805599453,0,Lost,1,81.12,1
17337,151,4,2027.8700000000001,506.9675,421,310,3,4,4,11,7.615234266802261,1.6094379124341003,1,Regular,0,2027.8700000000001,4
17338,17,17,12142.57,714.2688235294119,590,639,5,5,5,15,9.40455509057637,2.8903717578961645,2,VIP,0,12142.57,17
17339,94,3,362.36,120.78666666666669,10,509,3,3,2,8,5.895394078357248,1.3862943611198906,3,New Customer,0,362.36,3
17340,30,18,22404.82,1244.7122222222222,322,663,4,5,5,14,10.017076025523961,2.9444389791664403,2,VIP,0,22404.82,18
17341,157,5,1889.83,377.96600000000007,200,540,3,4,4,11,7.5447711650931915,1.791759469228055,1,Regular,0,1889.83,5
17342,380,4,1227.54,306.88500000000005,31,670,2,4,3,9,7.113581751463728,1.6094379124341003,4,At Risk,1,1227.54,4
17343,355,6,1259.94,209.99,61,736,2,4,4,10,7.1396127535481995,1.9459101490553132,4,At Risk,1,1259.94,6
17344,46,2,468.11,234.05499999999998,64,729,4,3,2,9,6.150837282523528,1.0986122886681096,3,New Customer,0,468.11,2
17345,15,10,1604.68,160.468,174,738,5,5,4,14,7.381302621851238,2.3978952727983707,1,Regular,0,1604.68,10
17346,4,26,5323.0,204.73076923076923,517,601,5,5,5,15,8.579980179515003,3.295836866004329,2,VIP,0,5323.0,26
17347,86,1,228.96,228.96,1,86,3,2,1,6,5.43790538075509,0.6931471805599453,3,New Customer,0,228.96,1
17348,15,9,2476.41,275.15666666666664,326,640,5,5,4,14,7.8149689386018215,2.302585092994046,1,Regular,0,2476.41,9
17349,179,5,852.25,170.45,74,631,3,4,3,10,6.749052587786816,1.791759469228055,1,Regular,0,852.25,5
17350,8,7,1906.041,272.29157142857144,124,676,5,4,4,13,7.553308105107111,2.0794415416798357,1,Regular,0,1906.041,7
17351,36,12,1988.23,165.68583333333336,45,729,4,5,4,13,7.595502908166634,2.5649493574615367,1,Regular,0,1988.23,12
17352,696,1,36.25,36.25,5,696,1,2,1,4,3.6176519448255684,0.6931471805599453,0,Lost,1,36.25,1
17353,129,4,3242.0,810.5,7,624,3,4,5,12,8.084254106307318,1.6094379124341003,1,Regular,0,3242.0,4
17354,51,4,3143.46,785.865,85,428,4,4,5,13,8.05339745327934,1.6094379124341003,1,Regular,0,3143.46,4
17355,386,1,285.11,285.11,28,386,2,2,1,5,5.656376352258931,0.6931471805599453,0,Lost,1,285.11,1
17356,312,5,946.47,189.29400000000004,73,689,2,4,3,9,6.853795274186192,1.791759469228055,4,At Risk,1,946.47,5
17357,24,2,388.14,194.06999999999996,41,24,4,3,2,9,5.96393917604323,1.0986122886681096,3,New Customer,0,388.14,2
17358,303,5,866.05,173.20999999999998,126,653,2,4,3,9,6.765096645244558,1.791759469228055,4,At Risk,1,866.05,5
17359,11,2,284.46,142.23000000000002,36,648,5,3,1,9,5.654101914201623,1.0986122886681096,3,New Customer,0,284.46,2
17360,17,6,1231.3799999999999,205.23000000000002,189,435,5,4,3,12,7.116702538093588,1.9459101490553132,1,Regular,0,1231.3799999999999,6
17361,49,5,880.64,176.128,51,676,4,4,3,11,6.781783809420187,1.791759469228055,1,Regular,0,880.64,5
17362,239,7,1024.04,146.29142857142855,99,703,2,4,3,9,6.932486915201321,2.0794415416798357,1,Regular,1,1024.04,7
17363,395,3,940.86,313.61999999999995,34,402,2,3,3,8,6.8478566435737855,1.3862943611198906,4,At Risk,1,940.86,3
17364,1,28,12070.42,431.0864285714285,513,732,5,5,5,15,9.398595954230528,3.367295829986474,2,VIP,0,12070.42,28
17365,13,15,8224.98,548.332,395,677,5,5,5,15,9.015052717472072,2.772588722239781,2,VIP,0,8224.98,15
17366,432,2,1096.24,548.1199999999999,120,456,1,3,3,7,7.000553214833489,1.0986122886681096,4,At Risk,1,1096.24,2
17367,238,1,168.4,168.39999999999998,33,238,2,2,1,5,5.132262782217954,0.6931471805599453,3,New Customer,1,168.4,1
17368,23,14,2826.14,201.86714285714282,195,724,4,5,4,13,7.947020878929368,2.70805020110221,2,VIP,0,2826.14,14
17369,456,1,979.1999999999999,979.1999999999999,1,456,1,2,3,6,6.887756632475447,0.6931471805599453,4,At Risk,1,979.1999999999999,1
17370,73,4,446.18,111.54499999999999,31,170,3,4,2,9,6.102961198121657,1.6094379124341003,3,New Customer,0,446.18,4
17371,17,6,662.55,110.425,135,732,5,4,3,12,6.497604208883258,1.9459101490553132,1,Regular,0,662.55,6
17372,41,28,4377.56,156.3414285714286,412,736,4,5,5,14,8.384475182191446,3.367295829986474,2,VIP,0,4377.56,28
17373,40,7,1167.5,166.78571428571428,65,649,4,4,3,11,7.063476153978913,2.0794415416798357,1,Regular,0,1167.5,7
17374,219,3,727.11,242.37,34,395,2,3,3,8,6.5904521356834955,1.3862943611198906,4,At Risk,1,727.11,3
17375,199,4,660.55,165.13750000000007,77,432,2,4,3,9,6.49458556648842,1.6094379124341003,1,Regular,1,660.55,4
17376,71,4,453.64,113.41,41,523,3,4,2,9,6.119505896988866,1.6094379124341003,3,New Customer,0,453.64,4
17377,24,46,18319.41,234.86423076923077,505,738,4,5,5,14,9.81577101789036,3.8501476017100584,2,VIP,0,18319.41,78
17378,374,1,10.95,10.95,1,374,2,2,1,5,2.4807312783775197,0.6931471805599453,0,Lost,1,10.95,1
17379,11,1,404.66,404.66,71,11,5,2,2,9,6.005515370330642,0.6931471805599453,3,New Customer,0,404.66,1
17380,434,3,645.0,215.0,5,535,1,3,3,7,6.470799503782602,1.3862943611198906,4,At Risk,1,645.0,3
17381,9,38,29730.420199999626,1052.6939473684208,50,548,5,5,5,15,10.299959684780548,3.6635616461296463,2,VIP,0,40002.37,38
17382,65,8,902.28,112.785,16,570,3,5,3,11,6.806032582872267,2.1972245773362196,1,Regular,0,902.28,8
17383,4,2,309.99,154.99499999999998,51,453,5,3,2,10,5.739760757321436,1.0986122886681096,3,New Customer,0,309.99,2
17384,19,3,507.55,169.1833333333333,15,467,5,3,2,10,6.2315635390716055,1.3862943611198906,3,New Customer,0,507.55,3
17385,15,1,261.11,261.11,42,15,5,2,1,8,5.568764262978113,0.6931471805599453,3,New Customer,0,261.11,1
17386,8,7,2812.77,401.8242857142858,32,385,5,4,4,13,7.942280500147702,2.0794415416798357,1,Regular,0,2812.77,7
17387,20,2,784.11,392.05499999999995,71,34,4,3,3,10,6.6658238353540185,1.0986122886681096,3,New Customer,0,784.11,2
17388,78,11,2691.57,244.68818181818185,41,730,3,5,4,12,7.898251406835588,2.4849066497880004,2,VIP,0,2691.57,11
17389,1,46,29730.420199999626,938.1095081967214,63,736,5,5,5,15,10.299959684780548,3.8501476017100584,2,VIP,0,57224.68,61
17390,421,1,149.3,149.3,12,421,1,2,1,4,5.012633296758929,0.6931471805599453,0,Lost,1,149.3,1
17391,164,2,508.8,254.4,2,165,3,3,2,8,6.234018491942015,1.0986122886681096,3,New Customer,0,508.8,2
17392,307,3,626.56,208.85333333333335,66,450,2,3,3,8,6.441839283964755,1.3862943611198906,4,At Risk,1,626.56,3
17393,411,2,381.15,190.57500000000002,45,488,1,3,2,6,5.945813201688893,1.0986122886681096,4,At Risk,1,381.15,2
17394,219,1,203.86999999999998,203.86999999999995,4,219,2,2,1,5,5.3223756316411075,0.6931471805599453,3,New Customer,1,203.86999999999998,1
17395,508,1,97.5,97.5,3,508,1,2,1,4,4.590056548178043,0.6931471805599453,0,Lost,1,97.5,1
17396,39,14,8807.1,629.0785714285714,29,441,4,5,5,14,9.083427031653235,2.70805020110221,2,VIP,0,8807.1,14
17397,22,3,1233.18,411.05999999999995,132,416,4,3,3,10,7.118162060926628,1.3862943611198906,1,Regular,0,1233.18,3
17398,115,3,653.38,217.79333333333332,30,255,3,3,3,9,6.483688222474311,1.3862943611198906,3,New Customer,0,653.38,3
17400,126,8,4677.05,584.6312499999999,345,722,3,5,5,13,8.45063663541535,2.1972245773362196,1,Regular,0,4677.05,8
17401,541,1,114.85,114.84999999999998,11,541,1,2,1,4,4.752296250878385,0.6931471805599453,0,Lost,1,114.85,1
17402,5,23,5096.18,221.57304347826084,105,723,5,5,5,15,8.536442724607598,3.1780538303479458,2,VIP,0,5096.18,23
17403,36,2,400.57,200.28499999999997,45,451,4,3,2,9,5.995381864392027,1.0986122886681096,3,New Customer,0,400.57,2
17404,4,23,29730.420199999626,2077.44,126,702,5,5,5,15,10.299959684780548,3.1780538303479458,2,VIP,0,47781.12,23
17405,1,3,1031.41,343.80333333333334,77,150,5,3,3,11,6.9396511539657,1.3862943611198906,1,Regular,0,1031.41,3
17406,333,13,4905.05,377.3115384615384,155,733,2,5,5,12,8.49822441636862,2.639057329615259,2,VIP,1,4905.05,13
17407,412,1,552.9,552.8999999999999,23,412,1,2,2,5,6.316984165039059,0.6931471805599453,0,Lost,1,552.9,1
17408,163,3,316.09000000000003,105.36333333333334,7,514,3,3,2,8,5.759185645253913,1.3862943611198906,3,New Customer,0,316.09000000000003,3
17409,185,10,7793.51,779.351,50,729,3,5,5,13,8.961174918707844,2.3978952727983707,2,VIP,1,7793.51,10
17410,16,5,1214.72,242.94400000000002,57,215,5,4,3,12,7.1030917728535865,1.791759469228055,1,Regular,0,1214.72,5
17411,12,5,1425.38,285.07599999999996,69,737,5,4,4,13,7.262895045138237,1.791759469228055,1,Regular,0,1425.38,5
17412,3,16,4417.52,276.095,161,737,5,5,5,15,8.39356007737081,2.833213344056216,2,VIP,0,4417.52,16
17413,405,2,560.14,280.07000000000005,10,570,2,3,2,7,6.329970428756386,1.0986122886681096,4,At Risk,1,560.14,2
17414,44,6,2249.52,374.9200000000001,6,736,4,4,4,12,7.718916579607518,1.9459101490553132,1,Regular,0,2249.52,6
17415,80,1,507.84,507.8399999999999,14,80,3,2,2,7,6.23213362528801,0.6931471805599453,3,New Customer,0,507.84,1
17416,30,22,17298.45,786.2931818181819,324,725,4,5,5,14,9.758429988072983,3.1354942159291497,2,VIP,0,17298.45,22
17417,549,1,164.18,164.18,16,549,1,2,1,4,5.107035788382571,0.6931471805599453,0,Lost,1,164.18,1
17418,42,3,670.0600000000001,223.35333333333332,40,387,4,3,3,10,6.508858551752005,1.3862943611198906,3,New Customer,0,670.0600000000001,3
17419,11,18,6500.52,361.14,203,683,5,5,5,15,8.779791274699825,2.9444389791664403,2,VIP,0,6500.52,18
17420,50,6,1084.43,180.73833333333334,43,401,4,4,3,11,6.989731500827217,1.9459101490553132,1,Regular,0,1084.43,6
17421,386,3,1059.41,353.1366666666667,46,735,2,3,3,8,6.966410904774026,1.3862943611198906,4,At Risk,1,1059.41,3
17422,16,11,3594.76,326.79636363636365,149,535,5,5,5,15,8.187510652541107,2.4849066497880004,2,VIP,0,3594.76,11
17423,46,3,1118.95,372.9833333333333,39,394,4,3,3,10,7.0210393204354755,1.3862943611198906,1,Regular,0,1118.95,3
17425,19,2,759.17,379.58500000000004,42,61,5,3,3,11,6.63354209247732,1.0986122886681096,3,New Customer,0,759.17,2
17426,8,13,8077.77,621.3669230769231,248,660,5,5,5,15,8.996994912204553,2.639057329615259,2,VIP,0,8077.77,13
17427,72,1,100.8,100.8,2,72,3,2,1,6,4.623010104116422,0.6931471805599453,3,New Customer,0,100.8,1
17428,1,45,29730.420199999626,707.1057777777778,422,738,5,5,5,15,10.299959684780548,3.828641396489095,2,VIP,0,31819.760000000002,45
17429,128,5,1357.46,271.49199999999996,80,430,3,4,4,11,7.2141069841929415,1.791759469228055,1,Regular,0,1357.46,5
17430,33,4,735.17,183.79250000000002,30,480,4,4,3,11,6.601461070318374,1.6094379124341003,1,Regular,0,735.17,4
17431,313,1,403.3,403.3,41,313,2,2,2,6,6.002157176646725,0.6931471805599453,3,New Customer,1,403.3,1
17432,18,9,1751.39,194.59888888888887,213,736,5,5,4,14,7.468735849463749,2.302585092994046,1,Regular,0,1751.39,9
17433,88,2,569.96,284.98,81,385,3,3,2,8,6.347319154662812,1.0986122886681096,3,New Customer,0,569.96,2
17434,2,7,2373.82,339.1171428571428,100,85,5,4,4,13,7.77267692412289,2.0794415416798357,1,Regular,0,2373.82,7
17435,411,1,331.35,331.3500000000001,15,411,1,2,2,5,5.806188630487591,0.6931471805599453,0,Lost,1,331.35,1
17436,2,5,534.06,106.81199999999998,8,733,5,4,2,11,6.282378890140428,1.791759469228055,1,Regular,0,534.06,5
17437,530,1,373.17,373.16999999999996,52,530,1,2,2,5,5.924710239594586,0.6931471805599453,0,Lost,1,373.17,1
17438,254,5,1422.77,284.5540000000001,49,641,2,4,4,10,7.261063562072737,1.791759469228055,4,At Risk,1,1422.77,5
17439,656,1,325.74,325.74,8,656,1,2,2,5,5.789164747598362,0.6931471805599453,0,Lost,1,325.74,1
17440,157,4,323.58,80.895,4,549,3,4,2,9,5.7825320388877355,1.6094379124341003,3,New Customer,0,323.58,4
17441,726,1,293.35,293.35,21,732,1,2,2,5,5.68476953547427,0.6931471805599453,0,Lost,1,293.35,1
17442,37,15,4620.3,308.0199999999999,188,662,4,5,5,14,8.438431329775756,2.772588722239781,2,VIP,0,4620.3,15
17443,220,1,534.24,534.24,1,220,2,2,2,6,6.282715244436788,0.6931471805599453,3,New Customer,1,534.24,1
17444,148,3,2940.04,980.0133333333333,132,173,3,3,4,10,7.9865185392775535,1.3862943611198906,1,Regular,0,2940.04,3
17446,177,2,120.9,60.45000000000001,6,310,3,3,1,7,4.803201036487226,1.0986122886681096,3,New Customer,0,120.9,2
17447,40,2,541.53,270.765,33,72,4,3,2,9,6.296243383424822,1.0986122886681096,3,New Customer,0,541.53,2
17448,497,46,14556.97,316.45586956521737,569,645,1,5,5,11,9.585893888953454,3.8501476017100584,2,VIP,1,14556.97,46
17449,2,13,4951.15,380.8576923076923,292,730,5,5,5,15,8.507577104697274,2.639057329615259,2,VIP,0,4951.15,13
17450,8,46,29730.420199999626,4842.609607843137,144,438,5,5,5,15,10.299959684780548,3.8501476017100584,2,VIP,0,246973.09,51
17451,1,7,1721.4,245.91428571428574,83,106,5,4,4,13,7.451473946050154,2.0794415416798357,1,Regular,0,1721.4,7
17453,18,2,486.71999999999997,243.35999999999999,19,64,5,3,2,10,6.189741470692064,1.0986122886681096,3,New Customer,0,486.71999999999997,2
17454,192,10,1547.94,154.79399999999995,98,693,2,5,4,11,7.345326104999135,2.3978952727983707,1,Regular,1,1547.94,10
17455,204,1,131.7,131.7,8,204,2,2,1,5,4.888090941338162,0.6931471805599453,3,New Customer,1,131.7,1
17456,365,2,1225.42,612.71,59,456,2,3,3,8,7.111854635317653,1.0986122886681096,4,At Risk,1,1225.42,2
17457,127,14,5984.8099999999995,427.4864285714285,30,732,3,5,5,13,8.69714694718053,2.70805020110221,2,VIP,0,5984.8099999999995,14
17458,15,2,529.58,264.78999999999996,81,382,5,3,2,10,6.2739707478156985,1.0986122886681096,3,New Customer,0,529.58,2
17459,43,2,657.3,328.65,88,60,4,3,3,10,6.489660754473831,1.0986122886681096,3,New Customer,0,657.3,2
17460,94,16,2228.27,139.266875,93,686,3,5,4,12,7.709429456601973,2.833213344056216,2,VIP,0,2228.27,16
17461,23,3,757.46,252.48666666666665,104,30,4,3,3,10,6.6312900617355215,1.3862943611198906,1,Regular,0,757.46,3
17462,60,2,675.69,337.84499999999997,25,284,3,3,3,9,6.517213265531828,1.0986122886681096,3,New Customer,0,675.69,2
17463,16,7,2557.91,365.4157142857143,234,589,5,4,4,13,7.847336665553033,2.0794415416798357,1,Regular,0,2557.91,7
17464,158,3,1000.94,333.6466666666667,35,619,3,3,3,9,6.909693399612396,1.3862943611198906,1,Regular,0,1000.94,3
17465,426,7,2542.79,363.2557142857143,103,736,1,4,4,9,7.841410373882996,2.0794415416798357,4,At Risk,1,2542.79,7
17466,10,2,763.28,381.64,41,79,5,3,3,11,6.638934214171274,1.0986122886681096,3,New Customer,0,763.28,2
17467,395,1,102.6,102.6,4,395,2,2,1,5,4.640537329825382,0.6931471805599453,0,Lost,1,102.6,1
17468,10,3,194.8,64.93333333333334,8,375,5,3,1,9,5.27709373009641,1.3862943611198906,3,New Customer,0,194.8,3
17469,16,17,5051.25,297.13235294117646,165,723,5,5,5,15,8.527588967598358,2.8903717578961645,2,VIP,0,5051.25,17
17470,45,11,2804.87,254.9881818181818,111,508,4,5,4,13,7.939468930294802,2.4849066497880004,2,VIP,0,2804.87,11
17471,475,1,321.65000000000003,321.65000000000003,19,475,1,2,2,5,5.776568144381849,0.6931471805599453,0,Lost,1,321.65000000000003,1
17472,191,4,935.1,233.77500000000003,183,628,2,4,3,9,6.841722308377699,1.6094379124341003,1,Regular,1,935.1,4
17473,409,2,607.0,303.5,33,456,2,3,2,7,6.410174881966167,1.0986122886681096,4,At Risk,1,607.0,2
17474,600,1,1047.0,1047.0,6,600,1,2,3,6,6.954638864880987,0.6931471805599453,0,Lost,1,1047.0,1
17475,79,1,194.37,194.36999999999995,14,79,3,2,1,6,5.274895196603544,0.6931471805599453,3,New Customer,0,194.37,1
17476,396,2,489.86,244.92999999999998,29,738,2,3,2,7,6.1961589547536615,1.0986122886681096,4,At Risk,1,489.86,2
17477,613,2,1144.3,572.1500000000001,44,648,1,3,3,7,7.04342189040367,1.0986122886681096,4,At Risk,1,1144.3,2
17478,408,2,1272.8,636.4,40,633,2,3,4,9,7.149759837937266,1.0986122886681096,4,At Risk,1,1272.8,2
17479,633,1,389.26000000000005,389.26,18,633,1,2,2,5,5.9668131836668525,0.6931471805599453,0,Lost,1,389.26000000000005,1
17480,78,2,902.03,451.01500000000004,50,445,3,3,3,9,6.80575577545649,1.0986122886681096,3,New Customer,0,902.03,2
17481,4,4,1255.59,313.8975,69,94,5,4,4,13,7.136156981955326,1.6094379124341003,1,Regular,0,1255.59,4
17482,487,2,778.19,389.095,50,578,1,3,3,7,6.6582549185704085,1.0986122886681096,4,At Risk,1,778.19,2
17483,65,4,591.73,147.93250000000003,23,415,3,4,2,9,6.384738983338736,1.6094379124341003,1,Regular,0,591.73,4
17484,576,2,209.57,104.78499999999998,14,624,1,3,1,5,5.34981813941044,1.0986122886681096,0,Lost,1,209.57,2
17486,261,1,396.87,396.87,24,261,2,2,2,6,5.986125318762377,0.6931471805599453,3,New Customer,1,396.87,1
17487,726,1,160.55,160.55,8,728,1,2,1,4,5.084814692270507,0.6931471805599453,0,Lost,1,160.55,1
17488,641,1,336.5,336.50000000000006,18,641,1,2,2,5,5.821565510312585,0.6931471805599453,0,Lost,1,336.5,1
17489,59,2,376.64,188.31999999999996,28,213,4,3,2,9,5.933941360864316,1.0986122886681096,3,New Customer,0,376.64,2
17490,1,9,2750.5,305.6111111111111,93,570,5,5,4,14,7.919901496499813,2.302585092994046,1,Regular,0,2750.5,9
17491,1,17,5981.07,351.8276470588235,105,591,5,5,5,15,8.69652194089341,2.8903717578961645,2,VIP,0,5981.07,17
17492,248,3,1122.42,374.14000000000004,32,518,2,3,3,8,7.024132883037598,1.3862943611198906,4,At Risk,1,1122.42,3
17493,385,1,100.91000000000001,100.91,8,385,2,2,1,5,4.6240900708406025,0.6931471805599453,0,Lost,1,100.91000000000001,1
17494,502,1,54.699999999999996,54.699999999999996,3,502,1,2,1,4,4.019980146933238,0.6931471805599453,0,Lost,1,54.699999999999996,1
17495,8,3,806.72,268.9066666666667,38,391,5,3,3,11,6.694215463810622,1.3862943611198906,1,Regular,0,806.72,3
17496,359,4,1412.89,353.2225,54,694,2,4,4,10,7.254100049936812,1.6094379124341003,4,At Risk,1,1412.89,4
17497,390,2,287.25,143.625,7,611,2,3,1,6,5.663828159149168,1.0986122886681096,0,Lost,1,287.25,2
17498,76,1,272.22,272.22,17,76,3,2,1,6,5.610277331459341,0.6931471805599453,3,New Customer,0,272.22,1
17499,290,2,1341.39,670.6949999999998,66,562,2,3,4,9,7.202206886340738,1.0986122886681096,4,At Risk,1,1341.39,2
17500,17,3,1138.0,379.3333333333333,3,30,5,3,3,11,7.037905963447182,1.3862943611198906,1,Regular,0,1138.0,3
17501,221,2,288.6,144.29999999999998,18,221,2,3,1,6,5.668500660511562,1.0986122886681096,3,New Customer,1,288.6,2
17502,9,4,689.1,172.27499999999998,25,29,5,4,3,12,6.536836514626557,1.6094379124341003,1,Regular,0,689.1,4
17503,3,2,558.96,279.47999999999996,36,39,5,3,2,10,6.327865352606625,1.0986122886681096,3,New Customer,0,558.96,2
17504,206,18,9565.12,531.3955555555555,244,670,2,5,5,12,9.165982968589745,2.9444389791664403,2,VIP,1,9565.12,18
17505,162,5,2435.48,487.0959999999999,83,605,3,4,4,11,7.798309653754078,1.791759469228055,1,Regular,0,2435.48,5
17506,76,1,302.2,302.20000000000005,14,76,3,2,2,7,5.714392653768217,0.6931471805599453,3,New Customer,0,302.2,1
17507,262,2,605.58,302.79,79,309,2,3,2,7,6.407836624054821,1.0986122886681096,4,At Risk,1,605.58,2
17508,281,8,4579.23,572.40375,199,733,2,5,5,12,8.429504494187944,2.1972245773362196,1,Regular,1,4579.23,8
17509,58,8,6115.14,764.3924999999999,75,63,4,5,5,14,8.71868645756525,2.1972245773362196,2,VIP,0,6115.14,8
17510,25,2,514.56,257.28,28,421,4,3,2,9,6.245253688536579,1.0986122886681096,3,New Customer,0,514.56,2
17511,3,46,29730.420199999626,2926.7258333333334,657,738,5,5,5,15,10.299959684780548,3.8501476017100584,2,VIP,0,175603.55,60
17512,29,18,5467.820000000001,303.7677777777778,102,729,4,5,5,14,8.606818150024006,2.9444389791664403,2,VIP,0,5467.820000000001,18
17513,72,3,1158.8,386.26666666666665,18,479,3,3,3,9,7.05600285544234,1.3862943611198906,1,Regular,0,1158.8,3
17514,128,2,542.83,271.4150000000001,72,669,3,3,2,8,6.298636698017643,1.0986122886681096,3,New Customer,0,542.83,2
17515,31,9,1617.46,179.71777777777777,91,550,4,5,4,13,7.389230358819315,2.302585092994046,1,Regular,0,1617.46,9
17516,15,6,957.55,159.59166666666667,150,379,5,4,3,12,6.865421725966058,1.9459101490553132,1,Regular,0,957.55,6
17517,309,1,153.94,153.94,11,309,2,2,1,5,5.043037945203756,0.6931471805599453,0,Lost,1,153.94,1
17518,426,2,329.42,164.71,71,621,1,3,2,6,5.8003645725024455,1.0986122886681096,0,Lost,1,329.42,2
17519,17,15,5109.47,340.6313333333333,142,739,5,5,5,15,8.539046655484803,2.772588722239781,2,VIP,0,5109.47,15
17520,54,1,546.81,546.81,30,54,4,2,2,8,6.305928511499892,0.6931471805599453,3,New Customer,0,546.81,1
17521,30,5,1278.06,255.61200000000002,65,435,4,4,4,12,7.153880712128252,1.791759469228055,1,Regular,0,1278.06,5
17522,2,5,1070.71,214.142,59,218,5,4,3,12,6.977010782644906,1.791759469228055,1,Regular,0,1070.71,5
17523,11,4,652.74,163.185,25,19,5,4,3,12,6.48270971889503,1.6094379124341003,1,Regular,0,652.74,4
17524,361,3,539.14,179.71333333333334,37,438,2,3,2,7,6.291828365215705,1.3862943611198906,4,At Risk,1,539.14,3
17525,360,3,1161.9,387.29999999999995,19,429,2,3,3,8,7.058672164298998,1.3862943611198906,4,At Risk,1,1161.9,3
17526,5,12,4166.04,347.17,67,722,5,5,5,15,8.334961230608442,2.5649493574615367,2,VIP,0,4166.04,12
17527,54,4,939.37,234.8425,45,218,4,4,3,11,6.8462734148384685,1.6094379124341003,1,Regular,0,939.37,4
17528,1,8,3628.5,453.5625,183,71,5,5,5,15,8.196850176724896,2.1972245773362196,1,Regular,0,3628.5,8
17529,610,2,1240.25,620.125,78,698,1,3,3,7,7.123874215359383,1.0986122886681096,4,At Risk,1,1240.25,2
17530,1,12,3141.51,261.7925,359,733,5,5,5,15,8.052777122639133,2.5649493574615367,2,VIP,0,3141.51,12
17531,190,3,1266.82,422.27333333333337,54,618,2,3,4,9,7.145054169084526,1.3862943611198906,1,Regular,1,1266.82,3
17532,386,1,65.34,65.34,4,386,2,2,1,5,4.1947930335189065,0.6931471805599453,0,Lost,1,65.34,1
17533,435,1,34.8,34.8,1,435,1,2,1,4,3.5779478934066544,0.6931471805599453,0,Lost,1,34.8,1
17534,54,5,1668.83,333.76599999999996,76,652,4,4,4,12,7.420477103822009,1.791759469228055,1,Regular,0,1668.83,5
17535,280,1,164.4,164.39999999999998,13,280,2,2,1,5,5.108366782589591,0.6931471805599453,3,New Customer,1,164.4,1
17536,177,3,364.83,121.61000000000001,16,683,3,3,2,8,5.902168744622394,1.3862943611198906,3,New Customer,0,364.83,3
17537,30,2,897.62,448.81,74,303,4,3,3,10,6.80086025323236,1.0986122886681096,3,New Customer,0,897.62,2
17538,26,1,98.42,98.42,9,26,4,2,1,7,4.599353300666527,0.6931471805599453,3,New Customer,0,98.42,1
17539,618,4,1226.57,306.64250000000004,132,727,1,4,3,8,7.112791884519306,1.6094379124341003,4,At Risk,1,1226.57,4
17540,25,6,1590.6000000000001,265.1,41,600,4,4,4,12,7.372495078552774,1.9459101490553132,1,Regular,0,1590.6000000000001,6
17541,510,1,124.46,124.46000000000001,31,510,1,2,1,4,4.831986982668597,0.6931471805599453,0,Lost,1,124.46,1
17542,270,3,341.7,113.90000000000002,57,642,2,3,2,7,5.836855428880563,1.3862943611198906,3,New Customer,1,341.7,3
17543,550,1,120.05,120.04999999999998,13,550,1,2,1,4,4.796203683384068,0.6931471805599453,0,Lost,1,120.05,1
17544,390,3,960.69,320.22999999999996,80,390,2,3,3,8,6.86869215341128,1.3862943611198906,4,At Risk,1,960.69,3
17545,43,6,1448.54,241.42333333333332,204,578,4,4,4,12,7.279001543703618,1.9459101490553132,1,Regular,0,1448.54,6
17547,376,2,727.85,363.925,22,665,2,3,3,8,6.5914679495200215,1.0986122886681096,4,At Risk,1,727.85,2
17548,234,4,731.26,182.815,22,396,2,4,3,9,6.596135642152661,1.6094379124341003,4,At Risk,1,731.26,4
17549,24,2,148.86,74.43,5,52,4,3,1,8,5.0097015249361645,1.0986122886681096,3,New Customer,0,148.86,2
17550,197,9,2547.64,283.0711111111111,250,670,2,5,4,11,7.843315162546328,2.302585092994046,1,Regular,1,2547.64,9
17551,359,1,306.84,306.84000000000003,39,359,2,2,2,6,5.729580167477342,0.6931471805599453,0,Lost,1,306.84,1
17552,60,12,3085.29,257.1075,78,628,3,5,5,13,8.034725001288239,2.5649493574615367,2,VIP,0,3085.29,12
17553,130,4,3757.6,939.4,2,611,3,4,5,12,8.231801826622501,1.6094379124341003,1,Regular,0,3757.6,4
17554,1,5,1952.45,390.48999999999995,58,148,5,4,4,13,7.577352319081822,1.791759469228055,1,Regular,0,1952.45,5
17555,20,5,1057.74,211.548,220,586,4,4,3,11,6.964834800821305,1.791759469228055,1,Regular,0,1057.74,5
17556,206,2,300.67,150.335,13,379,2,3,2,7,5.709333704694526,1.0986122886681096,3,New Customer,1,300.67,2
17557,14,4,575.46,143.86499999999998,28,733,5,4,2,11,6.356905953086827,1.6094379124341003,1,Regular,0,575.46,4
17558,393,1,259.17,259.17,28,393,2,2,1,5,5.561335263505108,0.6931471805599453,0,Lost,1,259.17,1
17559,513,1,167.62,167.62,12,513,1,2,1,4,5.12764766249453,0.6931471805599453,0,Lost,1,167.62,1
17560,95,8,1895.8,236.97500000000005,37,661,3,5,4,12,7.547923534751195,2.1972245773362196,1,Regular,0,1895.8,8
17561,19,4,722.34,180.585,163,733,5,4,3,12,6.583879374413785,1.6094379124341003,1,Regular,0,722.34,4
17562,14,7,1122.38,160.33999999999997,48,173,5,4,3,12,7.024097276842117,2.0794415416798357,1,Regular,0,1122.38,7
17563,578,2,392.38,196.19000000000003,27,612,1,3,2,6,5.974776065821747,1.0986122886681096,0,Lost,1,392.38,2
17564,24,3,454.01,151.33666666666667,38,80,4,3,2,9,6.120319396731415,1.3862943611198906,3,New Customer,0,454.01,3
17565,587,1,131.83,131.83,30,587,1,2,1,4,4.8890701151444125,0.6931471805599453,0,Lost,1,131.83,1
17566,8,2,901.21,450.60499999999996,113,25,5,3,3,11,6.804847308929716,1.0986122886681096,3,New Customer,0,901.21,2
17567,7,9,5356.03,595.1144444444444,128,442,5,5,5,15,8.586164996014617,2.302585092994046,2,VIP,0,5356.03,9
17568,633,1,382.79,382.79,61,633,1,2,2,5,5.950095527997053,0.6931471805599453,0,Lost,1,382.79,1
17569,332,1,344.14,344.13999999999993,29,332,2,2,2,6,5.843950131819433,0.6931471805599453,0,Lost,1,344.14,1
17570,382,1,100.0,100.0,1,382,2,2,1,5,4.61512051684126,0.6931471805599453,0,Lost,1,100.0,1
17571,50,5,1703.75,340.75000000000006,290,543,4,4,4,12,7.441173751400762,1.791759469228055,1,Regular,0,1703.75,5
17572,71,10,723.01,72.30100000000002,14,725,3,5,3,11,6.584805204445026,2.3978952727983707,1,Regular,0,723.01,10
17573,29,3,380.6,126.86666666666666,24,94,4,3,2,9,5.944372939574132,1.3862943611198906,3,New Customer,0,380.6,3
17574,243,1,185.65,185.64999999999998,8,243,2,2,1,5,5.229235205360593,0.6931471805599453,3,New Customer,1,185.65,1
17575,667,1,171.7,171.7,5,667,1,2,1,4,5.1515559851526325,0.6931471805599453,0,Lost,1,171.7,1
17576,8,41,9056.81,220.89780487804882,417,736,5,5,5,15,9.111382647963284,3.7376696182833684,2,VIP,0,9056.81,41
17577,645,2,348.75,174.37499999999997,20,669,1,3,2,6,5.857218613545591,1.0986122886681096,0,Lost,1,348.75,2
17578,218,7,1047.33,149.6185714285714,57,530,2,4,3,9,6.954953700811138,2.0794415416798357,1,Regular,1,1047.33,7
17579,5,4,753.28,188.32,89,578,5,4,3,12,6.625763651858722,1.6094379124341003,1,Regular,0,753.28,4
17580,253,5,545.27,109.05400000000002,78,422,2,4,2,8,6.303113359011862,1.791759469228055,4,At Risk,1,545.27,5
17581,1,43,18757.75,436.2267441860465,387,737,5,5,5,15,9.8394155892102,3.784189633918261,2,VIP,0,18757.75,43
17582,236,5,1450.7,290.14000000000004,92,624,2,4,4,10,7.280490562467382,1.791759469228055,1,Regular,1,1450.7,5
17583,560,1,135.95,135.95,7,560,1,2,1,4,4.919615895709087,0.6931471805599453,0,Lost,1,135.95,1
17584,7,6,5309.42,884.9033333333331,85,684,5,4,5,14,8.577426207153255,1.9459101490553132,1,Regular,0,5309.42,6
17585,109,7,2093.3,299.04285714285714,295,478,3,4,4,11,7.646974647644465,2.0794415416798357,1,Regular,0,2093.3,7
17586,619,1,167.4,167.39999999999998,8,619,1,2,1,4,5.126342101808226,0.6931471805599453,0,Lost,1,167.4,1
17587,628,1,181.66,181.66000000000003,42,628,1,2,1,4,5.207626501263533,0.6931471805599453,0,Lost,1,181.66,1
17588,100,7,2939.55,419.93571428571425,35,638,3,4,4,11,7.986351917666346,2.0794415416798357,1,Regular,0,2939.55,7
17589,60,18,14049.87,780.5483333333334,601,642,3,5,5,13,9.550439594553007,2.9444389791664403,2,VIP,0,14049.87,18
17590,2,3,1479.22,493.0733333333333,162,40,5,3,4,12,7.299946004359693,1.3862943611198906,1,Regular,0,1479.22,3
17591,73,8,2776.67,347.08375,93,691,3,5,4,12,7.929367725761379,2.1972245773362196,1,Regular,0,2776.67,8
17592,726,1,148.3,148.3,13,739,1,2,1,4,5.005957704545144,0.6931471805599453,0,Lost,1,148.3,1
17593,4,11,8095.8,735.9818181818182,311,735,5,5,5,15,8.999224200874691,2.4849066497880004,2,VIP,0,8095.8,11
17594,85,4,2497.88,624.47,70,605,3,4,4,11,7.8235979104743105,1.6094379124341003,1,Regular,0,2497.88,4
17595,12,2,388.79,194.39499999999998,68,37,5,3,2,10,5.965608132562755,1.0986122886681096,3,New Customer,0,388.79,2
17596,23,13,4920.67,378.51307692307694,274,724,4,5,5,14,8.50140318278703,2.639057329615259,2,VIP,0,4920.67,13
17597,214,5,3484.09,696.818,109,583,2,4,5,11,8.156249147825298,1.791759469228055,1,Regular,1,3484.09,5
17598,381,1,409.98,409.98,10,381,2,2,2,6,6.018544551511725,0.6931471805599453,0,Lost,1,409.98,1
17599,478,1,52.05,52.05,3,478,1,2,1,4,3.971234865059992,0.6931471805599453,0,Lost,1,52.05,1
17600,18,1,161.67000000000002,161.67000000000002,13,18,5,2,1,8,5.091723608778362,0.6931471805599453,3,New Customer,0,161.67000000000002,1
17601,239,2,421.48,210.73999999999998,69,380,2,3,2,7,6.046142108398678,1.0986122886681096,3,New Customer,1,421.48,2
17602,2,14,7451.13,532.2235714285714,450,619,5,5,5,15,8.91625517655053,2.70805020110221,2,VIP,0,7451.13,14
17603,78,4,1793.48,448.37,104,730,3,4,4,11,7.49247056535977,1.6094379124341003,1,Regular,0,1793.48,4
17604,217,6,945.9300000000001,157.655,142,682,2,4,3,9,6.8532251728194,1.9459101490553132,1,Regular,1,945.9300000000001,6
17605,590,1,160.75,160.75,13,590,1,2,1,4,5.08605193338101,0.6931471805599453,0,Lost,1,160.75,1
17606,726,1,87.30000000000001,87.30000000000001,6,737,1,2,1,4,4.480740107609915,0.6931471805599453,0,Lost,1,87.30000000000001,1
17607,376,1,333.81,333.81,22,376,2,2,2,6,5.813563206747519,0.6931471805599453,0,Lost,1,333.81,1
17608,33,4,498.53,124.63250000000002,134,607,4,4,2,10,6.213667656345135,1.6094379124341003,3,New Customer,0,498.53,4
17609,41,11,1894.34,172.21272727272728,317,609,4,5,4,13,7.547153520947835,2.4849066497880004,1,Regular,0,1894.34,11
17610,540,5,1529.49,305.898,114,733,1,4,4,9,7.333343224551642,1.791759469228055,4,At Risk,1,1529.49,5
17611,7,28,8371.98,298.9992857142857,722,738,5,5,5,15,9.03276513357146,3.367295829986474,2,VIP,0,8371.98,28
17612,53,18,5394.86,299.71444444444444,213,723,4,5,5,14,8.593387271846513,2.9444389791664403,2,VIP,0,5394.86,18
17613,23,14,4559.150000000001,325.65357142857147,211,306,4,5,5,14,8.425110796704255,2.70805020110221,2,VIP,0,4559.150000000001,14
17614,57,1,390.07,390.07000000000005,97,57,4,2,2,8,5.968886572094735,0.6931471805599453,3,New Customer,0,390.07,1
17615,130,6,733.2,122.19999999999999,47,485,3,4,3,10,6.598781471062734,1.9459101490553132,1,Regular,0,733.2,6
17616,174,4,1060.8,265.2,1,452,3,4,3,10,6.967720860149571,1.6094379124341003,1,Regular,0,1060.8,4
17617,559,1,395.33,395.33,18,559,1,2,2,5,5.982247197558372,0.6931471805599453,0,Lost,1,395.33,1
17618,6,11,4073.2400000000002,370.29454545454547,202,685,5,5,5,15,8.312439505213618,2.4849066497880004,2,VIP,0,4073.2400000000002,11
17619,312,1,218.52,218.51999999999995,71,312,2,2,1,5,5.39144334453752,0.6931471805599453,0,Lost,1,218.52,1
17620,60,1,81.44,81.44,4,60,3,2,1,6,4.412070756022258,0.6931471805599453,3,New Customer,0,81.44,1
17621,21,6,3175.12,529.1866666666667,61,432,4,4,5,13,8.063415605028567,1.9459101490553132,1,Regular,0,3175.12,6
17622,598,2,1130.21,565.1050000000001,19,598,1,3,3,7,7.031043135272966,1.0986122886681096,4,At Risk,1,1130.21,2
17623,33,7,2383.67,340.5242857142857,130,725,4,4,4,12,7.776816028969278,2.0794415416798357,1,Regular,0,2383.67,7
17624,15,4,1568.63,392.1575,91,720,5,4,4,13,7.358595201778292,1.6094379124341003,1,Regular,0,1568.63,4
17625,18,8,6067.8,758.475,429,725,5,5,5,15,8.710916170934635,2.1972245773362196,2,VIP,0,6067.8,8
17626,603,1,254.0,254.0,18,603,1,2,1,4,5.541263545158426,0.6931471805599453,0,Lost,1,254.0,1
17627,479,1,296.36,296.36000000000007,10,479,1,2,2,5,5.694943525988997,0.6931471805599453,0,Lost,1,296.36,1
17628,81,1,75.75,75.75000000000001,5,81,3,2,1,6,4.340553386467307,0.6931471805599453,3,New Customer,0,75.75,1
17629,6,10,2455.52,245.55199999999996,129,421,5,5,4,14,7.8065009932405305,2.3978952727983707,1,Regular,0,2455.52,10
17630,170,2,503.59999999999997,251.79999999999998,24,232,3,3,2,8,6.223766036206957,1.0986122886681096,3,New Customer,0,503.59999999999997,2
17631,2,7,998.49,142.64142857142858,66,730,5,4,3,12,6.907245148887903,2.0794415416798357,1,Regular,0,998.49,7
17633,31,7,2057.39,293.91285714285715,84,389,4,4,4,12,7.629679402813487,2.0794415416798357,1,Regular,0,2057.39,7
17634,36,9,2361.9700000000003,262.4411111111111,209,338,4,5,4,13,7.767674581380544,2.302585092994046,1,Regular,0,2361.9700000000003,9
17635,424,3,1265.58,421.85999999999996,60,591,1,3,4,8,7.144075633652909,1.3862943611198906,4,At Risk,1,1265.58,3
17636,19,1,285.56,285.55999999999995,20,19,5,2,1,8,5.657947938312402,0.6931471805599453,3,New Customer,0,285.56,1
17637,31,2,547.0600000000001,273.53000000000003,35,115,4,3,2,9,6.3063847700056215,1.0986122886681096,3,New Customer,0,547.0600000000001,2
17638,647,2,842.4,421.2,2,722,1,3,3,7,6.73744134131246,1.0986122886681096,4,At Risk,1,842.4,2
17639,276,6,615.17,102.52833333333335,59,484,2,4,2,8,6.423522899485667,1.9459101490553132,4,At Risk,1,615.17,6
17640,87,6,3168.94,528.1566666666666,48,627,3,4,5,12,8.061467939247406,1.9459101490553132,1,Regular,0,3168.94,6
17642,120,5,1824.49,364.89799999999997,88,734,3,4,4,11,7.509603723129441,1.791759469228055,1,Regular,0,1824.49,5
17643,373,2,541.25,270.625,30,505,2,3,2,7,6.295727149706984,1.0986122886681096,4,At Risk,1,541.25,2
17644,1,20,6028.6,301.43,160,662,5,5,5,15,8.704435952529261,3.044522437723423,2,VIP,0,6028.6,20
17646,219,12,4149.79,345.8158333333334,124,724,2,5,5,12,8.331053956554086,2.5649493574615367,2,VIP,1,4149.79,12
17647,65,3,331.65999999999997,110.55333333333333,12,669,3,3,2,8,5.807120947362389,1.3862943611198906,3,New Customer,0,331.65999999999997,3
17648,61,5,2216.37,443.274,114,385,3,4,4,11,7.70407708788802,1.791759469228055,1,Regular,0,2216.37,5
17649,138,3,1578.89,526.2966666666666,88,472,3,3,4,10,7.365110503344246,1.3862943611198906,1,Regular,0,1578.89,3
17650,21,1,166.08,166.07999999999998,8,21,4,2,1,7,5.118472739628975,0.6931471805599453,3,New Customer,0,166.08,1
17651,12,16,5703.52,356.47,198,527,5,5,5,15,8.649014122034309,2.833213344056216,2,VIP,0,5703.52,16
17652,25,12,4867.72,405.6433333333334,118,281,4,5,5,14,8.490586347854247,2.5649493574615367,2,VIP,0,4867.72,12
17653,37,4,1207.56,301.89,44,120,4,4,3,11,7.09718484723547,1.6094379124341003,1,Regular,0,1207.56,4
17654,277,1,117.55,117.55000000000001,22,277,2,2,1,5,4.775334812511415,0.6931471805599453,3,New Customer,1,117.55,1
17655,11,9,3652.48,405.8311111111111,75,417,5,5,5,15,8.20343541701347,2.302585092994046,1,Regular,0,3652.48,9
17656,73,5,1674.69,334.93800000000005,67,129,3,4,4,11,7.4239802997335635,1.791759469228055,1,Regular,0,1674.69,5
17657,430,1,126.0,126.0,7,430,1,2,1,4,4.844187086458591,0.6931471805599453,0,Lost,1,126.0,1
17658,26,2,595.42,297.71,17,211,4,3,2,9,6.39094511686889,1.0986122886681096,3,New Customer,0,595.42,2
17659,17,14,3834.79,273.9135714285714,150,386,5,5,5,15,8.252130689979245,2.70805020110221,2,VIP,0,3834.79,14
17660,141,2,359.47,179.735,75,737,3,3,2,8,5.887408735509094,1.0986122886681096,3,New Customer,0,359.47,2
17662,662,2,412.92,206.46000000000004,14,723,1,3,2,6,6.025672718437719,1.0986122886681096,0,Lost,1,412.92,2
17663,26,17,5175.83,304.4605882352941,153,646,4,5,5,14,8.551948178812031,2.8903717578961645,2,VIP,0,5175.83,17
17664,19,4,1166.23,291.5575,68,620,5,4,3,12,7.062388699414255,1.6094379124341003,1,Regular,0,1166.23,4
17665,493,1,563.1,563.1,19,493,1,2,2,5,6.33523154074593,0.6931471805599453,0,Lost,1,563.1,1
17666,4,5,2047.8,409.56000000000006,30,528,5,4,4,13,7.625009534885315,1.791759469228055,1,Regular,0,2047.8,5
17667,66,9,3950.7,438.96666666666664,140,655,3,5,5,13,8.281901145055203,2.302585092994046,2,VIP,0,3950.7,9
17668,1,2,347.75,173.875,14,38,5,3,2,10,5.854355333135575,1.0986122886681096,3,New Customer,0,347.75,2
17669,43,10,6142.35,614.235,85,617,4,5,5,14,8.723125474960066,2.3978952727983707,2,VIP,0,6142.35,10
17670,228,1,205.7,205.7,11,228,2,2,1,5,5.331268466687723,0.6931471805599453,3,New Customer,1,205.7,1
17671,16,5,2403.34,480.668,54,376,5,4,4,13,7.785030716603104,1.791759469228055,1,Regular,0,2403.34,5
17672,50,7,5778.63,825.5185714285715,179,682,4,4,5,13,8.66209494577662,2.0794415416798357,1,Regular,0,5778.63,7
17673,2,13,4233.58,325.65999999999997,195,630,5,5,5,15,8.351039428614413,2.639057329615259,2,VIP,0,4233.58,13
17674,74,2,851.7,425.84999999999997,19,369,3,3,3,9,6.748407785748004,1.0986122886681096,3,New Customer,0,851.7,2
17675,1,46,29730.420199999626,546.5657142857143,345,729,5,5,5,15,10.299959684780548,3.8501476017100584,2,VIP,0,38259.6,70
17676,4,10,2765.84,276.584,85,620,5,5,4,14,7.9254611537565225,2.3978952727983707,1,Regular,0,2765.84,10
17677,2,46,29730.420199999626,679.4983333333334,346,724,5,5,5,15,10.299959684780548,3.8501476017100584,2,VIP,0,36692.91,54
17678,264,2,599.76,299.88000000000005,27,603,2,3,2,7,6.39819552033738,1.0986122886681096,4,At Risk,1,599.76,2
17679,53,7,3577.61,511.08714285714285,70,736,4,4,5,13,8.182729735842724,2.0794415416798357,1,Regular,0,3577.61,7
17680,24,3,497.45,165.8166666666667,20,511,4,3,2,9,6.211503283468713,1.3862943611198906,3,New Customer,0,497.45,3
17681,597,5,731.2,146.24,12,694,1,4,3,8,6.596053700686136,1.791759469228055,4,At Risk,1,731.2,5
17682,10,11,4456.78,405.16181818181815,85,642,5,5,5,15,8.402406163244015,2.4849066497880004,2,VIP,0,4456.78,11
17683,386,3,819.01,273.00333333333333,41,554,2,3,3,8,6.70931653530589,1.3862943611198906,4,At Risk,1,819.01,3
17684,44,1,239.41,239.41,15,44,4,2,1,7,5.482345799133678,0.6931471805599453,3,New Customer,0,239.41,1
17685,17,12,5943.17,495.2641666666666,124,666,5,5,5,15,8.690166186257795,2.5649493574615367,2,VIP,0,5943.17,12
17686,7,9,8296.81,921.8677777777777,283,534,5,5,5,15,9.023746903547035,2.302585092994046,2,VIP,0,8296.81,9
17687,421,1,432.68,432.67999999999995,26,421,1,2,2,5,6.072306934952083,0.6931471805599453,0,Lost,1,432.68,1
17688,394,1,304.2,304.20000000000005,19,394,2,2,2,6,5.720967299410302,0.6931471805599453,0,Lost,1,304.2,1
17689,388,2,317.08,158.54000000000002,17,474,2,3,2,7,5.7623029234682095,1.0986122886681096,0,Lost,1,317.08,2
17690,30,20,7448.1,372.40500000000003,237,674,4,5,5,14,8.915848498706922,3.044522437723423,2,VIP,0,7448.1,20
17691,358,4,780.0500000000001,195.01250000000002,37,547,2,4,3,9,6.660639168277018,1.6094379124341003,4,At Risk,1,780.0500000000001,4
17692,127,12,2975.8,247.98333333333335,90,541,3,5,5,13,7.998604177032413,2.5649493574615367,2,VIP,0,2975.8,12
17693,137,1,200.47,200.46999999999997,16,137,3,2,1,6,5.305640486927818,0.6931471805599453,3,New Customer,0,200.47,1
17694,142,3,1695.97,565.3233333333334,54,563,3,3,4,10,7.4365995868222186,1.3862943611198906,1,Regular,0,1695.97,3
17695,132,5,1746.04,349.208,46,681,3,4,4,11,7.465678206265756,1.791759469228055,1,Regular,0,1746.04,5
17696,38,27,7679.59,284.42925925925925,191,729,4,5,5,14,8.946451646107656,3.332204510175204,2,VIP,0,7679.59,27
17697,236,1,338.95,338.95000000000005,19,236,2,2,2,6,5.828798547972468,0.6931471805599453,3,New Customer,1,338.95,1
17698,261,1,154.95,154.95,8,261,2,2,1,5,5.049535443053812,0.6931471805599453,3,New Customer,1,154.95,1
17699,477,2,442.0,221.0,17,562,1,3,2,6,6.093569770045136,1.0986122886681096,0,Lost,1,442.0,2
17700,17,14,6679.97,477.1407142857143,259,739,5,5,5,15,8.807018465569639,2.70805020110221,2,VIP,0,6679.97,14
17701,253,1,417.95,417.95000000000005,24,253,2,2,2,6,6.037751581059295,0.6931471805599453,3,New Customer,1,417.95,1
17702,30,6,3144.04,524.0066666666667,120,401,4,4,5,13,8.053581887654614,1.9459101490553132,1,Regular,0,3144.04,6
17703,35,4,1094.84,273.7100000000001,63,418,4,4,3,11,6.999276471449595,1.6094379124341003,1,Regular,0,1094.84,4
17704,169,2,885.19,442.59499999999997,27,240,3,3,3,9,6.7869313745672155,1.0986122886681096,3,New Customer,0,885.19,2
17705,3,11,2083.9,189.44545454545457,74,577,5,5,4,14,7.64247617145201,2.4849066497880004,1,Regular,0,2083.9,11
17706,4,31,20749.98,669.3541935483872,408,690,5,5,5,15,9.940348753459256,3.4657359027997265,2,VIP,0,20749.98,31
17707,185,8,609.3000000000001,76.16250000000001,9,733,3,5,2,10,6.41395063955045,2.1972245773362196,1,Regular,1,609.3000000000001,8
17708,188,4,887.9300000000001,221.98250000000002,57,424,3,4,3,10,6.790018492256255,1.6094379124341003,1,Regular,1,887.9300000000001,4
17709,170,5,671.01,134.202,37,603,3,4,3,10,6.510273221364811,1.791759469228055,1,Regular,0,671.01,5
17710,424,1,293.5,293.49999999999994,20,424,1,2,2,5,5.685279003091641,0.6931471805599453,0,Lost,1,293.5,1
17711,11,2,385.1,192.55,22,290,5,3,2,10,5.956096403270191,1.0986122886681096,3,New Customer,0,385.1,2
17712,45,1,522.91,522.91,29,45,4,2,2,8,6.261319913844147,0.6931471805599453,3,New Customer,0,522.91,1
17713,382,4,1198.09,299.5225,55,549,2,4,3,9,7.089318214762589,1.6094379124341003,4,At Risk,1,1198.09,4
17714,321,5,1410.18,282.03600000000006,69,514,2,4,4,10,7.252181512816497,1.791759469228055,4,At Risk,1,1410.18,5
17715,201,2,489.59999999999997,244.79999999999998,1,593,2,3,2,7,6.195629131824389,1.0986122886681096,3,New Customer,1,489.59999999999997,2
17716,23,24,15956.97,664.8737500000001,334,737,4,5,5,14,9.67771366993163,3.2188758248682006,2,VIP,0,15956.97,24
17717,421,1,376.92,376.91999999999996,26,421,1,2,2,5,5.934682533008997,0.6931471805599453,0,Lost,1,376.92,1
17718,232,2,439.18,219.59,22,645,2,3,2,7,6.087183734166526,1.0986122886681096,3,New Customer,1,439.18,2
17719,38,15,5396.04,359.736,111,256,4,5,5,14,8.593605934116098,2.772588722239781,2,VIP,0,5396.04,15
17720,26,10,2768.91,276.89099999999996,81,579,4,5,4,13,7.9265701076788115,2.3978952727983707,1,Regular,0,2768.91,10
17721,659,1,307.21000000000004,307.21,11,659,1,2,2,5,5.730781368822976,0.6931471805599453,0,Lost,1,307.21000000000004,1
17722,96,5,4430.36,886.0720000000001,163,376,3,4,5,12,8.39646181366768,1.791759469228055,1,Regular,0,4430.36,5
17723,127,7,3378.4000000000005,482.62857142857143,6,376,3,4,5,12,8.12545345792655,2.0794415416798357,1,Regular,0,3378.4000000000005,7
17724,71,3,1033.0,344.3333333333333,38,138,3,3,3,9,6.9411900550683745,1.3862943611198906,1,Regular,0,1033.0,3
17725,16,11,3439.08,312.64363636363635,115,267,5,5,5,15,8.143250005910986,2.4849066497880004,2,VIP,0,3439.08,11
17726,395,7,1092.06,156.00857142857143,52,682,2,4,3,9,6.996736381454871,2.0794415416798357,4,At Risk,1,1092.06,7
17727,15,1,1060.25,1060.25,66,15,5,2,3,10,6.967202737625557,0.6931471805599453,3,New Customer,0,1060.25,1
17728,4,5,4238.76,847.7520000000001,196,453,5,4,5,14,8.352261942850365,1.791759469228055,1,Regular,0,4238.76,5
17729,596,1,438.65000000000003,438.6500000000001,23,596,1,2,2,5,6.085978955825011,0.6931471805599453,0,Lost,1,438.65000000000003,1
17730,3,20,7773.8,388.68999999999994,177,590,5,5,5,15,8.958643013243911,3.044522437723423,2,VIP,0,7773.8,20
17731,79,6,1708.99,284.83166666666665,82,669,3,4,4,11,7.44424280152639,1.9459101490553132,1,Regular,0,1708.99,6
17732,373,8,2470.39,308.79875000000004,90,488,2,5,4,11,7.812536024372351,2.1972245773362196,4,At Risk,1,2470.39,8
17733,39,2,692.19,346.09499999999997,33,262,4,3,3,10,6.541304131886272,1.0986122886681096,3,New Customer,0,692.19,2
17734,54,6,1442.32,240.38666666666666,76,642,4,4,4,12,7.274701294410468,1.9459101490553132,1,Regular,0,1442.32,6
17735,2,26,17244.93,663.2665384615385,391,497,5,5,5,15,9.75533145259182,3.295836866004329,2,VIP,0,17244.93,26
17736,9,3,377.44,125.81333333333333,24,113,5,3,2,10,5.936057539836243,1.3862943611198906,3,New Customer,0,377.44,3
17737,9,2,168.24,84.12,8,58,5,3,1,9,5.131317825851867,1.0986122886681096,3,New Customer,0,168.24,2
17738,19,13,4183.56,321.8123076923076,173,631,5,5,5,15,8.339156840000792,2.639057329615259,2,VIP,0,4183.56,13
17739,12,18,7730.59,429.4772222222222,56,733,5,5,5,15,8.953069812538414,2.9444389791664403,2,VIP,0,7730.59,18
17740,389,6,426.9,71.15,5,697,2,4,2,8,6.058889523422771,1.9459101490553132,4,At Risk,1,426.9,6
17741,407,2,101.1,50.55,6,561,2,3,1,6,4.625952725170619,1.0986122886681096,0,Lost,1,101.1,2
17742,113,11,2098.48,190.7709090909091,52,738,3,5,4,12,7.649444974001237,2.4849066497880004,1,Regular,0,2098.48,11
17743,448,1,229.2,229.2,3,448,1,2,1,4,5.438948496287782,0.6931471805599453,0,Lost,1,229.2,1
17744,4,7,2649.14,378.4485714285715,121,381,5,4,4,13,7.882367747773482,2.0794415416798357,1,Regular,0,2649.14,7
17745,478,2,600.34,300.17,27,556,1,3,2,6,6.399160498367506,1.0986122886681096,4,At Risk,1,600.34,2
17746,240,4,904.1800000000001,226.04500000000002,32,610,2,4,3,9,6.808133818950557,1.6094379124341003,4,At Risk,1,904.1800000000001,4
17747,113,1,71.4,71.4,1,113,3,2,1,6,4.282206299391671,0.6931471805599453,3,New Customer,0,71.4,1
17748,527,1,358.15,358.15,17,527,1,2,2,5,5.88374012852081,0.6931471805599453,0,Lost,1,358.15,1
17749,178,3,1026.18,342.05999999999995,52,546,3,3,3,9,6.934572462341162,1.3862943611198906,1,Regular,0,1026.18,3
17750,5,9,1797.57,199.73000000000002,101,164,5,5,4,14,7.494747183701588,2.302585092994046,1,Regular,0,1797.57,9
17751,421,1,157.85999999999999,157.86,31,421,1,2,1,4,5.0680233112049855,0.6931471805599453,0,Lost,1,157.85999999999999,1
17752,359,1,80.64,80.64,1,359,2,2,1,5,4.402319337941644,0.6931471805599453,0,Lost,1,80.64,1
17753,464,4,390.56,97.64,63,702,1,4,2,7,5.97013876039323,1.6094379124341003,4,At Risk,1,390.56,4
17754,1,13,4577.53,352.1176923076924,185,728,5,5,5,15,8.429133264890632,2.639057329615259,2,VIP,0,4577.53,13
17756,376,3,733.7,244.5666666666667,54,394,2,3,3,8,6.599462252626232,1.3862943611198906,4,At Risk,1,733.7,3
17757,1,46,9422.45,168.25803571428568,362,695,5,5,5,15,9.150956542558381,3.8501476017100584,2,VIP,0,9422.45,56
17758,19,12,5012.53,417.7108333333333,403,568,5,5,5,15,8.519895536789699,2.5649493574615367,2,VIP,0,5012.53,12
17759,17,5,1276.91,255.38199999999998,114,584,5,4,4,13,7.152981209922486,1.791759469228055,1,Regular,0,1276.91,5
17760,22,6,918.93,153.155,58,650,4,4,3,11,6.824297580191805,1.9459101490553132,1,Regular,0,918.93,6
17761,33,1,712.78,712.78,19,33,4,2,3,9,6.570574791610563,0.6931471805599453,3,New Customer,0,712.78,1
17762,456,1,129.75,129.75,16,456,1,2,1,4,4.873287102945032,0.6931471805599453,0,Lost,1,129.75,1
17763,263,4,86.15,21.537499999999998,11,659,2,4,1,7,4.46763077196603,1.6094379124341003,3,New Customer,1,86.15,4
17764,51,5,1623.64,324.728,126,736,4,4,4,12,7.39304153175903,1.791759469228055,1,Regular,0,1623.64,5
17765,159,4,530.8,132.70000000000002,71,449,3,4,2,9,6.276267478808919,1.6094379124341003,3,New Customer,0,530.8,4
17766,381,2,299.61,149.805,21,381,2,3,2,7,5.7058137435652805,1.0986122886681096,0,Lost,1,299.61,2
17767,15,2,413.05,206.525,35,410,5,3,2,10,6.025986739479709,1.0986122886681096,3,New Customer,0,413.05,2
17768,8,7,3509.51,501.3585714285715,134,738,5,4,5,14,8.163516605050312,2.0794415416798357,1,Regular,0,3509.51,7
17769,13,17,7103.08,417.8282352941177,330,690,5,5,5,15,8.86842454586986,2.8903717578961645,2,VIP,0,7103.08,17
17770,199,5,1143.27,228.65399999999994,33,282,2,4,3,9,7.042522158078838,1.791759469228055,1,Regular,1,1143.27,5
17771,57,4,387.41,96.85249999999999,63,589,4,4,2,10,5.962061482738665,1.6094379124341003,3,New Customer,0,387.41,4
17772,11,3,384.77,128.25666666666666,94,393,5,3,2,10,5.955241336950457,1.3862943611198906,3,New Customer,0,384.77,3
17773,514,2,585.27,292.635,48,690,1,3,2,6,6.373780434317173,1.0986122886681096,4,At Risk,1,585.27,2
17774,97,9,3328.05,369.78333333333336,286,669,3,5,5,13,8.110442256987616,2.302585092994046,1,Regular,0,3328.05,9
17775,255,1,56.4,56.4,3,255,2,2,1,5,4.050044303325521,0.6931471805599453,3,New Customer,1,56.4,1
17776,387,2,338.56,169.27999999999997,74,723,2,3,2,7,5.827650661869767,1.0986122886681096,0,Lost,1,338.56,2
17777,25,3,665.86,221.95333333333338,141,100,4,3,3,10,6.502580128832101,1.3862943611198906,3,New Customer,0,665.86,3
17778,662,1,197.70000000000002,197.70000000000002,10,662,1,2,1,4,5.291796149557771,0.6931471805599453,0,Lost,1,197.70000000000002,1
17779,21,3,658.57,219.52333333333334,73,144,4,3,3,10,6.491588107540731,1.3862943611198906,3,New Customer,0,658.57,3
17780,667,3,352.91,117.63666666666667,76,685,1,3,2,6,5.869042643521861,1.3862943611198906,0,Lost,1,352.91,3
17781,159,2,188.02,94.00999999999999,12,253,3,3,1,7,5.24185282956691,1.0986122886681096,3,New Customer,0,188.02,2
17782,383,2,679.02,339.51,29,383,2,3,3,8,6.52212220950234,1.0986122886681096,4,At Risk,1,679.02,2
17783,72,3,379.91,126.63666666666666,91,513,3,3,2,8,5.94256312674981,1.3862943611198906,3,New Customer,0,379.91,3
17784,550,1,112.86,112.85999999999999,19,550,1,2,1,4,4.734969623522936,0.6931471805599453,0,Lost,1,112.86,1
17785,53,3,403.38,134.46,48,565,4,3,2,9,6.002355029939155,1.3862943611198906,3,New Customer,0,403.38,3
17786,85,2,278.74,139.37,57,317,3,3,1,7,5.6338606003511575,1.0986122886681096,3,New Customer,0,278.74,2
17787,153,4,2601.4700000000003,650.3675,94,371,3,4,4,11,7.8642162730451615,1.6094379124341003,1,Regular,0,2601.4700000000003,4
17788,74,2,1117.9,558.95,3,130,3,3,3,9,7.020101338813675,1.0986122886681096,3,New Customer,0,1117.9,2
17789,281,2,397.15,198.575,27,661,2,3,2,7,5.9868288187034535,1.0986122886681096,3,New Customer,1,397.15,2
17790,27,20,2783.61,139.1805,188,544,4,5,4,13,7.931863106648799,3.044522437723423,2,VIP,0,2783.61,20
17791,30,1,106.1,106.1,10,30,4,2,1,7,4.673762977453703,0.6931471805599453,3,New Customer,0,106.1,1
17792,467,2,370.05,185.025,45,478,1,3,2,6,5.916336824416143,1.0986122886681096,0,Lost,1,370.05,2
17793,25,1,323.04,323.04,49,25,4,2,2,8,5.78086696496229,0.6931471805599453,3,New Customer,0,323.04,1
17794,687,2,147.3,73.65,7,689,1,3,1,5,4.999237249143887,1.0986122886681096,0,Lost,1,147.3,2
17795,180,2,350.39,175.19499999999996,43,265,3,3,2,8,5.861896717749893,1.0986122886681096,3,New Customer,0,350.39,2
17796,40,7,1361.99,194.57,149,421,4,4,4,12,7.217436094912465,2.0794415416798357,1,Regular,0,1361.99,7
17797,22,8,1985.87,248.23375,222,724,4,5,4,13,7.594315815147273,2.1972245773362196,1,Regular,0,1985.87,8
17798,582,1,183.09,183.08999999999997,43,582,1,2,1,4,5.215424768458471,0.6931471805599453,0,Lost,1,183.09,1
17799,22,20,6341.89,317.0945,478,726,4,5,5,14,8.755089779531765,3.044522437723423,2,VIP,0,6341.89,20
17800,37,9,1199.01,133.22333333333333,51,334,4,5,3,12,7.090085169074703,2.302585092994046,1,Regular,0,1199.01,9
17801,451,3,798.3299999999999,266.11,66,692,1,3,3,7,6.6837738767688695,1.3862943611198906,4,At Risk,1,798.3299999999999,3
17802,82,10,5053.12,505.312,283,726,3,5,5,13,8.527959031235715,2.3978952727983707,2,VIP,0,5053.12,10
17803,392,1,184.66,184.65999999999997,27,392,2,2,1,5,5.223917043971786,0.6931471805599453,0,Lost,1,184.66,1
17804,376,3,385.23,128.41,82,739,2,3,2,7,5.956433046936053,1.3862943611198906,4,At Risk,1,385.23,3
17805,74,2,927.03,463.515,10,610,3,3,3,9,6.833064059849883,1.0986122886681096,3,New Customer,0,927.03,2
17806,11,1,546.04,546.04,43,11,5,2,2,9,6.304521925890991,0.6931471805599453,3,New Customer,0,546.04,1
17807,395,3,437.87,145.95666666666665,88,704,2,3,2,7,6.084203241658105,1.3862943611198906,4,At Risk,1,437.87,3
17808,549,4,262.64,65.66,29,581,1,4,1,6,5.574584536184519,1.6094379124341003,0,Lost,1,262.64,4
17809,16,20,11337.39,566.8695,59,737,5,5,5,15,9.335949591893653,3.044522437723423,2,VIP,0,11337.39,20
17810,669,2,374.81,187.40499999999997,51,684,1,3,2,6,5.92908369652421,1.0986122886681096,0,Lost,1,374.81,2
17811,4,46,9609.8,204.46382978723403,538,446,5,5,5,15,9.170642745117636,3.8501476017100584,2,VIP,0,9609.8,47
17812,13,7,1165.8899999999999,166.5557142857143,162,530,5,4,3,12,7.062097369060713,2.0794415416798357,1,Regular,0,1165.8899999999999,7
17813,14,5,1770.8799999999999,354.176,297,71,5,4,4,13,7.479796408781624,1.791759469228055,1,Regular,0,1770.8799999999999,5
17814,375,2,1617.32,808.66,112,422,2,3,4,9,7.389143853094436,1.0986122886681096,4,At Risk,1,1617.32,2
17815,393,1,591.96,591.96,13,393,2,2,2,6,6.385126943096995,0.6931471805599453,4,At Risk,1,591.96,1
17816,37,6,112.32,18.72,41,724,4,4,1,9,4.730215674962316,1.9459101490553132,3,New Customer,0,112.32,6
17817,4,6,807.85,134.64166666666668,115,422,5,4,3,12,6.695613485775703,1.9459101490553132,1,Regular,0,807.85,6
17818,726,1,130.18,130.18,42,738,1,2,1,4,4.876570425865589,0.6931471805599453,0,Lost,1,130.18,1
17819,72,12,6612.5199999999995,551.0433333333333,66,726,3,5,5,13,8.796871317578866,2.5649493574615367,2,VIP,0,6612.5199999999995,12
17820,374,1,183.56,183.55999999999997,39,374,2,2,1,5,5.217974613865498,0.6931471805599453,0,Lost,1,183.56,1
17821,406,1,334.62,334.62,6,406,2,2,2,6,5.815979567573016,0.6931471805599453,0,Lost,1,334.62,1
17822,420,5,2188.5,437.7,152,561,1,4,4,9,7.6914284862414535,1.791759469228055,4,At Risk,1,2188.5,5
17823,421,2,494.25,247.125,88,421,1,3,2,6,6.20506268557866,1.0986122886681096,4,At Risk,1,494.25,2
17824,51,1,298.4,298.4,13,51,4,2,2,8,5.701780471985528,0.6931471805599453,3,New Customer,0,298.4,1
17825,599,4,731.96,182.99,24,726,1,4,3,8,6.597091130138432,1.6094379124341003,4,At Risk,1,731.96,4
17826,374,1,134.59,134.59,33,374,2,2,1,5,4.909635626474218,0.6931471805599453,0,Lost,1,134.59,1
17827,5,6,2388.05,398.0083333333334,240,622,5,4,4,13,7.7786510763659,1.9459101490553132,1,Regular,0,2388.05,6
17828,23,4,1820.09,455.02250000000004,54,185,4,4,4,12,7.507190501900052,1.6094379124341003,1,Regular,0,1820.09,4
17829,299,5,4756.74,951.348,121,655,2,4,5,11,8.467528044561078,1.791759469228055,4,At Risk,1,4756.74,5
17830,2,3,398.7,132.89999999999998,18,289,5,3,2,10,5.990714265717278,1.3862943611198906,3,New Customer,0,398.7,3
17831,33,1,35.400000000000006,35.400000000000006,2,33,4,2,1,7,3.594568774642695,0.6931471805599453,3,New Customer,0,35.400000000000006,1
17832,50,1,155.37,155.37000000000003,61,50,4,2,1,7,5.052224993855419,0.6931471805599453,3,New Customer,0,155.37,1
17833,723,1,342.36,342.36,28,723,1,2,2,5,5.838779459442334,0.6931471805599453,0,Lost,1,342.36,1
17834,415,2,730.47,365.235,54,445,1,3,3,7,6.595056207999221,1.0986122886681096,4,At Risk,1,730.47,2
17835,3,3,350.64,116.87999999999998,45,23,5,3,2,10,5.862607924982978,1.3862943611198906,3,New Customer,0,350.64,3
17836,47,1,110.21000000000001,110.21,23,47,4,2,1,7,4.71142030583075,0.6931471805599453,3,New Customer,0,110.21000000000001,1
17837,42,8,1593.38,199.1725,110,163,4,5,4,13,7.374240224916247,2.1972245773362196,1,Regular,0,1593.38,8
17838,27,13,6722.900000000001,517.1461538461538,141,631,4,5,5,14,8.813423622317975,2.639057329615259,2,VIP,0,6722.900000000001,13
17839,42,1,338.8,338.79999999999995,50,42,4,2,2,8,5.828357209237832,0.6931471805599453,3,New Customer,0,338.8,1
17840,444,1,185.72,185.72,44,444,1,2,1,4,5.229610168538246,0.6931471805599453,0,Lost,1,185.72,1
17841,2,46,29730.420199999626,335.94345971563985,2116,737,5,5,5,15,10.299959684780548,3.8501476017100584,2,VIP,0,70884.07,211
17842,602,1,430.69,430.69000000000005,18,602,1,2,2,5,6.067707738058715,0.6931471805599453,0,Lost,1,430.69,1
17843,303,2,326.23,163.115,58,412,2,3,2,7,5.790663287567157,1.0986122886681096,3,New Customer,1,326.23,2
17844,107,1,51.559999999999995,51.56,5,107,3,2,1,6,3.961955374176355,0.6931471805599453,3,New Customer,0,51.559999999999995,1
17845,555,4,598.19,149.5475,42,576,1,4,2,7,6.39557874314519,1.6094379124341003,4,At Risk,1,598.19,4
17846,85,1,2033.1,2033.1,1,85,3,2,4,9,7.617808739608441,0.6931471805599453,3,New Customer,0,2033.1,1
17847,516,2,129.69,64.845,9,645,1,3,1,5,4.872828106608945,1.0986122886681096,0,Lost,1,129.69,2
17848,81,30,3650.9,121.69666666666666,105,733,3,5,5,13,8.20300285908366,3.4339872044851463,2,VIP,0,3650.9,30
17849,218,8,1063.76,132.97,24,635,2,5,3,10,6.970504700635247,2.1972245773362196,1,Regular,1,1063.76,8
17850,372,46,29730.420199999626,365.1618064516129,100,735,2,5,5,12,10.299959684780548,3.8501476017100584,2,VIP,1,56600.08,155
17851,422,6,1563.34,260.5566666666667,185,736,1,4,4,9,7.355219288783538,1.9459101490553132,4,At Risk,1,1563.34,6
17852,12,5,663.21,132.642,82,731,5,4,3,12,6.498598364535423,1.791759469228055,1,Regular,0,663.21,5
17853,407,3,1608.19,536.0633333333334,84,736,2,3,4,9,7.383486225788365,1.3862943611198906,4,At Risk,1,1608.19,3
17854,185,6,1071.45,178.57500000000002,113,732,3,4,3,10,6.977701029668804,1.9459101490553132,1,Regular,1,1071.45,6
17855,373,1,417.94,417.94,17,373,2,2,2,6,6.03772771157762,0.6931471805599453,0,Lost,1,417.94,1
17856,2,4,1418.03,354.50750000000005,12,282,5,4,4,13,7.25772881858561,1.6094379124341003,1,Regular,0,1418.03,4
17857,4,24,28682.24,1195.0933333333332,21,642,5,5,5,15,10.264068259044144,3.2188758248682006,2,VIP,0,28682.24,24
17858,6,30,12797.65,426.5883333333333,173,733,5,5,5,15,9.457094975595489,3.4339872044851463,2,VIP,0,12797.65,30
17859,305,1,148.21,148.21,23,305,2,2,1,5,5.00535470965233,0.6931471805599453,0,Lost,1,148.21,1
17860,369,4,1015.54,253.88500000000002,127,728,2,4,3,9,6.924159983007414,1.6094379124341003,4,At Risk,1,1015.54,4
17861,3,18,5127.69,284.87166666666667,329,730,5,5,5,15,8.542605544930957,2.9444389791664403,2,VIP,0,5127.69,18
17862,324,4,1279.09,319.77250000000004,90,563,2,4,4,10,7.154685666941855,1.6094379124341003,4,At Risk,1,1279.09,4
17863,59,12,5745.2,478.7666666666667,154,653,4,5,5,14,8.65629404575563,2.5649493574615367,2,VIP,0,5745.2,12
17864,13,5,924.32,184.864,93,428,5,4,3,12,6.83013962363287,1.791759469228055,1,Regular,0,924.32,5
17865,31,46,26374.39,573.356304347826,391,739,4,5,5,14,10.180186657398902,3.8501476017100584,2,VIP,0,26374.39,46
17866,143,3,1134.95,378.3166666666666,20,725,3,3,3,9,7.035224584227941,1.3862943611198906,1,Regular,0,1134.95,3
17867,30,15,1621.2800000000002,108.08533333333335,119,737,4,5,4,13,7.391587846164314,2.772588722239781,2,VIP,0,1621.2800000000002,15
17868,386,1,234.65,234.65,18,386,2,2,1,5,5.46234765336974,0.6931471805599453,0,Lost,1,234.65,1
17869,107,7,1036.16,148.02285714285716,72,547,3,4,3,10,6.9442414875525476,2.0794415416798357,1,Regular,0,1036.16,7
17870,2,13,3108.15,239.08846153846156,215,382,5,5,5,15,8.04210465591967,2.639057329615259,2,VIP,0,3108.15,13
17871,205,5,1118.99,223.79799999999994,64,693,2,4,3,9,7.0210750356778515,1.791759469228055,1,Regular,1,1118.99,5
17872,382,1,235.87,235.87,15,382,2,2,1,5,5.46751146743449,0.6931471805599453,0,Lost,1,235.87,1
17873,80,18,6515.88,361.9933333333333,65,723,3,5,5,13,8.782151012782462,2.9444389791664403,2,VIP,0,6515.88,18
17874,185,6,683.46,113.91000000000003,37,256,3,4,3,10,6.528630206205813,1.9459101490553132,1,Regular,1,683.46,6
17875,688,1,167.1,167.1,25,688,1,2,1,4,5.12455904041457,0.6931471805599453,0,Lost,1,167.1,1
17876,400,3,3424.02,1141.34,3,675,2,3,5,10,8.138862590095334,1.3862943611198906,4,At Risk,1,3424.02,3
17877,170,1,237.61,237.61,12,170,3,2,1,6,5.474830419933934,0.6931471805599453,3,New Customer,0,237.61,1
17878,44,3,1412.33,470.7766666666667,82,395,4,3,4,11,7.253703901064546,1.3862943611198906,1,Regular,0,1412.33,3
17879,174,1,178.51999999999998,178.51999999999998,6,174,3,2,1,6,5.190286622334331,0.6931471805599453,3,New Customer,0,178.51999999999998,1
17880,365,3,824.9200000000001,274.9733333333334,43,730,2,3,3,8,6.716497916530249,1.3862943611198906,4,At Risk,1,824.9200000000001,3
17881,304,1,133.35000000000002,133.35000000000002,8,304,2,2,1,5,4.9004483350615,0.6931471805599453,0,Lost,1,133.35000000000002,1
17882,379,2,313.46,156.73000000000002,47,379,2,3,2,7,5.75085688204213,1.0986122886681096,0,Lost,1,313.46,2
17883,3,7,995.85,142.2642857142857,155,652,5,4,3,12,6.904600307288836,2.0794415416798357,1,Regular,0,995.85,7
17884,4,20,3072.89,153.6445,305,735,5,5,5,15,8.030699139463483,3.044522437723423,2,VIP,0,3072.89,20
17885,12,1,190.19,190.19,50,12,5,2,1,8,5.253267697994312,0.6931471805599453,3,New Customer,0,190.19,1
17886,32,6,1608.38,268.06333333333333,138,590,4,4,4,12,7.383604290643391,1.9459101490553132,1,Regular,0,1608.38,6
17887,129,1,111.35,111.35,10,129,3,2,1,6,4.721618998631338,0.6931471805599453,3,New Customer,0,111.35,1
17888,21,25,1820.44,72.8176,145,718,4,5,4,13,7.507382676021378,3.258096538021482,2,VIP,0,1820.44,25
17889,212,7,774.87,110.69571428571429,97,619,2,4,3,9,6.653984980376013,2.0794415416798357,1,Regular,1,774.87,7
17890,323,2,602.09,301.0450000000001,88,361,2,3,2,7,6.402066439321299,1.0986122886681096,4,At Risk,1,602.09,2
17891,162,1,203.85999999999999,203.85999999999996,34,162,3,2,1,6,5.3223268190083886,0.6931471805599453,3,New Customer,0,203.85999999999999,1
17892,56,3,244.1,81.36666666666667,27,155,4,3,1,8,5.501666290534067,1.3862943611198906,3,New Customer,0,244.1,3
17893,225,1,112.25,112.25,15,225,2,2,1,5,4.7295977643631435,0.6931471805599453,3,New Customer,1,112.25,1
17894,72,18,2453.38,136.29888888888888,215,469,3,5,4,12,7.805629462508707,2.9444389791664403,2,VIP,0,2453.38,18
17895,44,1,98.0,98.0,15,44,4,2,1,7,4.59511985013459,0.6931471805599453,3,New Customer,0,98.0,1
17896,23,1,256.32,256.32,2,23,4,2,1,7,5.550320446542799,0.6931471805599453,3,New Customer,0,256.32,1
17897,173,9,2585.0,287.22222222222223,211,576,3,5,4,12,7.857867559331803,2.302585092994046,1,Regular,0,2585.0,9
17898,85,4,299.18,74.795,48,567,3,4,2,9,5.704382294728169,1.6094379124341003,3,New Customer,0,299.18,4
17899,159,1,155.8,155.79999999999998,29,159,3,2,1,6,5.054971107916307,0.6931471805599453,3,New Customer,0,155.8,1
17900,190,2,112.19999999999999,56.099999999999994,4,190,2,3,1,6,4.729156165769083,1.0986122886681096,3,New Customer,1,112.19999999999999,2
17901,29,3,260.08,86.69333333333331,22,522,4,3,1,8,5.564826873767017,1.3862943611198906,3,New Customer,0,260.08,3
17902,547,1,216.39999999999998,216.39999999999998,24,547,1,2,1,4,5.381738974687109,0.6931471805599453,0,Lost,1,216.39999999999998,1
17903,394,1,381.09000000000003,381.09,44,394,2,2,2,6,5.9456561829510015,0.6931471805599453,0,Lost,1,381.09000000000003,1
17904,21,1,191.67,191.66999999999993,33,21,4,2,1,7,5.260978880892669,0.6931471805599453,3,New Customer,0,191.67,1
17905,71,13,2383.52,183.3476923076923,129,680,3,5,4,12,7.776753125205725,2.639057329615259,2,VIP,0,2383.52,13
17906,247,1,72.9,72.9,12,247,2,2,1,5,4.302712827954156,0.6931471805599453,3,New Customer,1,72.9,1
17907,641,1,291.76,291.76,13,641,1,2,2,5,5.679353160733027,0.6931471805599453,0,Lost,1,291.76,1
17908,374,5,1411.54,282.308,178,726,2,4,4,10,7.253144781203703,1.791759469228055,4,At Risk,1,1411.54,5
17909,726,1,132.55,132.54999999999998,8,737,1,2,1,4,4.89447593955597,0.6931471805599453,0,Lost,1,132.55,1
17910,726,1,261.7,261.70000000000005,25,726,1,2,1,4,5.571012696691494,0.6931471805599453,0,Lost,1,261.7,1
17911,9,1,366.23,366.23,39,9,5,2,2,9,5.9059883547555305,0.6931471805599453,3,New Customer,0,366.23,1
17912,310,6,375.5,62.583333333333336,48,375,2,4,2,8,5.930918047239948,1.9459101490553132,4,At Risk,1,375.5,6
17913,59,14,3479.64,248.5457142857143,224,736,4,5,5,14,8.154971463905486,2.70805020110221,2,VIP,0,3479.64,14
17914,4,1,336.43,336.43,72,4,5,2,2,9,5.821358081393286,0.6931471805599453,3,New Customer,0,336.43,1
17915,551,1,242.13,242.13,27,551,1,2,1,4,5.493596279713942,0.6931471805599453,0,Lost,1,242.13,1
17916,629,2,43.87,21.935000000000002,15,733,1,3,1,5,3.803769419987892,1.0986122886681096,0,Lost,1,43.87,2
17917,45,3,341.28,113.76,77,363,4,3,2,9,5.835629115549854,1.3862943611198906,3,New Customer,0,341.28,3
17918,501,3,396.39,132.13,34,505,1,3,2,6,5.984918166237948,1.3862943611198906,4,At Risk,1,396.39,3
17919,88,2,1840.32,920.1600000000001,37,439,3,3,4,10,7.51823798470524,1.0986122886681096,1,Regular,0,1840.32,2
17920,4,46,24516.46,454.0085185185185,715,734,5,5,5,15,10.10714079577743,3.8501476017100584,2,VIP,0,24516.46,54
17921,64,10,2423.5,242.35,230,512,3,5,4,12,7.793380596545407,2.3978952727983707,1,Regular,0,2423.5,10
17922,543,1,170.4,170.39999999999998,8,543,1,2,1,4,5.1440000061636795,0.6931471805599453,0,Lost,1,170.4,1
17923,282,3,497.0,165.66666666666666,2,544,2,3,2,7,6.210600077024653,1.3862943611198906,4,At Risk,1,497.0,3
17924,12,8,3536.7000000000003,442.08750000000003,27,415,5,5,5,15,8.171232077455805,2.1972245773362196,1,Regular,0,3536.7000000000003,8
17925,373,1,488.16,488.16,1,373,2,2,2,6,6.1926896343211695,0.6931471805599453,0,Lost,1,488.16,1
17926,133,5,1035.49,207.09800000000004,27,579,3,4,3,10,6.943595283975941,1.791759469228055,1,Regular,0,1035.49,5
17927,722,1,294.0,294.0,10,722,1,2,2,5,5.68697535633982,0.6931471805599453,0,Lost,1,294.0,1
17928,45,3,341.24,113.74666666666667,27,571,4,3,2,9,5.835512245334096,1.3862943611198906,3,New Customer,0,341.24,3
17929,11,12,3082.1,256.84166666666664,6,731,5,5,5,15,8.033690863299137,2.5649493574615367,2,VIP,0,3082.1,12
17930,36,13,4275.22,328.86307692307685,39,646,4,5,5,14,8.36082472077466,2.639057329615259,2,VIP,0,4275.22,13
17931,134,14,3437.29,245.5207142857143,274,661,3,5,5,13,8.142729533752492,2.70805020110221,2,VIP,0,3437.29,14
17932,29,3,1331.57,443.8566666666666,84,211,4,3,4,11,7.19486468749322,1.3862943611198906,1,Regular,0,1331.57,3
17933,632,1,114.69,114.69,12,632,1,2,1,4,4.750914200040797,0.6931471805599453,0,Lost,1,114.69,1
17934,52,3,1049.15,349.7166666666667,36,407,4,3,3,10,6.956688290091316,1.3862943611198906,1,Regular,0,1049.15,3
17935,138,7,686.14,98.02000000000001,60,735,3,4,3,10,6.532538056031691,2.0794415416798357,1,Regular,0,686.14,7
17936,5,1,389.84,389.84,68,5,5,2,2,9,5.968298269076143,0.6931471805599453,3,New Customer,0,389.84,1
17937,9,7,4301.22,614.46,19,362,5,4,5,14,8.366886447525236,2.0794415416798357,1,Regular,0,4301.22,7
17938,420,1,144.29,144.29,29,420,1,2,1,4,4.978731745083247,0.6931471805599453,0,Lost,1,144.29,1
17939,160,1,99.14,99.14000000000001,12,160,3,2,1,6,4.606569206901799,0.6931471805599453,3,New Customer,0,99.14,1
17940,49,16,29730.420199999626,1899.574375,11,737,4,5,5,14,10.299959684780548,2.833213344056216,2,VIP,0,30393.19,16
17941,131,4,1433.28,358.32000000000005,5,702,3,4,4,11,7.268418260118725,1.6094379124341003,1,Regular,0,1433.28,4
17942,8,1,77.50000000000001,77.50000000000001,2,8,5,2,1,8,4.363098624788363,0.6931471805599453,3,New Customer,0,77.50000000000001,1
17944,423,1,75.41,75.41,24,423,1,2,1,4,4.336113577659475,0.6931471805599453,0,Lost,1,75.41,1
17945,697,3,360.35,120.11666666666666,66,697,1,3,2,6,5.88984701772899,1.3862943611198906,0,Lost,1,360.35,3
17946,233,2,149.57999999999998,74.79,18,259,2,3,1,6,5.014494504421976,1.0986122886681096,3,New Customer,1,149.57999999999998,2
17947,37,1,176.68,176.67999999999998,9,37,4,2,1,7,5.179984179586172,0.6931471805599453,3,New Customer,0,176.68,1
17948,147,1,358.56000000000006,358.56000000000006,1,147,3,2,2,7,5.884881061705198,0.6931471805599453,3,New Customer,0,358.56000000000006,1
17949,1,46,29730.420199999626,1005.3227118644068,58,738,5,5,5,15,10.299959684780548,3.8501476017100584,2,VIP,0,118628.08,118
17950,72,7,1432.81,204.68714285714285,133,704,3,4,4,11,7.268090515867877,2.0794415416798357,1,Regular,0,1432.81,7
17951,40,4,1636.0800000000002,409.02,24,404,4,4,4,12,7.400669446060975,1.6094379124341003,1,Regular,0,1636.0800000000002,4
17952,378,4,819.61,204.9025,85,542,2,4,3,9,6.71004796613905,1.6094379124341003,4,At Risk,1,819.61,4
17953,540,1,160.82,160.82000000000002,20,540,1,2,1,4,5.086484606379694,0.6931471805599453,0,Lost,1,160.82,1
17954,5,19,3966.05,208.73947368421054,479,730,5,5,5,15,8.285778024417759,2.995732273553991,2,VIP,0,3966.05,19
17955,199,6,949.9,158.31666666666663,16,665,2,4,3,9,6.857408904545398,1.9459101490553132,1,Regular,1,949.9,6
17956,249,1,12.75,12.75,1,249,2,2,1,5,2.6210388241125804,0.6931471805599453,0,Lost,1,12.75,1
17957,66,1,111.68,111.67999999999999,31,66,3,2,1,6,4.724551943008172,0.6931471805599453,3,New Customer,0,111.68,1
17958,117,2,973.88,486.94,35,728,3,3,3,9,6.882314386500184,1.0986122886681096,3,New Customer,0,973.88,2
17959,592,1,140.75,140.75,2,592,1,2,1,4,4.954064942607862,0.6931471805599453,0,Lost,1,140.75,1
17960,171,3,135.08,45.026666666666664,37,642,3,3,1,7,4.913242948087606,1.3862943611198906,3,New Customer,0,135.08,3
17961,21,46,2995.54,29.9554,486,738,4,5,5,14,8.005213568716202,3.8501476017100584,2,VIP,0,2995.54,100
17962,142,4,687.42,171.85500000000002,146,695,3,4,3,10,6.534399116791592,1.6094379124341003,1,Regular,0,687.42,4
17963,471,4,651.51,162.8775,98,689,1,4,3,8,6.48082646474991,1.6094379124341003,4,At Risk,1,651.51,4
17964,32,2,733.46,366.73,84,372,4,3,3,10,6.599135535315476,1.0986122886681096,3,New Customer,0,733.46,2
17965,38,29,7240.9800000000005,249.6889655172414,588,725,4,5,5,14,8.887649928653726,3.4011973816621555,2,VIP,0,7240.9800000000005,29
17966,38,10,1974.42,197.442,82,690,4,5,4,13,7.588536312954514,2.3978952727983707,1,Regular,0,1974.42,10
17967,372,2,357.28999999999996,178.64499999999998,59,416,2,3,2,7,5.881342714348445,1.0986122886681096,4,At Risk,1,357.28999999999996,2
17968,374,4,888.04,222.01000000000002,106,512,2,4,3,9,6.790142228877391,1.6094379124341003,4,At Risk,1,888.04,4
17969,166,20,2369.94,118.49700000000003,113,733,3,5,4,12,7.771041779967057,3.044522437723423,2,VIP,0,2369.94,20
17970,211,1,582.59,582.59,27,211,2,2,2,6,6.369198681477835,0.6931471805599453,3,New Customer,1,582.59,1
17971,548,1,161.94,161.94000000000003,21,548,1,2,1,4,5.093382034882496,0.6931471805599453,0,Lost,1,161.94,1
17972,242,1,136.04,136.04,30,242,2,2,1,5,4.920272854015864,0.6931471805599453,3,New Customer,1,136.04,1
17973,52,1,337.04,337.03999999999996,15,52,4,2,2,8,5.823164231676282,0.6931471805599453,3,New Customer,0,337.04,1
17974,25,6,1858.06,309.6766666666667,279,407,4,4,4,12,7.527826262617495,1.9459101490553132,1,Regular,0,1858.06,6
17975,15,24,7028.83,292.8679166666667,243,491,5,5,5,15,8.857917802435505,3.2188758248682006,2,VIP,0,7028.83,24
17976,372,1,706.38,706.3800000000001,56,372,2,2,3,7,6.561568003824347,0.6931471805599453,4,At Risk,1,706.38,1
17977,29,2,1565.6299999999999,782.8149999999998,94,400,4,3,4,11,7.3566820945008375,1.0986122886681096,1,Regular,0,1565.6299999999999,2
17978,365,4,1461.76,365.43999999999994,62,731,2,4,4,10,7.288080341083193,1.6094379124341003,4,At Risk,1,1461.76,4
17979,36,4,757.71,189.42749999999995,116,260,4,4,3,11,6.631619622697395,1.6094379124341003,1,Regular,0,757.71,4
17980,166,4,1033.42,258.355,41,393,3,4,3,10,6.941596162150855,1.6094379124341003,1,Regular,0,1033.42,4
17981,411,1,239.12,239.12,17,411,1,2,1,4,5.481138798383642,0.6931471805599453,0,Lost,1,239.12,1
17982,681,1,138.18,138.18,13,681,1,2,1,4,4.935768059416704,0.6931471805599453,0,Lost,1,138.18,1
17983,395,1,171.71,171.70999999999998,23,395,2,2,1,5,5.151613887355828,0.6931471805599453,0,Lost,1,171.71,1
17984,145,5,1191.27,238.254,209,739,3,4,3,10,7.0836143320428775,1.791759469228055,1,Regular,0,1191.27,5
17985,22,1,634.95,634.9499999999999,20,22,4,2,3,9,6.455119943897493,0.6931471805599453,3,New Customer,0,634.95,1
17986,56,1,20.8,20.8,1,56,4,2,1,7,3.0819099697950434,0.6931471805599453,3,New Customer,0,20.8,1
17987,185,5,1003.64,200.728,139,551,3,4,3,10,6.912384547365799,1.791759469228055,1,Regular,1,1003.64,5
17988,12,14,489.54,34.96714285714286,115,732,5,5,2,12,6.19550682511979,2.70805020110221,1,Regular,0,489.54,14
17989,379,1,228.82999999999998,228.83,26,379,2,2,1,5,5.437339905196839,0.6931471805599453,0,Lost,1,228.82999999999998,1
17990,237,6,1527.6100000000001,254.60166666666666,40,732,2,4,4,10,7.332114104721181,1.9459101490553132,1,Regular,1,1527.6100000000001,6
17991,225,3,320.55,106.84999999999998,37,592,2,3,2,7,5.773153052580872,1.3862943611198906,3,New Customer,1,320.55,3
17992,389,1,254.13,254.13,49,389,2,2,1,5,5.541773219174124,0.6931471805599453,0,Lost,1,254.13,1
17993,617,1,235.19,235.19000000000005,60,617,1,2,1,4,5.4646365658644855,0.6931471805599453,0,Lost,1,235.19,1
17994,122,11,2313.32,210.30181818181816,227,621,3,5,4,12,7.746871186870239,2.4849066497880004,1,Regular,0,2313.32,11
17995,282,3,495.48,165.16,28,387,2,3,2,7,6.20754320070007,1.3862943611198906,4,At Risk,1,495.48,3
17996,380,3,482.33,160.77666666666667,63,547,2,3,2,7,6.180699650171005,1.3862943611198906,4,At Risk,1,482.33,3
17997,74,8,1970.6699999999998,246.33375,133,164,3,5,4,12,7.586636178360023,2.1972245773362196,1,Regular,0,1970.6699999999998,8
17998,380,3,639.24,213.08,57,738,2,3,3,8,6.461843106058791,1.3862943611198906,4,At Risk,1,639.24,3
17999,37,3,730.9,243.63333333333333,125,378,4,3,3,10,6.595643892607182,1.3862943611198906,1,Regular,0,730.9,3
18000,564,1,124.25,124.25,6,564,1,2,1,4,4.830311739964974,0.6931471805599453,0,Lost,1,124.25,1
18001,12,6,953.84,158.97333333333333,120,737,5,4,3,12,6.861543787177443,1.9459101490553132,1,Regular,0,953.84,6
18002,376,4,249.92,62.48,52,732,2,4,1,7,5.525134163228542,1.6094379124341003,4,At Risk,1,249.92,4
18003,376,1,358.61,358.60999999999996,23,376,2,2,2,6,5.885020110887118,0.6931471805599453,0,Lost,1,358.61,1
18004,362,1,169.47,169.47,32,362,2,2,1,5,5.138559328162834,0.6931471805599453,0,Lost,1,169.47,1
18005,4,2,249.72,124.85999999999999,52,47,5,3,1,9,5.524336778607711,1.0986122886681096,3,New Customer,0,249.72,2
18006,23,4,997.86,249.46499999999997,57,723,4,4,3,11,6.9066146286878665,1.6094379124341003,1,Regular,0,997.86,4
18007,393,1,220.32,220.32,46,393,2,2,1,5,5.399609618029909,0.6931471805599453,0,Lost,1,220.32,1
18008,70,23,19787.13,860.3100000000001,77,703,3,5,5,13,9.892837541964184,3.1780538303479458,2,VIP,0,19787.13,23
18009,235,8,2155.83,269.47875,145,653,2,5,4,11,7.6763948301168,2.1972245773362196,1,Regular,1,2155.83,8
18010,257,1,174.8,174.79999999999998,14,257,2,2,1,5,5.169346985251076,0.6931471805599453,3,New Customer,1,174.8,1
18011,373,2,527.03,263.51500000000004,63,567,2,3,2,7,6.2691531002739875,1.0986122886681096,4,At Risk,1,527.03,2
18012,723,1,115.3,115.3,13,723,1,2,1,4,4.7561730595246186,0.6931471805599453,0,Lost,1,115.3,1
18013,155,2,187.29,93.645,31,155,3,3,1,7,5.237983327508337,1.0986122886681096,3,New Customer,0,187.29,2
18014,28,1,166.42,166.42,29,28,4,2,1,7,5.12050562523191,0.6931471805599453,3,New Customer,0,166.42,1
18015,4,1,120.03,120.03000000000002,46,4,5,2,1,8,4.7960384487505126,0.6931471805599453,3,New Customer,0,120.03,1
18016,32,7,1960.46,280.0657142857143,115,681,4,4,4,12,7.58144437288496,2.0794415416798357,1,Regular,0,1960.46,7
18017,81,4,688.0,172.0,1,431,3,4,3,10,6.535241271013659,1.6094379124341003,1,Regular,0,688.0,4
18018,108,4,297.99,74.4975,43,421,3,4,2,9,5.700410128015343,1.6094379124341003,3,New Customer,0,297.99,4
18019,52,1,38.45,38.45,5,52,4,2,1,7,3.6750340472918834,0.6931471805599453,3,New Customer,0,38.45,1
18020,544,1,190.48000000000002,190.48000000000002,12,544,1,2,1,4,5.254783364524308,0.6931471805599453,0,Lost,1,190.48000000000002,1
18021,510,2,227.06,113.53,32,512,1,3,1,5,5.429608752229212,1.0986122886681096,0,Lost,1,227.06,2
18022,36,5,1651.79,330.358,306,546,4,4,4,12,7.410220048008251,1.791759469228055,1,Regular,0,1651.79,5
18024,153,2,389.78,194.89,21,153,3,3,2,8,5.968144741786365,1.0986122886681096,3,New Customer,0,389.78,2
18025,380,6,1177.72,196.28666666666663,83,619,2,4,3,9,7.072184382934504,1.9459101490553132,4,At Risk,1,1177.72,6
18026,501,2,2074.07,1037.0349999999999,12,505,1,3,4,8,7.637750167035548,1.0986122886681096,4,At Risk,1,2074.07,2
18027,99,1,115.31,115.30999999999999,21,99,3,2,1,6,4.7562590403509475,0.6931471805599453,3,New Customer,0,115.31,1
18028,583,1,192.05,192.05,4,583,1,2,1,4,5.262949222710246,0.6931471805599453,0,Lost,1,192.05,1
18029,642,1,433.77,433.77,18,642,1,2,2,5,6.0748171556265245,0.6931471805599453,0,Lost,1,433.77,1
18030,4,2,230.64999999999998,115.32499999999999,8,42,5,3,1,9,5.4452276118626575,1.0986122886681096,3,New Customer,0,230.64999999999998,2
18031,379,1,462.09999999999997,462.09999999999997,49,379,2,2,2,6,6.137943013486706,0.6931471805599453,0,Lost,1,462.09999999999997,1
18032,334,1,73.5,73.5,5,334,2,2,1,5,4.310799125385514,0.6931471805599453,0,Lost,1,73.5,1
18033,65,1,97.97,97.97000000000001,32,65,3,2,1,6,4.5948167739086,0.6931471805599453,3,New Customer,0,97.97,1
18034,22,3,793.7,264.56666666666666,182,376,4,3,3,10,6.677964684946134,1.3862943611198906,1,Regular,0,793.7,3
18035,36,5,1276.74,255.34800000000004,52,385,4,4,4,12,7.152848171360671,1.791759469228055,1,Regular,0,1276.74,5
18036,32,11,1563.6399999999999,142.1490909090909,221,722,4,5,4,13,7.355411044563965,2.4849066497880004,1,Regular,0,1563.6399999999999,11
18037,154,15,167.42,11.16133333333333,31,738,3,5,1,9,5.126460859601846,2.772588722239781,1,Regular,0,167.42,15
18038,556,1,149.41,149.41,25,556,1,2,1,4,5.013364898667122,0.6931471805599453,0,Lost,1,149.41,1
18039,374,4,579.17,144.79250000000002,137,641,2,4,2,8,6.363321164042317,1.6094379124341003,4,At Risk,1,579.17,4
18040,19,2,357.20000000000005,178.6,18,246,5,3,2,10,5.881091489626612,1.0986122886681096,3,New Customer,0,357.20000000000005,2
18041,12,38,8752.38,230.32578947368424,464,695,5,5,5,15,9.077195190476827,3.6635616461296463,2,VIP,0,8752.38,38
18042,54,2,281.15,140.575,13,542,4,3,1,8,5.642438844415149,1.0986122886681096,3,New Customer,0,281.15,2
18043,25,3,875.97,291.99,106,367,4,3,3,10,6.776472784261436,1.3862943611198906,1,Regular,0,875.97,3
18044,4,18,3505.61,194.75611111111112,128,560,5,5,5,15,8.162405037797205,2.9444389791664403,2,VIP,0,3505.61,18
18045,45,1,189.4,189.39999999999998,43,45,4,2,1,7,5.249127122357265,0.6931471805599453,3,New Customer,0,189.4,1
18046,650,1,189.63,189.63,26,650,1,2,1,4,5.250334376525886,0.6931471805599453,0,Lost,1,189.63,1
18047,381,2,342.69,171.345,74,381,2,3,2,7,5.839740088291405,1.0986122886681096,4,At Risk,1,342.69,2
18048,203,3,401.73,133.91,56,493,2,3,2,7,5.99826636222691,1.3862943611198906,3,New Customer,1,401.73,3
18049,437,2,556.52,278.26000000000005,82,590,1,3,2,6,6.323498377130264,1.0986122886681096,4,At Risk,1,556.52,2
18050,359,2,412.06,206.02999999999997,22,393,2,3,2,7,6.0235928608595035,1.0986122886681096,4,At Risk,1,412.06,2
18051,634,7,2282.28,326.03999999999996,41,731,1,4,4,9,7.733368284651133,2.0794415416798357,4,At Risk,1,2282.28,7
18052,565,1,10877.18,10877.18,16,565,1,2,5,8,9.294514227005408,0.6931471805599453,4,At Risk,1,10877.18,1
18053,71,3,571.07,190.35666666666665,29,528,3,3,2,8,6.349261361514645,1.3862943611198906,3,New Customer,0,571.07,3
18054,393,1,176.5,176.5,11,393,2,2,1,5,5.178970608915471,0.6931471805599453,0,Lost,1,176.5,1
18055,7,14,11195.57,799.6835714285714,320,413,5,5,5,15,9.323362760379078,2.70805020110221,2,VIP,0,11195.57,14
18056,288,2,554.6,277.3,28,619,2,3,2,7,6.320048610880189,1.0986122886681096,4,At Risk,1,554.6,2
18057,393,3,1203.56,401.18666666666667,121,691,2,3,3,8,7.093869634014788,1.3862943611198906,4,At Risk,1,1203.56,3
18058,10,3,774.06,258.02,12,668,5,3,3,11,6.652940445711462,1.3862943611198906,1,Regular,0,774.06,3
18059,23,3,306.46,102.15333333333332,17,68,4,3,2,9,5.728344997484453,1.3862943611198906,3,New Customer,0,306.46,3
18060,408,2,1185.46,592.73,74,565,2,3,3,8,7.078729362707452,1.0986122886681096,4,At Risk,1,1185.46,2
18061,22,28,6488.97,231.7489285714286,30,736,4,5,5,14,8.778013187191304,3.367295829986474,2,VIP,0,6488.97,28
18062,173,6,1632.67,272.1116666666667,46,598,3,4,4,11,7.3985842966392745,1.9459101490553132,1,Regular,0,1632.67,6
18063,391,2,186.60000000000002,93.30000000000001,2,633,2,3,1,6,5.234312036572124,1.0986122886681096,0,Lost,1,186.60000000000002,2
18064,133,11,4495.03,408.6390909090909,53,676,3,5,5,13,8.41095006414913,2.4849066497880004,2,VIP,0,4495.03,11
18065,6,29,5866.63,202.29758620689657,193,730,5,5,5,15,8.677206083423497,3.4011973816621555,2,VIP,0,5866.63,29
18066,75,3,1440.4,480.1333333333334,37,416,3,3,4,10,7.273370142490341,1.3862943611198906,1,Regular,0,1440.4,3
18067,40,1,396.33,396.33000000000004,36,40,4,2,2,8,5.98476716966025,0.6931471805599453,3,New Customer,0,396.33,1
18068,289,1,101.69999999999999,101.69999999999999,1,289,2,2,1,5,4.631812116934513,0.6931471805599453,0,Lost,1,101.69999999999999,1
18069,26,11,4540.56,412.7781818181818,602,649,4,5,5,14,8.421025844348996,2.4849066497880004,2,VIP,0,4540.56,11
18070,669,1,314.1,314.1,9,669,1,2,2,5,5.752890048763229,0.6931471805599453,0,Lost,1,314.1,1
18071,258,6,1428.63,238.10500000000002,52,735,2,4,4,10,7.265170948515917,1.9459101490553132,1,Regular,1,1428.63,6
18072,186,1,247.44,247.44,18,186,3,2,1,6,5.515201367691102,0.6931471805599453,3,New Customer,1,247.44,1
18073,114,12,3877.5200000000004,323.1266666666666,23,197,3,5,5,13,8.263208916550349,2.5649493574615367,2,VIP,0,3877.5200000000004,12
18074,374,2,1509.04,754.52,37,506,2,3,4,9,7.31989141952434,1.0986122886681096,4,At Risk,1,1509.04,2
18075,23,20,5783.29,289.1645,180,499,4,5,5,14,8.662900900894304,3.044522437723423,2,VIP,0,5783.29,20
18076,380,1,151.49,151.49,8,380,2,2,1,5,5.027099020126921,0.6931471805599453,0,Lost,1,151.49,1
18077,8,18,4338.56,241.03111111111107,141,733,5,5,5,15,8.37552823946642,2.9444389791664403,2,VIP,0,4338.56,18
18078,217,4,844.6,211.15,65,628,2,4,3,9,6.740046434556028,1.6094379124341003,1,Regular,1,844.6,4
18079,45,5,4242.75,848.55,107,492,4,4,5,13,8.353202591307006,1.791759469228055,1,Regular,0,4242.75,5
18080,19,2,1231.5,615.75,2,243,5,3,3,11,7.116799905916845,1.0986122886681096,1,Regular,0,1231.5,2
18081,36,3,343.45,114.48333333333333,14,134,4,3,2,9,5.841948942039205,1.3862943611198906,3,New Customer,0,343.45,3
18082,26,1,703.37,703.37,62,26,4,2,3,9,6.557303786277275,0.6931471805599453,3,New Customer,0,703.37,1
18083,398,1,470.72999999999996,470.72999999999996,36,398,2,2,2,6,6.156406788013439,0.6931471805599453,0,Lost,1,470.72999999999996,1
18084,16,3,812.93,270.97666666666663,7,389,5,3,3,11,6.701874367218756,1.3862943611198906,1,Regular,0,812.93,3
18085,330,4,1645.75,411.4375,42,629,2,4,4,10,7.406558927520802,1.6094379124341003,4,At Risk,1,1645.75,4
18086,274,1,101.34,101.33999999999999,7,274,2,2,1,5,4.628300603376946,0.6931471805599453,3,New Customer,1,101.34,1
18087,98,17,14761.519999999999,868.324705882353,44,739,3,5,5,13,9.599846815288782,2.8903717578961645,2,VIP,0,14761.519999999999,17
18088,61,1,167.67000000000002,167.66999999999996,35,61,3,2,1,6,5.127944143269923,0.6931471805599453,3,New Customer,0,167.67000000000002,1
18089,447,1,428.45,428.45000000000005,9,447,1,2,2,5,6.062505320212233,0.6931471805599453,0,Lost,1,428.45,1
18090,422,1,349.4,349.4,47,422,1,2,2,5,5.859075359062237,0.6931471805599453,0,Lost,1,349.4,1
18091,593,1,360.85,360.85,25,593,1,2,2,5,5.891229761312137,0.6931471805599453,0,Lost,1,360.85,1
18092,2,18,16179.44,898.8577777777778,42,736,5,5,5,15,9.691558384309479,2.9444389791664403,2,VIP,0,16179.44,18
18093,93,8,4452.71,556.5887500000001,43,619,3,5,5,13,8.401492735684092,2.1972245773362196,1,Regular,0,4452.71,8
18094,82,13,6391.52,491.6553846153846,55,702,3,5,5,13,8.762883835826853,2.639057329615259,2,VIP,0,6391.52,13
18095,313,5,2303.09,460.61800000000005,37,599,2,4,4,10,7.742441083552863,1.791759469228055,4,At Risk,1,2303.09,5
18096,12,6,1805.28,300.88000000000005,299,513,5,4,4,13,7.4990247607193545,1.9459101490553132,1,Regular,0,1805.28,6
18097,8,11,4663.32,423.9381818181818,86,723,5,5,5,15,8.447697336311375,2.4849066497880004,2,VIP,0,4663.32,11
18098,396,1,550.84,550.84,85,396,2,2,2,6,6.313258149188531,0.6931471805599453,0,Lost,1,550.84,1
18099,127,1,168.31,168.31,19,127,3,2,1,6,5.131731354140141,0.6931471805599453,3,New Customer,0,168.31,1
18100,550,1,451.56,451.56,30,550,1,2,2,5,6.1149203510349,0.6931471805599453,0,Lost,1,451.56,1
18101,11,5,629.16,125.832,89,674,5,4,3,12,6.445973755395069,1.791759469228055,1,Regular,0,629.16,5
18102,1,46,29730.420199999626,4198.77,382,739,5,5,5,15,10.299959684780548,3.8501476017100584,2,VIP,0,608821.65,145
18103,549,1,105.8,105.80000000000001,10,549,1,2,1,4,4.6709579265260945,0.6931471805599453,0,Lost,1,105.8,1
18104,37,1,754.64,754.6400000000001,38,37,4,2,3,9,6.627565072288651,0.6931471805599453,3,New Customer,0,754.64,1
18105,38,1,113.48000000000002,113.48000000000002,18,38,4,2,1,7,4.740400135248196,0.6931471805599453,3,New Customer,0,113.48000000000002,1
18106,330,6,1461.46,243.57666666666668,126,694,2,4,4,10,7.287875228304632,1.9459101490553132,4,At Risk,1,1461.46,6
18107,442,1,167.13,167.12999999999997,38,442,1,2,1,4,5.124737489690837,0.6931471805599453,0,Lost,1,167.13,1
18108,254,3,848.8100000000001,282.9366666666667,43,738,2,3,3,8,6.745012795086175,1.3862943611198906,4,At Risk,1,848.8100000000001,3
18109,2,38,9893.96,260.3673684210526,203,527,5,5,5,15,9.199780815582816,3.6635616461296463,2,VIP,0,9893.96,38
18110,20,2,435.43,217.71499999999997,58,411,4,3,2,9,6.078627995867447,1.0986122886681096,3,New Customer,0,435.43,2
18111,589,1,405.85,405.85,27,589,1,2,2,5,6.008444567142666,0.6931471805599453,0,Lost,1,405.85,1
18112,12,4,775.96,193.99,59,552,5,4,3,12,6.655388868991024,1.6094379124341003,1,Regular,0,775.96,4
18113,369,1,152.64000000000001,152.64000000000001,1,369,2,2,1,5,5.034612203477704,0.6931471805599453,0,Lost,1,152.64000000000001,1
18114,290,1,220.1,220.1,28,290,2,2,1,5,5.3986150878634005,0.6931471805599453,3,New Customer,1,220.1,1
18115,698,1,9.700000000000001,9.7,3,698,1,2,1,4,2.3702437414678608,0.6931471805599453,0,Lost,1,9.700000000000001,1
18116,68,13,2154.3,165.71538461538464,311,411,3,5,4,12,7.675685203985768,2.639057329615259,2,VIP,0,2154.3,13
18117,26,1,320.72,320.71999999999997,68,26,4,2,2,8,5.773681602035868,0.6931471805599453,3,New Customer,0,320.72,1
18118,11,29,6733.22,232.18,444,381,5,5,5,15,8.814957269220036,3.4011973816621555,2,VIP,0,6733.22,29
18119,368,1,362.24,362.24,29,368,2,2,2,6,5.8950637728216275,0.6931471805599453,0,Lost,1,362.24,1
18120,214,1,111.15,111.14999999999999,17,214,2,2,1,5,4.719837260966218,0.6931471805599453,3,New Customer,1,111.15,1
18121,149,2,673.1,336.55,28,155,3,3,3,9,6.513378467859393,1.0986122886681096,3,New Customer,0,673.1,2
18122,8,6,1826.21,304.36833333333334,239,151,5,4,4,13,7.510545492301356,1.9459101490553132,1,Regular,0,1826.21,6
18123,24,3,684.59,228.1966666666667,53,514,4,3,3,10,6.5302797814129026,1.3862943611198906,3,New Customer,0,684.59,3
18124,472,1,111.53,111.53,20,472,1,2,1,4,4.723219852761906,0.6931471805599453,0,Lost,1,111.53,1
18125,30,4,1142.99,285.7475,164,316,4,4,3,11,7.042277430642797,1.6094379124341003,1,Regular,0,1142.99,4
18126,61,1,206.82999999999998,206.83,52,61,3,2,1,6,5.336720437830982,0.6931471805599453,3,New Customer,0,206.82999999999998,1
18127,19,4,561.53,140.38250000000002,56,403,5,4,2,11,6.332444465989737,1.6094379124341003,1,Regular,0,561.53,4
18128,537,1,420.04,420.03999999999996,42,537,1,2,2,5,6.042727841045523,0.6931471805599453,0,Lost,1,420.04,1
18129,243,1,112.55000000000001,112.55,13,243,2,2,1,5,4.732243268551567,0.6931471805599453,3,New Customer,1,112.55000000000001,1
18130,15,3,1059.39,353.12999999999994,58,57,5,3,3,11,6.966392043966783,1.3862943611198906,1,Regular,0,1059.39,3
18131,632,1,222.95999999999998,222.95999999999998,4,632,1,2,1,4,5.411467464480692,0.6931471805599453,0,Lost,1,222.95999999999998,1
18132,504,1,226.9,226.89999999999998,60,504,1,2,1,4,5.4289069362516384,0.6931471805599453,0,Lost,1,226.9,1
18133,212,1,931.4999999999999,931.4999999999999,1,212,2,2,3,7,6.83786915151797,0.6931471805599453,3,New Customer,1,931.4999999999999,1
18134,598,2,445.0,222.50000000000003,27,695,1,3,2,6,6.100318952020064,1.0986122886681096,0,Lost,1,445.0,2
18135,29,10,1249.6200000000001,124.96200000000002,23,634,4,5,4,13,7.131394707329006,2.3978952727983707,1,Regular,0,1249.6200000000001,10
18136,63,5,1631.3600000000001,326.272,77,451,3,4,4,11,7.397782099433339,1.791759469228055,1,Regular,0,1631.3600000000001,5
18137,551,2,145.99,72.995,26,551,1,3,1,5,4.990364557253896,1.0986122886681096,0,Lost,1,145.99,2
18138,295,1,152.65,152.65,8,295,2,2,1,5,5.034677288576494,0.6931471805599453,0,Lost,1,152.65,1
18139,18,6,8438.34,1406.39,35,18,5,4,5,14,9.040659385480165,1.9459101490553132,2,VIP,0,8438.34,6
18140,474,1,536.41,536.41,49,474,1,2,2,5,6.286761304121399,0.6931471805599453,0,Lost,1,536.41,1
18141,402,2,882.47,441.23500000000007,38,589,2,3,3,8,6.783857335325853,1.0986122886681096,4,At Risk,1,882.47,2
18142,157,2,1019.52,509.76,9,216,3,3,3,9,6.928067580294015,1.0986122886681096,3,New Customer,0,1019.52,2
18143,117,2,1000.16,500.08000000000004,59,142,3,3,3,9,6.908914606701983,1.0986122886681096,3,New Customer,0,1000.16,2
18144,8,19,5058.0,266.2105263157895,51,723,5,5,5,15,8.528924114291936,2.995732273553991,2,VIP,0,5058.0,19
18145,13,11,5617.79,510.7081818181819,250,732,5,5,5,15,8.633871617215725,2.4849066497880004,2,VIP,0,5617.79,11
18146,141,2,160.35000000000002,80.175,10,220,3,3,1,7,5.083575918497971,1.0986122886681096,3,New Customer,0,160.35000000000002,2
18147,46,2,179.33999999999997,89.66999999999999,7,109,4,3,1,8,5.19484395807176,1.0986122886681096,3,New Customer,0,179.33999999999997,2
18148,647,1,114.10000000000001,114.1,9,647,1,2,1,4,4.745801315727837,0.6931471805599453,0,Lost,1,114.10000000000001,1
18149,51,7,1624.71,232.10142857142858,54,636,4,4,4,12,7.393699922417667,2.0794415416798357,1,Regular,0,1624.71,7
18150,32,3,566.58,188.86000000000004,29,202,4,3,2,9,6.341381708583334,1.3862943611198906,3,New Customer,0,566.58,3
18151,135,6,1879.44,313.24000000000007,99,646,3,4,4,11,7.539261070993501,1.9459101490553132,1,Regular,0,1879.44,6
18152,646,1,426.69,426.69,10,646,1,2,2,5,6.058398634085082,0.6931471805599453,0,Lost,1,426.69,1
18153,659,1,246.22,246.22000000000003,17,659,1,2,1,4,5.510278628459677,0.6931471805599453,0,Lost,1,246.22,1
18154,3,5,932.6,186.52000000000004,34,491,5,4,3,12,6.839048080972346,1.791759469228055,1,Regular,0,932.6,5
18155,75,3,371.62,123.87333333333335,19,292,3,3,2,8,5.920559133592207,1.3862943611198906,3,New Customer,0,371.62,3
18156,13,2,941.1700000000001,470.585,100,370,5,3,3,11,6.848185725385432,1.0986122886681096,3,New Customer,0,941.1700000000001,2
18157,571,1,215.35,215.35000000000002,25,571,1,2,1,4,5.3768974666708935,0.6931471805599453,0,Lost,1,215.35,1
18158,9,2,453.4,226.7,24,89,5,3,2,10,6.118977867406942,1.0986122886681096,3,New Customer,0,453.4,2
18159,301,1,530.15,530.1500000000001,23,301,2,2,2,6,6.275044467226023,0.6931471805599453,3,New Customer,1,530.15,1
18160,57,3,1003.88,334.6266666666667,56,386,4,3,3,10,6.912623410378997,1.3862943611198906,1,Regular,0,1003.88,3
18161,15,6,1803.1000000000001,300.51666666666665,57,379,5,4,4,13,7.497817131458757,1.9459101490553132,1,Regular,0,1803.1000000000001,6
18162,726,1,379.16,379.16,45,732,1,2,2,5,5.940592216734226,0.6931471805599453,0,Lost,1,379.16,1
18163,584,1,728.84,728.84,33,584,1,2,3,6,6.5928253320372185,0.6931471805599453,0,Lost,1,728.84,1
18164,37,1,399.65000000000003,399.65,24,37,4,2,2,8,5.99308822822408,0.6931471805599453,3,New Customer,0,399.65000000000003,1
18165,177,1,302.46000000000004,302.46000000000004,10,177,3,2,2,7,5.715249806097095,0.6931471805599453,3,New Customer,0,302.46000000000004,1
18166,624,1,175.5,175.5,10,624,1,2,1,4,5.173320876373351,0.6931471805599453,0,Lost,1,175.5,1
18167,23,3,1384.8600000000001,461.61999999999995,24,106,4,3,4,11,7.234076164546975,1.3862943611198906,1,Regular,0,1384.8600000000001,3
18168,176,16,3770.27,235.64187500000003,209,736,3,5,5,13,8.235167093740614,2.833213344056216,2,VIP,0,3770.27,16
18169,61,1,202.65,202.65,9,61,3,2,1,6,5.316402834094422,0.6931471805599453,3,New Customer,0,202.65,1
18170,33,9,2878.0,319.7777777777777,59,700,4,5,4,13,7.965198290612176,2.302585092994046,1,Regular,0,2878.0,9
18171,59,9,2437.31,270.8122222222222,76,704,4,5,4,13,7.799060455362338,2.302585092994046,1,Regular,0,2437.31,9
18172,15,46,17479.84,336.15076923076924,176,729,5,5,5,15,9.768860702974834,3.8501476017100584,2,VIP,0,17479.84,52
18173,87,5,2696.36,539.272,34,613,3,4,4,11,7.9000287958781215,1.791759469228055,1,Regular,0,2696.36,5
18174,7,2,162.5,81.25,1,604,5,3,1,9,5.096812990337308,1.0986122886681096,3,New Customer,0,162.5,2
18175,676,1,176.1,176.09999999999997,7,676,1,2,1,4,5.176714544788788,0.6931471805599453,0,Lost,1,176.1,1
18176,358,1,476.35,476.35,30,358,2,2,2,6,6.168249974444042,0.6931471805599453,0,Lost,1,476.35,1
18177,31,9,2216.87,246.31888888888886,66,724,4,5,4,13,7.7043025548310125,2.302585092994046,1,Regular,0,2216.87,9
18178,129,11,6103.74,554.8854545454545,204,659,3,5,5,13,8.71682079759532,2.4849066497880004,2,VIP,0,6103.74,11
18179,9,8,2547.55,318.44374999999997,101,663,5,5,4,14,7.84327984897159,2.1972245773362196,1,Regular,0,2547.55,8
18180,5,6,1843.75,307.29166666666674,108,143,5,4,4,13,7.520099045938476,1.9459101490553132,1,Regular,0,1843.75,6
18181,24,5,1205.94,241.18800000000002,139,735,4,4,3,11,7.095843509837092,1.791759469228055,1,Regular,0,1205.94,5
18182,463,1,291.13,291.13,10,463,1,2,1,4,5.677198908673179,0.6931471805599453,0,Lost,1,291.13,1
18183,227,2,632.07,316.0350000000001,36,275,2,3,3,8,6.450581000548326,1.0986122886681096,3,New Customer,1,632.07,2
18184,15,1,49.8,49.8,1,15,5,2,1,8,3.927896354584436,0.6931471805599453,3,New Customer,0,49.8,1
18185,249,1,304.25,304.25,17,249,2,2,2,6,5.721131112990814,0.6931471805599453,3,New Customer,1,304.25,1
18186,723,1,329.58,329.58,11,723,1,2,2,5,5.800848687489207,0.6931471805599453,0,Lost,1,329.58,1
18187,632,1,724.89,724.8900000000001,48,632,1,2,3,6,6.587398488193701,0.6931471805599453,0,Lost,1,724.89,1
18188,15,6,3280.59,546.765,95,624,5,4,5,14,8.09608334001947,1.9459101490553132,1,Regular,0,3280.59,6
18189,78,3,1403.73,467.9100000000001,79,626,3,3,4,10,7.2476003924821635,1.3862943611198906,1,Regular,0,1403.73,3
18190,192,5,745.62,149.12400000000002,34,718,2,4,3,9,6.6155563542277696,1.791759469228055,1,Regular,1,745.62,5
18191,262,2,529.4,264.70000000000005,15,477,2,3,2,7,6.273631438871653,1.0986122886681096,3,New Customer,1,529.4,2
18192,72,1,957.97,957.9699999999999,45,72,3,2,3,8,6.865859791808101,0.6931471805599453,3,New Customer,0,957.97,1
18193,165,3,1207.35,402.45,66,442,3,3,3,9,7.09701107162899,1.3862943611198906,1,Regular,0,1207.35,3
18194,82,6,4162.04,693.6733333333333,23,680,3,4,5,12,8.334000855604256,1.9459101490553132,1,Regular,0,4162.04,6
18195,387,1,101.16,101.16,5,387,2,2,1,5,4.626540211724284,0.6931471805599453,0,Lost,1,101.16,1
18196,95,4,1464.31,366.0775,210,632,3,4,4,11,7.289822103161742,1.6094379124341003,1,Regular,0,1464.31,4
18197,576,1,230.1,230.1,9,576,1,2,1,4,5.442850517280335,0.6931471805599453,0,Lost,1,230.1,1
18198,4,17,5425.56,319.1505882352942,81,336,5,5,5,15,8.599060694675584,2.8903717578961645,2,VIP,0,5425.56,17
18199,684,1,344.75,344.75,20,684,1,2,2,5,5.845715970544868,0.6931471805599453,0,Lost,1,344.75,1
18200,106,1,163.8,163.8,29,106,3,2,1,6,5.1047326174753715,0.6931471805599453,3,New Customer,0,163.8,1
18201,723,1,447.53000000000003,447.53,27,723,1,2,2,5,6.105975568893946,0.6931471805599453,0,Lost,1,447.53000000000003,1
18202,200,3,1396.99,465.6633333333334,55,311,2,3,4,9,7.242790769692349,1.3862943611198906,1,Regular,1,1396.99,3
18203,157,4,504.42,126.105,40,731,3,4,2,9,6.2253897667868685,1.6094379124341003,3,New Customer,0,504.42,4
18204,71,3,1993.7,664.5666666666667,159,192,3,3,4,10,7.598248942076519,1.3862943611198906,1,Regular,0,1993.7,3
18205,36,2,517.36,258.67999999999995,30,75,4,3,2,9,6.2506699815672135,1.0986122886681096,3,New Customer,0,517.36,2
18206,553,1,314.65999999999997,314.65999999999997,19,553,1,2,2,5,5.754665684970771,0.6931471805599453,0,Lost,1,314.65999999999997,1
18207,499,1,544.47,544.4699999999999,31,499,1,2,2,5,6.301647808343773,0.6931471805599453,0,Lost,1,544.47,1
18208,566,1,360.08,360.08000000000004,17,566,1,2,2,5,5.889099540429954,0.6931471805599453,0,Lost,1,360.08,1
18209,29,1,139.10000000000002,139.10000000000002,8,29,4,2,1,7,4.942356453342962,0.6931471805599453,3,New Customer,0,139.10000000000002,1
18210,2,7,2768.83,395.54714285714283,116,383,5,4,4,13,7.9265412254569005,2.0794415416798357,1,Regular,0,2768.83,7
18211,26,5,600.07,120.01400000000001,37,279,4,4,2,10,6.3987114002985646,1.791759469228055,1,Regular,0,600.07,5
18212,326,2,546.72,273.36,40,677,2,3,2,7,6.3057642074640325,1.0986122886681096,4,At Risk,1,546.72,2
18213,237,1,232.48000000000002,232.48000000000002,15,237,2,2,1,5,5.453096420335591,0.6931471805599453,3,New Customer,1,232.48000000000002,1
18214,531,4,1780.34,445.0849999999999,38,554,1,4,4,9,7.485121169056339,1.6094379124341003,4,At Risk,1,1780.34,4
18215,89,5,2247.4900000000002,449.49799999999993,53,623,3,4,4,11,7.7180141587914886,1.791759469228055,1,Regular,0,2247.4900000000002,5
18216,31,1,481.75,481.74999999999994,26,31,4,2,2,8,6.179498921308624,0.6931471805599453,3,New Customer,0,481.75,1
18217,29,4,945.04,236.26,33,526,4,4,3,11,6.852284851456062,1.6094379124341003,1,Regular,0,945.04,4
18218,211,4,1142.0,285.49999999999994,25,660,2,4,3,9,7.04141166379481,1.6094379124341003,1,Regular,1,1142.0,4
18219,3,17,3562.89,209.58176470588236,87,732,5,5,5,15,8.17860792391686,2.8903717578961645,2,VIP,0,3562.89,17
18220,227,6,1921.76,320.29333333333335,17,725,2,4,4,10,7.561516932807789,1.9459101490553132,1,Regular,1,1921.76,6
18221,22,6,1424.94,237.49,71,390,4,4,4,12,7.262586524352708,1.9459101490553132,1,Regular,0,1424.94,6
18222,93,1,443.0,443.0,19,93,3,2,2,7,6.095824562432225,0.6931471805599453,3,New Customer,0,443.0,1
18223,5,26,14000.85,538.4942307692307,192,736,5,5,5,15,9.54694474272444,3.295836866004329,2,VIP,0,14000.85,26
18224,264,1,158.95000000000002,158.95000000000002,10,264,2,2,1,5,5.074861266395527,0.6931471805599453,3,New Customer,1,158.95000000000002,1
18225,3,26,13054.26,502.08692307692303,266,735,5,5,5,15,9.47694639667601,3.295836866004329,2,VIP,0,13054.26,26
18226,44,26,11878.88,456.88000000000005,299,645,4,5,5,14,9.38260149185552,3.295836866004329,2,VIP,0,11878.88,26
18227,218,2,388.75,194.375,6,484,2,3,2,7,5.965505507937886,1.0986122886681096,3,New Customer,1,388.75,2
18228,57,2,779.9,389.95,23,80,4,3,3,10,6.660447100668629,1.0986122886681096,3,New Customer,0,779.9,2
18229,12,28,10803.710000000001,385.84678571428566,73,736,5,5,5,15,9.28773742915461,3.367295829986474,2,VIP,0,10803.710000000001,28
18230,9,9,4291.06,476.7844444444444,42,526,5,5,5,15,8.364522083149614,2.302585092994046,2,VIP,0,4291.06,9
18231,192,28,6880.97,245.74892857142854,218,699,2,5,5,12,8.836660227150016,3.367295829986474,2,VIP,1,6880.97,28
18232,82,4,592.97,148.2425,31,197,3,4,2,9,6.386828813036717,1.6094379124341003,1,Regular,0,592.97,4
18233,326,1,440.0,440.0,1,326,2,2,2,6,6.089044875446846,0.6931471805599453,0,Lost,1,440.0,1
18234,552,1,179.6,179.59999999999997,30,552,1,2,1,4,5.196284640982885,0.6931471805599453,0,Lost,1,179.6,1
18235,72,3,1796.48,598.8266666666667,100,217,3,3,4,10,7.494140962968628,1.3862943611198906,1,Regular,0,1796.48,3
18236,30,12,1795.3500000000001,149.6125,80,603,4,5,4,13,7.493512107381559,2.5649493574615367,1,Regular,0,1795.3500000000001,12
18237,3,5,987.1,197.42000000000002,40,134,5,4,3,12,6.895783907200917,1.791759469228055,1,Regular,0,987.1,5
18238,515,1,270.92,270.9200000000001,14,515,1,2,1,4,5.605507905387861,0.6931471805599453,0,Lost,1,270.92,1
18239,219,6,2150.36,358.39333333333326,85,423,2,4,4,10,7.673855479280672,1.9459101490553132,1,Regular,1,2150.36,6
18240,46,1,422.58,422.58000000000004,6,46,4,2,2,8,6.0487423982594555,0.6931471805599453,3,New Customer,0,422.58,1
18241,10,21,2986.9900000000002,142.23761904761906,101,618,5,5,5,15,8.002356199526893,3.091042453358316,2,VIP,0,2986.9900000000002,21
18242,72,8,3605.21,450.65125,113,698,3,5,5,13,8.190412638340476,2.1972245773362196,1,Regular,0,3605.21,8
18243,414,1,515.78,515.78,26,414,1,2,2,5,6.247617252029137,0.6931471805599453,0,Lost,1,515.78,1
18244,431,2,568.64,284.32,19,503,1,3,2,6,6.345004582351227,1.0986122886681096,4,At Risk,1,568.64,2
18245,7,20,6324.9800000000005,316.24899999999997,336,641,5,5,5,15,8.752420242305112,3.044522437723423,2,VIP,0,6324.9800000000005,20
18246,24,3,758.8199999999999,252.93999999999997,3,610,4,3,3,10,6.633081563123593,1.3862943611198906,1,Regular,0,758.8199999999999,3
18247,415,3,839.73,279.91,28,631,1,3,3,7,6.7342705620531635,1.3862943611198906,4,At Risk,1,839.73,3
18248,123,2,804.02,402.01,39,186,3,3,3,9,6.690867121830435,1.0986122886681096,3,New Customer,0,804.02,2
18249,17,1,95.34,95.34,8,17,5,2,1,8,4.567883601202075,0.6931471805599453,3,New Customer,0,95.34,1
18250,310,1,349.27,349.27000000000004,21,310,2,2,2,6,5.858704285656805,0.6931471805599453,3,New Customer,1,349.27,1
18251,87,9,26278.86,2919.8733333333334,87,718,3,5,5,13,10.176558145339303,2.302585092994046,2,VIP,0,26278.86,9
18252,51,7,1542.09,220.29857142857145,125,721,4,4,4,12,7.341542178594752,2.0794415416798357,1,Regular,0,1542.09,7
18253,643,1,317.88,317.88,7,643,1,2,2,5,5.7648148564644845,0.6931471805599453,0,Lost,1,317.88,1
18254,581,1,267.9,267.9,16,581,1,2,1,4,5.5943395632748185,0.6931471805599453,0,Lost,1,267.9,1
18255,89,2,303.15,151.575,16,456,3,3,2,8,5.717521000766714,1.0986122886681096,3,New Customer,0,303.15,2
18256,388,1,110.7,110.7,10,388,2,2,1,5,4.715816706075155,0.6931471805599453,0,Lost,1,110.7,1
18257,39,12,4600.15,383.3458333333333,219,659,4,5,5,14,8.434061551232393,2.5649493574615367,2,VIP,0,4600.15,12
18258,464,6,2059.67,343.27833333333336,30,573,1,4,4,9,7.630786451622126,1.9459101490553132,4,At Risk,1,2059.67,6
18259,25,7,4318.200000000001,616.8857142857144,51,732,4,4,5,13,8.370825478904077,2.0794415416798357,1,Regular,0,4318.200000000001,7
18260,173,23,9962.11,433.13521739130437,212,724,3,5,5,13,9.206644550835057,3.1780538303479458,2,VIP,0,9962.11,23
18261,43,2,324.24,162.12,19,96,4,3,2,9,5.784563371339637,1.0986122886681096,3,New Customer,0,324.24,2
18262,140,3,577.54,192.51333333333332,40,603,3,3,2,8,6.360507688582179,1.3862943611198906,3,New Customer,0,577.54,3
18263,26,3,1213.1599999999999,404.3866666666666,59,253,4,3,3,10,7.10180775865179,1.3862943611198906,1,Regular,0,1213.1599999999999,3
18264,499,1,603.25,603.25,36,499,1,2,2,5,6.4039880195835925,0.6931471805599453,0,Lost,1,603.25,1
18265,72,2,801.51,400.75500000000005,44,158,3,3,3,9,6.687744315985722,1.0986122886681096,3,New Customer,0,801.51,2
18266,434,1,251.1,251.09999999999997,14,434,1,2,1,4,5.529825834193874,0.6931471805599453,0,Lost,1,251.1,1
18267,673,1,269.37,269.37,17,673,1,2,1,4,5.599791391268202,0.6931471805599453,0,Lost,1,269.37,1
18268,134,6,1490.23,248.37166666666667,36,729,3,4,4,11,7.307356561754713,1.9459101490553132,1,Regular,0,1490.23,6
18269,366,1,337.2,337.20000000000005,7,366,2,2,2,6,5.82363743646448,0.6931471805599453,0,Lost,1,337.2,1
18270,38,3,444.55,148.1833333333333,17,433,4,3,2,9,6.099309474058729,1.3862943611198906,3,New Customer,0,444.55,3
18271,610,2,680.85,340.42500000000007,19,732,1,3,3,7,6.524809692303843,1.0986122886681096,0,Lost,1,680.85,2
18272,3,9,4385.9800000000005,487.33111111111106,145,645,5,5,5,15,8.386396342231729,2.302585092994046,2,VIP,0,4385.9800000000005,9
18273,2,4,357.0,89.25,1,591,5,4,2,11,5.8805329864007,1.6094379124341003,3,New Customer,0,357.0,4
18274,30,1,175.92,175.92000000000002,11,30,4,2,1,7,5.175697653000126,0.6931471805599453,3,New Customer,0,175.92,1
18275,578,2,741.85,370.925,19,731,1,3,3,7,6.610494140083362,1.0986122886681096,4,At Risk,1,741.85,2
18276,44,6,1656.52,276.08666666666676,81,729,4,4,4,12,7.413077788352227,1.9459101490553132,1,Regular,0,1656.52,6
18277,58,5,1180.05,236.01,53,495,4,4,3,11,7.074159152303717,1.791759469228055,1,Regular,0,1180.05,5
18278,74,2,414.20000000000005,207.1,22,405,3,3,2,8,6.028760331851679,1.0986122886681096,3,New Customer,0,414.20000000000005,2
18279,519,1,231.33999999999997,231.34,13,519,1,2,1,4,5.448201816085328,0.6931471805599453,0,Lost,1,231.33999999999997,1
18280,278,2,488.15000000000003,244.07500000000002,28,394,2,3,2,7,6.1926691909034375,1.0986122886681096,4,At Risk,1,488.15000000000003,2
18281,181,2,201.14,100.57000000000001,17,578,3,3,1,7,5.3089605266465165,1.0986122886681096,3,New Customer,1,201.14,2
18282,8,2,178.05,89.025,12,126,5,3,1,9,5.187665096444442,1.0986122886681096,3,New Customer,0,178.05,2
18283,4,22,2736.65,124.39318181818182,352,658,5,5,4,14,7.91485516714414,3.1354942159291497,2,VIP,0,2736.65,22
18284,432,1,461.68,461.68,28,432,1,2,2,5,6.137035670427201,0.6931471805599453,0,Lost,1,461.68,1
18285,661,1,427.0,427.0,12,661,1,2,2,5,6.059123195581797,0.6931471805599453,0,Lost,1,427.0,1
18286,477,2,1296.43,648.215,67,724,1,3,4,8,7.168140663681035,1.0986122886681096,4,At Risk,1,1296.43,2
18287,43,7,4182.99,597.5699999999999,120,572,4,4,5,13,8.339020615684541,2.0794415416798357,1,Regular,0,4182.99,7
